lon,lat,ground,alt,backhaul_ok,backhaul_margin,blocked,cid
109.15421504320568,22.991644124005646,189.9557647705078,489.9557647705078,False,-2.200994459148774,True,0
109.15811977835084,22.991644124005646,162.4461212158203,462.4461212158203,False,-1.7717325196449139,True,1
109.162024513496,22.991644124005646,142.15679931640625,442.15679931640625,False,-1.3219746771207497,True,2
109.16592924864115,22.991644124005646,189.3319854736328,489.3319854736328,False,-0.8532314930955494,True,3
109.1698339837863,22.991644124005646,179.26771545410156,479.26771545410156,False,-0.3566390761672267,True,4
109.17373871893146,22.991644124005646,213.3645477294922,513.3645477294922,True,0.16373710143109577,True,5
109.17764345407662,22.991644124005646,192.81248474121094,492.81248474121094,True,0.7181799671983526,True,6
109.18154818922177,22.991644124005646,223.3863067626953,523.3863067626953,True,1.300405301470164,True,7
109.18545292436693,22.991644124005646,218.02590942382812,518.0259094238281,True,1.9220712246058582,True,8
109.18935765951208,22.991644124005646,359.1514892578125,659.1514892578125,True,2.5576004834412203,True,9
109.19326239465724,22.991644124005646,378.106201171875,678.106201171875,True,13.25171645222622,False,10
109.1971671298024,22.991644124005646,325.29986572265625,625.2998657226562,True,14.008987705845811,False,11
109.20107186494755,22.991644124005646,291.5511474609375,591.5511474609375,True,14.810772113323921,False,12
109.2049766000927,22.991644124005646,356.3801574707031,656.3801574707031,True,15.624983868360218,False,13
109.20888133523786,22.991644124005646,290.0525817871094,590.0525817871094,True,16.529744763041037,False,14
109.21278607038302,22.991644124005646,271.28118896484375,571.2811889648438,True,17.442933655991084,False,15
109.21669080552817,22.991644124005646,224.11109924316406,524.1110992431641,True,18.367981942793037,False,16
109.22059554067333,22.991644124005646,216.61602783203125,516.6160278320312,True,19.207872097909643,False,17
109.22450027581849,22.991644124005646,165.35317993164062,465.3531799316406,True,19.922748035948274,False,18
109.22840501096364,22.991644124005646,208.80133056640625,508.80133056640625,True,20.297932089647418,False,19
109.2323097461088,22.991644124005646,271.2451477050781,571.2451477050781,True,20.287933396049752,False,20
109.23621448125395,22.991644124005646,252.7467041015625,552.7467041015625,True,19.986636512064422,False,21
109.24011921639911,22.991644124005646,237.14695739746094,537.1469573974609,True,9.383597740016128,True,22
109.24402395154426,22.991644124005646,354.347900390625,654.347900390625,True,18.497908154977097,False,23
109.24792868668942,22.991644124005646,394.63226318359375,694.6322631835938,True,17.59585478530269,False,24
109.25183342183458,22.991644124005646,434.3885498046875,734.3885498046875,True,16.68004219263956,False,25
109.25573815697973,22.991644124005646,461.0040588378906,761.0040588378906,True,5.793415977951895,True,26
109.25964289212489,22.991644124005646,457.7751770019531,757.7751770019531,True,4.957985355497115,True,27
109.26354762727004,22.991644124005646,333.4302062988281,633.4302062988281,True,4.202659677758845,True,28
109.2674523624152,22.991644124005646,203.11874389648438,503.1187438964844,True,3.4733498297180603,True,29
109.27135709756035,22.991644124005646,317.7628173828125,617.7628173828125,True,2.7388567844177913,True,30
109.27526183270551,22.991644124005646,449.9661865234375,749.9661865234375,True,2.045327542798347,True,31
109.27916656785067,22.991644124005646,395.0035705566406,695.0035705566406,True,1.4297202330144074,True,32
109.28307130299582,22.991644124005646,228.06051635742188,528.0605163574219,True,0.8597625761597101,True,33
109.28697603814098,22.991644124005646,236.94142150878906,536.9414215087891,True,0.29860470531652084,True,34
109.29088077328613,22.991644124005646,338.9139709472656,638.9139709472656,False,-0.24060862372328984,True,35
109.29478550843129,22.991644124005646,420.724609375,720.724609375,False,-0.749816092736026,True,36
109.15421504320568,22.995261610937476,169.71231079101562,469.7123107910156,False,-2.110422263508184,True,37
109.15811977835084,22.995261610937476,215.06719970703125,515.0671997070312,False,-1.6753611215168007,True,38
109.162024513496,22.995261610937476,218.79901123046875,518.7990112304688,False,-1.2162324048334483,True,39
109.16592924864115,22.995261610937476,247.37503051757812,547.3750305175781,False,-0.7345417433421062,True,40
109.1698339837863,22.995261610937476,320.01043701171875,620.0104370117188,False,-0.2307133331403861,True,41
109.17373871893146,22.995261610937476,259.3355712890625,559.3355712890625,True,0.31512652406047437,True,42
109.17764345407662,22.995261610937476,329.87384033203125,629.8738403320312,True,0.880064886774079,True,43
109.18154818922177,22.995261610937476,304.5450439453125,604.5450439453125,True,1.4931327550461901,True,44
109.18545292436693,22.995261610937476,256.84332275390625,556.8433227539062,True,2.151973308591522,True,45
109.18935765951208,22.995261610937476,224.3293914794922,524.3293914794922,True,2.85671520878563,True,46
109.19326239465724,22.995261610937476,290.5555419921875,590.5555419921875,True,3.5960719771316434,True,47
109.1971671298024,22.995261610937476,315.1257629394531,615.1257629394531,True,4.399075199289371,True,48
109.20107186494755,22.995261610937476,310.5315246582031,610.5315246582031,True,15.274394298716757,False,49
109.2049766000927,22.995261610937476,287.3255920410156,587.3255920410156,True,16.228822963112066,False,50
109.20888133523786,22.995261610937476,207.5533905029297,507.5533905029297,True,17.286667936970204,False,51
109.21278607038302,22.995261610937476,183.86585998535156,483.86585998535156,True,18.397944718007864,False,52
109.21669080552817,22.995261610937476,138.13999938964844,438.13999938964844,True,19.575116328617042,False,53
109.22059554067333,22.995261610937476,142.48617553710938,442.4861755371094,True,20.711921253261593,False,54
109.22450027581849,22.995261610937476,162.62489318847656,462.62489318847656,True,21.682938235106363,False,55
109.22840501096364,22.995261610937476,209.3848419189453,509.3848419189453,True,22.254504292727646,False,56
109.2323097461088,22.995261610937476,239.360107421875,539.360107421875,True,22.28795798646061,False,57
109.23621448125395,22.995261610937476,311.9435729980469,611.9435729980469,True,21.691502097366822,False,58
109.24011921639911,22.995261610937476,364.90771484375,664.90771484375,True,20.740730079630367,False,59
109.24402395154426,22.995261610937476,384.2416076660156,684.2416076660156,True,19.656216877182743,False,60
109.24792868668942,22.995261610937476,495.2024230957031,795.2024230957031,True,18.44290117078492,False,61
109.25183342183458,22.995261610937476,438.7691345214844,738.7691345214844,True,17.422424005752404,False,62
109.25573815697973,22.995261610937476,391.9290771484375,691.9290771484375,True,6.429963081372222,True,63
109.25964289212489,22.995261610937476,291.2182922363281,591.2182922363281,True,5.5136088136182195,True,64
109.26354762727004,22.995261610937476,216.6114501953125,516.6114501953125,True,4.640308326408501,True,65
109.2674523624152,22.995261610937476,264.23443603515625,564.2344360351562,True,3.8012716734454415,True,66
109.27135709756035,22.995261610937476,389.48590087890625,689.4859008789062,True,3.00850789398541,True,67
109.27526183270551,22.995261610937476,483.03411865234375,783.0341186523438,True,2.280034414554933,True,68
109.27916656785067,22.995261610937476,366.05670166015625,666.0567016601562,True,1.644248761526498,True,69
109.28307130299582,22.995261610937476,231.6688690185547,531.6688690185547,True,1.0426210958278972,True,70
109.28697603814098,22.995261610937476,233.41159057617188,533.4115905761719,True,0.45957327681708193,True,71
109.29088077328613,22.995261610937476,371.7071228027344,671.7071228027344,False,-0.10261999525563681,True,72
109.29478550843129,22.995261610937476,475.9939270019531,775.9939270019531,False,-0.6304622258104047,True,73
109.15421504320568,22.998879097869306,282.5331115722656,582.5331115722656,False,-2.046894851336077,True,74
109.15811977835084,22.998879097869306,264.4837341308594,564.4837341308594,False,-1.6015368279050506,True,75
109.162024513496,22.998879097869306,209.1000518798828,509.1000518798828,False,-1.130208213960728,True,76
109.16592924864115,22.998879097869306,200.399169921875,500.399169921875,False,-0.635634770378374,True,77
109.1698339837863,22.998879097869306,172.39381408691406,472.39381408691406,False,-0.11064381492050757,True,78
109.17373871893146,22.998879097869306,194.61231994628906,494.61231994628906,True,0.44312114760728605,True,79
109.17764345407662,22.998879097869306,224.61766052246094,524.6176605224609,True,1.031911784109056,True,80
109.18154818922177,22.998879097869306,309.61737060546875,609.6173706054688,True,1.6530585587664746,True,81
109.18545292436693,22.998879097869306,265.8046875,565.8046875,True,2.3381273596069008,True,82
109.18935765951208,22.998879097869306,244.45904541015625,544.4590454101562,True,3.07465881640195,True,83
109.19326239465724,22.998879097869306,241.09127807617188,541.0912780761719,True,3.870979886043415,True,84
109.1971671298024,22.998879097869306,274.84490966796875,574.8449096679688,True,4.730230875639009,True,85
109.20107186494755,22.998879097869306,299.8656311035156,599.8656311035156,True,5.672319789655631,True,86
109.2049766000927,22.998879097869306,283.96337890625,583.96337890625,True,16.726824361712232,False,87
109.20888133523786,22.998879097869306,201.66432189941406,501.66432189941406,True,17.933527979191723,False,88
109.21278607038302,22.998879097869306,197.37132263183594,497.37132263183594,True,19.240569479484762,False,89
109.21669080552817,22.998879097869306,156.3093719482422,456.3093719482422,True,20.715211730362398,False,90
109.22059554067333,22.998879097869306,128.88217163085938,428.8821716308594,True,22.295649874118837,False,91
109.22450027581849,22.998879097869306,148.82911682128906,448.82911682128906,True,23.775693632039776,False,92
109.22840501096364,22.998879097869306,212.03985595703125,512.0398559570312,True,24.70872840892767,False,93
109.2323097461088,22.998879097869306,252.36239624023438,552.3623962402344,True,24.73995228368834,False,94
109.23621448125395,22.998879097869306,306.56268310546875,606.5626831054688,True,23.78023333828085,False,95
109.24011921639911,22.998879097869306,362.1596374511719,662.1596374511719,True,22.32773558647527,False,96
109.24402395154426,22.998879097869306,344.6501159667969,644.6501159667969,True,20.890629778153823,False,97
109.24792868668942,22.998879097869306,357.9505615234375,657.9505615234375,True,19.45607740312255,False,98
109.25183342183458,22.998879097869306,349.769287109375,649.769287109375,True,18.15824859485336,False,99
109.25573815697973,22.998879097869306,288.8631591796875,588.8631591796875,True,7.007389161186552,True,100
109.25964289212489,22.998879097869306,224.5499725341797,524.5499725341797,True,5.954699779378103,True,101
109.26354762727004,22.998879097869306,271.7603454589844,571.7603454589844,True,4.96343949065438,True,102
109.2674523624152,22.998879097869306,343.81622314453125,643.8162231445312,True,4.057754614498023,True,103
109.27135709756035,22.998879097869306,466.6369323730469,766.6369323730469,True,3.217227541953534,True,104
109.27526183270551,22.998879097869306,356.21307373046875,656.2130737304688,True,2.5017394557180097,True,105
109.27916656785067,22.998879097869306,296.5636901855469,596.5636901855469,True,1.8220030976456059,True,106
109.28307130299582,22.998879097869306,372.2860107421875,672.2860107421875,True,1.1687037304494083,True,107
109.28697603814098,22.998879097869306,314.2795104980469,614.2795104980469,True,0.5770447927709483,True,108
109.29088077328613,22.998879097869306,326.15478515625,626.15478515625,True,0.013108561652131812,True,109
109.29478550843129,22.998879097869306,413.80987548828125,713.8098754882812,False,-0.5253230268114777,True,110
109.15421504320568,23.002496584801136,315.51837158203125,615.5183715820312,False,-2.0008864055106415,True,111
109.15811977835084,23.002496584801136,265.6820068359375,565.6820068359375,False,-1.5483186827226518,True,112
109.162024513496,23.002496584801136,289.2306823730469,589.2306823730469,False,-1.076325043249284,True,113
109.16592924864115,23.002496584801136,305.4495849609375,605.4495849609375,False,-0.5772331198516696,True,114
109.1698339837863,23.002496584801136,249.73236083984375,549.7323608398438,False,-0.041531301700587164,True,115
109.17373871893146,23.002496584801136,196.2613983154297,496.2613983154297,True,0.5285652954659383,True,116
109.17764345407662,23.002496584801136,237.83534240722656,537.8353424072266,True,1.1285973087578611,True,117
109.18154818922177,23.002496584801136,197.5126953125,497.5126953125,True,1.7815892943411455,True,118
109.18545292436693,23.002496584801136,255.9764404296875,555.9764404296875,True,2.4727767870078026,True,119
109.18935765951208,23.002496584801136,256.463623046875,556.463623046875,True,3.230498875832197,True,120
109.19326239465724,23.002496584801136,240.7417449951172,540.7417449951172,True,4.061643089913147,True,121
109.1971671298024,23.002496584801136,265.2454833984375,565.2454833984375,True,4.966434475843812,True,122
109.20107186494755,23.002496584801136,297.42333984375,597.42333984375,True,5.965122480261144,True,123
109.2049766000927,23.002496584801136,224.56008911132812,524.5600891113281,True,7.129861249470494,True,124
109.20888133523786,23.002496584801136,192.92832946777344,492.92832946777344,True,8.441269794526207,True,125
109.21278607038302,23.002496584801136,190.603515625,490.603515625,True,19.940092189728944,False,126
109.21669080552817,23.002496584801136,154.6817626953125,454.6817626953125,True,21.72687332729633,False,127
109.22059554067333,23.002496584801136,136.47145080566406,436.47145080566406,True,23.824272764048587,False,128
109.22450027581849,23.002496584801136,127.40876007080078,427.4087600708008,True,26.19677960926161,False,129
109.22840501096364,23.002496584801136,155.91769409179688,455.9176940917969,True,28.164948413786433,False,130
109.2323097461088,23.002496584801136,197.3462371826172,497.3462371826172,True,28.26214750316153,False,131
109.23621448125395,23.002496584801136,201.05149841308594,501.05149841308594,True,26.5562375146269,False,132
109.24011921639911,23.002496584801136,262.75811767578125,562.7581176757812,True,24.138537209694718,False,133
109.24402395154426,23.002496584801136,278.9938659667969,578.9938659667969,True,22.05447633093928,False,134
109.24792868668942,23.002496584801136,310.14990234375,610.14990234375,True,20.242941941079096,False,135
109.25183342183458,23.002496584801136,272.93890380859375,572.9389038085938,True,8.748280925887201,True,136
109.25573815697973,23.002496584801136,245.8583984375,545.8583984375,True,7.431223328789045,True,137
109.25964289212489,23.002496584801136,250.85302734375,550.85302734375,True,6.257278184438931,True,138
109.26354762727004,23.002496584801136,293.803955078125,593.803955078125,True,5.203047929127294,True,139
109.2674523624152,23.002496584801136,358.1495666503906,658.1495666503906,True,4.2526595767756135,True,140
109.27135709756035,23.002496584801136,482.5975036621094,782.5975036621094,True,3.375874430126572,True,141
109.27526183270551,23.002496584801136,406.6703186035156,706.6703186035156,True,2.6290764162199594,True,142
109.27916656785067,23.002496584801136,459.3702697753906,759.3702697753906,True,1.9102553942214513,True,143
109.28307130299582,23.002496584801136,277.7560119628906,577.7560119628906,True,1.2833894294353456,True,144
109.28697603814098,23.002496584801136,394.1640625,694.1640625,True,0.6549291235921686,True,145
109.29088077328613,23.002496584801136,515.3351440429688,815.3351440429688,True,0.06618006445779656,True,146
109.29478550843129,23.002496584801136,555.287841796875,855.287841796875,False,-0.4748353895594448,True,147
109.15421504320568,23.006114071732966,309.46148681640625,609.4614868164062,False,-1.9743837533668227,True,148
109.15811977835084,23.006114071732966,416.29095458984375,716.2909545898438,False,-1.5308989401823965,True,149
109.162024513496,23.006114071732966,425.76025390625,725.76025390625,False,-1.0561018141399359,True,150
109.16592924864115,23.006114071732966,407.83978271484375,707.8397827148438,False,-0.5511525841510974,True,151
109.1698339837863,23.006114071732966,337.0320739746094,637.0320739746094,False,-0.00912076774397974,True,152
109.17373871893146,23.006114071732966,264.94854736328125,564.9485473632812,True,0.5686990173542341,True,153
109.17764345407662,23.006114071732966,292.7647705078125,592.7647705078125,True,1.1756650168779288,True,154
109.18154818922177,23.006114071732966,301.6738586425781,601.6738586425781,True,1.8299470975866967,True,155
109.18545292436693,23.006114071732966,420.8536071777344,720.8536071777344,True,2.5140944460585786,True,156
109.18935765951208,23.006114071732966,295.7356262207031,595.7356262207031,True,3.309946678323925,True,157
109.19326239465724,23.006114071732966,335.7481689453125,635.7481689453125,True,4.143629045638704,True,158
109.1971671298024,23.006114071732966,305.4190673828125,605.4190673828125,True,5.084863567553214,True,159
109.20107186494755,23.006114071732966,291.42193603515625,591.4219360351562,True,6.133008232575435,True,160
109.2049766000927,23.006114071732966,217.72012329101562,517.7201232910156,True,7.350532317158098,True,161
109.20888133523786,23.006114071732966,215.0587158203125,515.0587158203125,True,18.725208733550176,False,162
109.21278607038302,23.006114071732966,170.1171875,470.1171875,True,10.381947929891126,True,163
109.21669080552817,23.006114071732966,170.26954650878906,470.26954650878906,True,22.367188914918017,False,164
109.22059554067333,23.006114071732966,209.77789306640625,509.77789306640625,True,24.78752757718489,False,165
109.22450027581849,23.006114071732966,181.2034149169922,481.2034149169922,True,28.12878803367684,False,166
109.22840501096364,23.006114071732966,159.29376220703125,459.29376220703125,True,32.326638423847214,False,167
109.2323097461088,23.006114071732966,142.89932250976562,442.8993225097656,True,33.40223180739079,False,168
109.23621448125395,23.006114071732966,196.2803192138672,496.2803192138672,True,29.01190822590398,False,169
109.24011921639911,23.006114071732966,194.8153533935547,494.8153533935547,True,25.562038402957143,False,170
109.24402395154426,23.006114071732966,281.66455078125,581.66455078125,True,22.764807516927164,False,171
109.24792868668942,23.006114071732966,351.67266845703125,651.6726684570312,True,20.649000967426673,False,172
109.25183342183458,23.006114071732966,283.489501953125,583.489501953125,True,19.05969932535622,False,173
109.25573815697973,23.006114071732966,300.8437194824219,600.8437194824219,True,17.63478785035329,False,174
109.25964289212489,23.006114071732966,358.9482727050781,658.9482727050781,True,16.386701085129502,False,175
109.26354762727004,23.006114071732966,336.5823974609375,636.5823974609375,True,15.326376804650778,False,176
109.2674523624152,23.006114071732966,302.6631774902344,602.6631774902344,True,4.379734391546066,True,177
109.27135709756035,23.006114071732966,368.17718505859375,668.1771850585938,True,3.4988559152698286,True,178
109.27526183270551,23.006114071732966,478.39776611328125,778.3977661132812,True,2.6875689790188915,True,179
109.27916656785067,23.006114071732966,452.3316650390625,752.3316650390625,True,1.9761087278442062,True,180
109.28307130299582,23.006114071732966,340.1807556152344,640.1807556152344,True,1.3304124145758323,True,181
109.28697603814098,23.006114071732966,288.0404357910156,588.0404357910156,True,0.716697287947909,True,182
109.29088077328613,23.006114071732966,374.48297119140625,674.4829711914062,True,0.1273015082567639,True,183
109.29478550843129,23.006114071732966,410.8107604980469,710.8107604980469,False,-0.4193645990661423,True,184
109.15421504320568,23.009731558664797,228.24395751953125,528.2439575195312,False,-1.9658248776393492,True,185
109.15811977835084,23.009731558664797,301.3751525878906,601.3751525878906,False,-1.5176120111397466,True,186
109.162024513496,23.009731558664797,388.6324768066406,688.6324768066406,False,-1.0478848847550353,True,187
109.16592924864115,23.009731558664797,320.20428466796875,620.2042846679688,False,-0.5371603821686364,True,188
109.1698339837863,23.009731558664797,280.0918884277344,580.0918884277344,True,0.002516090862982878,True,189
109.17373871893146,23.009731558664797,286.87017822265625,586.8701782226562,True,0.5729874928737644,True,190
109.17764345407662,23.009731558664797,391.59716796875,691.59716796875,True,1.1691470490381306,True,191
109.18154818922177,23.009731558664797,291.0412292480469,591.0412292480469,True,1.8404177916565345,True,192
109.18545292436693,23.009731558664797,388.51287841796875,688.5128784179688,True,2.531570935234228,True,193
109.18935765951208,23.009731558664797,365.93798828125,665.93798828125,True,3.306290613784441,True,194
109.19326239465724,23.009731558664797,497.66534423828125,797.6653442382812,True,14.105945257090525,False,195
109.1971671298024,23.009731558664797,328.8406677246094,628.8406677246094,True,15.09564393784666,False,196
109.20107186494755,23.009731558664797,295.0960998535156,595.0960998535156,True,16.155225398342267,False,197
109.2049766000927,23.009731558664797,305.5928955078125,605.5928955078125,True,17.338147955320395,False,198
109.20888133523786,23.009731558664797,240.85169982910156,540.8516998291016,True,18.75199106558638,False,199
109.21278607038302,23.009731558664797,177.8827667236328,477.8827667236328,True,20.438914585044884,False,200
109.21669080552817,23.009731558664797,210.48770141601562,510.4877014160156,True,22.413906112558166,False,201
109.22059554067333,23.009731558664797,194.29200744628906,494.29200744628906,True,25.001964404298377,False,202
109.22450027581849,23.009731558664797,166.2032470703125,466.2032470703125,True,28.595923001407016,False,203
109.22840501096364,23.009731558664797,161.32106018066406,461.32106018066406,True,33.40593921379093,False,204
109.2323097461088,23.009731558664797,136.2056884765625,436.2056884765625,True,35.01806084232922,False,205
109.23621448125395,23.009731558664797,240.1845703125,540.1845703125,True,29.18576353900093,False,206
109.24011921639911,23.009731558664797,216.7401885986328,516.7401885986328,True,25.70847970805329,False,207
109.24402395154426,23.009731558664797,277.3593444824219,577.3593444824219,True,22.882606949054576,False,208
109.24792868668942,23.009731558664797,351.9835510253906,651.9835510253906,True,20.71578137247684,False,209
109.25183342183458,23.009731558664797,297.91302490234375,597.9130249023438,True,19.09474888631547,False,210
109.25573815697973,23.009731558664797,285.26763916015625,585.2676391601562,True,17.67724922174996,False,211
109.25964289212489,23.009731558664797,382.9930725097656,682.9930725097656,True,16.39968364956455,False,212
109.26354762727004,23.009731558664797,319.6581726074219,619.6581726074219,True,15.352233556784924,False,213
109.2674523624152,23.009731558664797,268.8733825683594,568.8733825683594,True,4.404599858738123,True,214
109.27135709756035,23.009731558664797,336.4377136230469,636.4377136230469,True,3.5197698661436334,True,215
109.27526183270551,23.009731558664797,432.3093566894531,732.3093566894531,True,2.7098720977578097,True,216
109.27916656785067,23.009731558664797,518.655029296875,818.655029296875,True,1.9705327782705524,True,217
109.28307130299582,23.009731558664797,367.93927001953125,667.9392700195312,True,1.3340983544179323,True,218
109.28697603814098,23.009731558664797,345.4913024902344,645.4913024902344,True,0.7165523995567895,True,219
109.29088077328613,23.009731558664797,331.55126953125,631.55126953125,True,0.1382691333789694,True,220
109.29478550843129,23.009731558664797,376.0333251953125,676.0333251953125,False,-0.4102277486329058,True,221
109.15421504320568,23.013349045596627,292.1356201171875,592.1356201171875,False,-1.9881869432758208,True,222
109.15811977835084,23.013349045596627,329.83782958984375,629.8378295898438,False,-1.5403914272236392,True,223
109.162024513496,23.013349045596627,467.1419677734375,767.1419677734375,False,-1.0788301679192358,True,224
109.16592924864115,23.013349045596627,415.0237121582031,715.0237121582031,False,-0.5726919418129341,True,225
109.1698339837863,23.013349045596627,389.76092529296875,689.7609252929688,False,-0.03861598978480174,True,226
109.17373871893146,23.013349045596627,294.8775634765625,594.8775634765625,True,0.5385541533412948,True,227
109.17764345407662,23.013349045596627,335.75,635.75,True,1.1389367675020168,True,228
109.18154818922177,23.013349045596627,368.75445556640625,668.7544555664062,True,1.7830240868316878,True,229
109.18545292436693,23.013349045596627,423.6929016113281,723.6929016113281,True,2.471284781059495,True,230
109.18935765951208,23.013349045596627,493.164306640625,793.164306640625,True,13.209079441645102,False,231
109.19326239465724,23.013349045596627,473.527587890625,773.527587890625,True,14.0391050089911,False,232
109.1971671298024,23.013349045596627,301.0490417480469,601.0490417480469,True,15.01014378263325,False,233
109.20107186494755,23.013349045596627,384.89385986328125,684.8938598632812,True,15.99581753454433,False,234
109.2049766000927,23.013349045596627,284.83966064453125,584.8396606445312,True,17.19143928220558,False,235
109.20888133523786,23.013349045596627,220.8602752685547,520.8602752685547,True,18.547508892749235,False,236
109.21278607038302,23.013349045596627,223.6214141845703,523.6214141845703,True,20.086601670974147,False,237
109.21669080552817,23.013349045596627,233.4794158935547,533.4794158935547,True,21.896640798831115,False,238
109.22059554067333,23.013349045596627,201.58799743652344,501.58799743652344,True,24.138996001386815,False,239
109.22450027581849,23.013349045596627,163.46871948242188,463.4687194824219,True,26.863132498987184,False,240
109.22840501096364,23.013349045596627,132.5202178955078,432.5202178955078,True,29.60774260857515,False,241
109.2323097461088,23.013349045596627,163.65914916992188,463.6591491699219,True,29.833739064609333,False,242
109.23621448125395,23.013349045596627,179.8877716064453,479.8877716064453,True,27.503227835517635,False,243
109.24011921639911,23.013349045596627,189.1697540283203,489.1697540283203,True,24.790839393428456,False,244
109.24402395154426,23.013349045596627,219.19671630859375,519.1967163085938,True,22.43177109163932,False,245
109.24792868668942,23.013349045596627,341.783447265625,641.783447265625,True,20.392295630477406,False,246
109.25183342183458,23.013349045596627,319.8999938964844,619.8999938964844,True,18.843647163328626,False,247
109.25573815697973,23.013349045596627,298.9302062988281,598.9302062988281,True,17.499710508720298,False,248
109.25964289212489,23.013349045596627,346.4341125488281,646.4341125488281,True,16.290152016994043,False,249
109.26354762727004,23.013349045596627,297.7122802734375,597.7122802734375,True,5.259448712513844,True,250
109.2674523624152,23.013349045596627,370.76605224609375,670.7660522460938,True,4.295151749006152,True,251
109.27135709756035,23.013349045596627,286.42608642578125,586.4260864257812,True,3.4651505830421883,True,252
109.27526183270551,23.013349045596627,387.22711181640625,687.2271118164062,True,2.6653921094000452,True,253
109.27916656785067,23.013349045596627,452.7433776855469,752.7433776855469,True,1.9387689382738245,True,254
109.28307130299582,23.013349045596627,379.8448791503906,679.8448791503906,True,1.2922700226486228,True,255
109.28697603814098,23.013349045596627,395.30133056640625,695.3013305664062,True,0.6751551684653236,True,256
109.29088077328613,23.013349045596627,429.89068603515625,729.8906860351562,True,0.09606320688463654,True,257
109.29478550843129,23.013349045596627,441.86273193359375,741.8627319335938,False,-0.44434968337112934,True,258
109.15421504320568,23.016966532528457,301.3392639160156,601.3392639160156,False,-2.0295513454789216,True,259
109.15811977835084,23.016966532528457,401.240478515625,701.240478515625,False,-1.5912700877738502,True,260
109.162024513496,23.016966532528457,507.2646789550781,807.2646789550781,False,-1.1334648417548578,True,261
109.16592924864115,23.016966532528457,432.68304443359375,732.6830444335938,False,-0.6310892077350587,True,262
109.1698339837863,23.016966532528457,451.4303283691406,751.4303283691406,False,-0.11003384359986512,True,263
109.17373871893146,23.016966532528457,361.7055969238281,661.7055969238281,True,0.45785282779760905,True,264
109.17764345407662,23.016966532528457,379.4107360839844,679.4107360839844,True,1.0491519447505908,True,265
109.18154818922177,23.016966532528457,399.0159606933594,699.0159606933594,True,1.681001022130971,True,266
109.18545292436693,23.016966532528457,569.1871337890625,869.1871337890625,True,12.322383852941215,False,267
109.18935765951208,23.016966532528457,521.349365234375,821.349365234375,True,13.066935923919715,False,268
109.19326239465724,23.016966532528457,404.00091552734375,704.0009155273438,True,13.899831303538164,False,269
109.1971671298024,23.016966532528457,371.0177307128906,671.0177307128906,True,14.78629071084869,False,270
109.20107186494755,23.016966532528457,490.7189025878906,790.7189025878906,True,15.69346092412637,False,271
109.2049766000927,23.016966532528457,366.7322998046875,666.7322998046875,True,16.822146228677354,False,272
109.20888133523786,23.016966532528457,252.1181640625,552.1181640625,True,18.08857185553026,False,273
109.21278607038302,23.016966532528457,266.75274658203125,566.7527465820312,True,19.43653597748039,False,274
109.21669080552817,23.016966532528457,247.82810974121094,547.8281097412109,True,20.976770645948307,False,275
109.22059554067333,23.016966532528457,243.26068115234375,543.2606811523438,True,22.65132862195074,False,276
109.22450027581849,23.016966532528457,207.2987060546875,507.2987060546875,True,24.400681229376048,False,277
109.22840501096364,23.016966532528457,180.83560180664062,480.8356018066406,True,25.740964727872694,False,278
109.2323097461088,23.016966532528457,147.10598754882812,447.1059875488281,True,26.00512848080467,False,279
109.23621448125395,23.016966532528457,165.34718322753906,465.34718322753906,True,24.882889152428206,False,280
109.24011921639911,23.016966532528457,148.2489013671875,448.2489013671875,True,23.235600217500874,False,281
109.24402395154426,23.016966532528457,192.36326599121094,492.36326599121094,True,21.451318076446853,False,282
109.24792868668942,23.016966532528457,209.86502075195312,509.8650207519531,True,19.852861053213488,False,283
109.25183342183458,23.016966532528457,290.9163818359375,590.9163818359375,True,18.392688505017702,False,284
109.25573815697973,23.016966532528457,316.9443054199219,616.9443054199219,True,17.139587869824553,False,285
109.25964289212489,23.016966532528457,327.2665100097656,627.2665100097656,True,6.0305088228654995,True,286
109.26354762727004,23.016966532528457,344.8877258300781,644.8877258300781,True,5.031030058053943,True,287
109.2674523624152,23.016966532528457,348.196533203125,648.196533203125,True,4.130627826582582,True,288
109.27135709756035,23.016966532528457,335.45806884765625,635.4580688476562,True,3.31256259682047,True,289
109.27526183270551,23.016966532528457,326.9418640136719,626.9418640136719,True,2.5593383923955173,True,290
109.27916656785067,23.016966532528457,367.01092529296875,667.0109252929688,True,1.8548216589839797,True,291
109.28307130299582,23.016966532528457,442.7635498046875,742.7635498046875,True,1.195446872465638,True,292
109.28697603814098,23.016966532528457,444.62005615234375,744.6200561523438,True,0.592881673782486,True,293
109.29088077328613,23.016966532528457,498.8154602050781,798.8154602050781,True,0.02081866955720102,True,294
109.29478550843129,23.016966532528457,615.7001342773438,915.7001342773438,False,-0.5257245509978503,True,295
109.15421504320568,23.020584019460287,366.2568054199219,666.2568054199219,False,-2.0961541596321354,True,296
109.15811977835084,23.020584019460287,444.2311096191406,744.2311096191406,False,-1.6638686180186255,True,297
109.162024513496,23.020584019460287,476.2546691894531,776.2546691894531,False,-1.2066005289653674,True,298
109.16592924864115,23.020584019460287,594.5993041992188,894.5993041992188,False,-0.7370155244726107,True,299
109.1698339837863,23.020584019460287,479.6291198730469,779.6291198730469,False,-0.2103068632258953,True,300
109.17373871893146,23.020584019460287,412.1202087402344,712.1202087402344,True,0.3414054643069022,True,301
109.17764345407662,23.020584019460287,410.4885559082031,710.4885559082031,True,0.9187385346151302,True,302
109.18154818922177,23.020584019460287,417.83306884765625,717.8330688476562,True,1.5325259856032432,True,303
109.18545292436693,23.020584019460287,555.3993530273438,855.3993530273438,True,12.158124663630062,False,304
109.18935765951208,23.020584019460287,490.43621826171875,790.4362182617188,True,12.877109995279312,False,305
109.19326239465724,23.020584019460287,421.5718994140625,721.5718994140625,True,13.655346618089538,False,306
109.1971671298024,23.020584019460287,495.7259216308594,795.7259216308594,True,14.449268659183062,False,307
109.20107186494755,23.020584019460287,469.40069580078125,769.4006958007812,True,15.346706480413204,False,308
109.2049766000927,23.020584019460287,366.5419921875,666.5419921875,True,16.364741532567066,False,309
109.20888133523786,23.020584019460287,282.9241943359375,582.9241943359375,True,17.470468227699982,False,310
109.21278607038302,23.020584019460287,280.4220275878906,580.4220275878906,True,18.625053834101806,False,311
109.21669080552817,23.020584019460287,221.6363525390625,521.6363525390625,True,19.89535423994542,False,312
109.22059554067333,23.020584019460287,175.80886840820312,475.8088684082031,True,21.18254670683072,False,313
109.22450027581849,23.020584019460287,151.8445281982422,451.8445281982422,True,22.33120851711267,False,314
109.22840501096364,23.020584019460287,155.47238159179688,455.4723815917969,True,23.06745746881363,False,315
109.2323097461088,23.020584019460287,143.7794189453125,443.7794189453125,True,23.175308042230483,False,316
109.23621448125395,23.020584019460287,160.12255859375,460.12255859375,True,22.557049215052118,False,317
109.24011921639911,23.020584019460287,148.4192352294922,448.4192352294922,True,21.513715867617776,False,318
109.24402395154426,23.020584019460287,198.67686462402344,498.67686462402344,True,20.231909049362983,False,319
109.24792868668942,23.020584019460287,238.410400390625,538.410400390625,True,18.958966068938622,False,320
109.25183342183458,23.020584019460287,225.73388671875,525.73388671875,True,17.785337824824552,False,321
109.25573815697973,23.020584019460287,288.65924072265625,588.6592407226562,True,16.662444809109346,False,322
109.25964289212489,23.020584019460287,248.28465270996094,548.2846527099609,True,5.67426239642559,True,323
109.26354762727004,23.020584019460287,333.80657958984375,633.8065795898438,True,4.726424979888819,True,324
109.2674523624152,23.020584019460287,328.20538330078125,628.2053833007812,True,3.8838308001436133,True,325
109.27135709756035,23.020584019460287,385.9914245605469,685.9914245605469,True,3.0910587325486745,True,326
109.27526183270551,23.020584019460287,369.8135986328125,669.8135986328125,True,2.3740764631748874,True,327
109.27916656785067,23.020584019460287,337.0865173339844,637.0865173339844,True,1.7087739771467056,True,328
109.28307130299582,23.020584019460287,433.7980651855469,733.7980651855469,True,1.0669245842814234,True,329
109.28697603814098,23.020584019460287,551.5187377929688,851.5187377929688,True,0.46238644438403753,True,330
109.29088077328613,23.020584019460287,602.118408203125,902.118408203125,False,-0.09443271596332181,True,331
109.29478550843129,23.020584019460287,614.2144165039062,914.2144165039062,False,-0.6133712638634705,True,332
109.15421504320568,23.024201506392117,372.0948181152344,672.0948181152344,False,-2.17937343053228,True,333
109.15811977835084,23.024201506392117,381.34979248046875,681.3497924804688,False,-1.7500259140579288,True,334
109.162024513496,23.024201506392117,367.9116516113281,667.9116516113281,False,-1.2978601440155728,True,335
109.16592924864115,23.024201506392117,410.8765563964844,710.8765563964844,False,-0.8279910296260766,True,336
109.1698339837863,23.024201506392117,360.5327453613281,660.5327453613281,False,-0.3236019692910048,True,337
109.17373871893146,23.024201506392117,497.75555419921875,797.7555541992188,True,0.1851801535711246,True,338
109.17764345407662,23.024201506392117,523.1030883789062,823.1030883789062,True,10.7360953249256,False,339
109.18154818922177,23.024201506392117,504.974609375,804.974609375,True,11.327667265644521,False,340
109.18545292436693,23.024201506392117,412.3987731933594,712.3987731933594,True,11.972323463020672,False,341
109.18935765951208,23.024201506392117,400.640869140625,700.640869140625,True,12.643495295851551,False,342
109.19326239465724,23.024201506392117,475.67681884765625,775.6768188476562,True,13.336055334931416,False,343
109.1971671298024,23.024201506392117,485.035400390625,785.035400390625,True,14.090903487938732,False,344
109.20107186494755,23.024201506392117,422.69384765625,722.69384765625,True,14.924515227900358,False,345
109.2049766000927,23.024201506392117,397.0851745605469,697.0851745605469,True,15.800188808315056,False,346
109.20888133523786,23.024201506392117,253.555908203125,553.555908203125,True,16.78514076254632,False,347
109.21278607038302,23.024201506392117,274.276123046875,574.276123046875,True,17.73802742172505,False,348
109.21669080552817,23.024201506392117,204.49044799804688,504.4904479980469,True,18.749912325227484,False,349
109.22059554067333,23.024201506392117,244.45278930664062,544.4527893066406,True,19.639137509352977,False,350
109.22450027581849,23.024201506392117,177.49349975585938,477.4934997558594,True,20.452167623301435,False,351
109.22840501096364,23.024201506392117,135.8319549560547,435.8319549560547,True,20.95367454465142,False,352
109.2323097461088,23.024201506392117,198.35421752929688,498.3542175292969,True,20.954481924776303,False,353
109.23621448125395,23.024201506392117,181.6881561279297,481.6881561279297,True,20.60028014327483,False,354
109.24011921639911,23.024201506392117,235.8490447998047,535.8490447998047,True,19.857369776309483,False,355
109.24402395154426,23.024201506392117,215.34007263183594,515.3400726318359,True,18.984604895211362,False,356
109.24792868668942,23.024201506392117,310.1813659667969,610.1813659667969,True,17.962081555579942,False,357
109.25183342183458,23.024201506392117,219.413818359375,519.413818359375,True,17.041419137637646,False,358
109.25573815697973,23.024201506392117,200.75672912597656,500.75672912597656,True,16.106399165306073,False,359
109.25964289212489,23.024201506392117,251.64950561523438,551.6495056152344,True,5.199178005011433,True,360
109.26354762727004,23.024201506392117,293.75567626953125,593.7556762695312,True,4.352539648537103,True,361
109.2674523624152,23.024201506392117,346.0938415527344,646.0938415527344,True,3.559833764054858,True,362
109.27135709756035,23.024201506392117,363.78057861328125,663.7805786132812,True,2.828148574798746,True,363
109.27526183270551,23.024201506392117,409.2740783691406,709.2740783691406,True,2.138204067652424,True,364
109.27916656785067,23.024201506392117,356.8348693847656,656.8348693847656,True,1.5092507368070898,True,365
109.28307130299582,23.024201506392117,358.6226501464844,658.6226501464844,True,0.9081823588591504,True,366
109.28697603814098,23.024201506392117,414.71484375,714.71484375,True,0.33485123745381884,True,367
109.29088077328613,23.024201506392117,483.05218505859375,783.0521850585938,False,-0.20768702596826927,True,368
109.29478550843129,23.024201506392117,489.9281005859375,789.9281005859375,False,-0.7131029487161697,True,369
109.15421504320568,23.027818993323947,336.115478515625,636.115478515625,False,-2.279200402369412,True,370
109.15811977835084,23.027818993323947,313.5322570800781,613.5322570800781,False,-1.857851088556231,True,371
109.162024513496,23.027818993323947,348.71063232421875,648.7106323242188,False,-1.4212056807980673,True,372
109.16592924864115,23.027818993323947,319.1921081542969,619.1921081542969,False,-0.9585615486049903,True,373
109.1698339837863,23.027818993323947,368.5397033691406,668.5397033691406,False,-0.4802104766507256,True,374
109.17373871893146,23.027818993323947,375.1997985839844,675.1997985839844,True,0.02640642208531574,True,375
109.17764345407662,23.027818993323947,405.32061767578125,705.3206176757812,True,0.556385593298728,True,376
109.18154818922177,23.027818993323947,363.18096923828125,663.1809692382812,True,1.1253410972602467,True,377
109.18545292436693,23.027818993323947,375.364501953125,675.364501953125,True,1.7177683556892305,True,378
109.18935765951208,23.027818993323947,341.2725830078125,641.2725830078125,True,2.3519106694070615,True,379
109.19326239465724,23.027818993323947,360.5344543457031,660.5344543457031,True,13.011237095127655,False,380
109.1971671298024,23.027818993323947,382.2012939453125,682.2012939453125,True,13.704243435776974,False,381
109.20107186494755,23.027818993323947,360.6912841796875,660.6912841796875,True,14.443914692765844,False,382
109.2049766000927,23.027818993323947,387.1579895019531,687.1579895019531,True,15.19833766112032,False,383
109.20888133523786,23.027818993323947,379.44403076171875,679.4440307617188,True,15.985659111768939,False,384
109.21278607038302,23.027818993323947,315.0395812988281,615.0395812988281,True,16.80595211936476,False,385
109.21669080552817,23.027818993323947,279.4473876953125,579.4473876953125,True,17.588723737351614,False,386
109.22059554067333,23.027818993323947,249.2379150390625,549.2379150390625,True,18.29340300697092,False,387
109.22450027581849,23.027818993323947,170.3009033203125,470.3009033203125,True,18.881743715650288,False,388
109.22840501096364,23.027818993323947,151.22267150878906,451.22267150878906,True,19.212121082181525,False,389
109.2323097461088,23.027818993323947,149.25010681152344,449.25010681152344,True,19.250728159365508,False,390
109.23621448125395,23.027818993323947,163.21034240722656,463.21034240722656,True,18.99076834146085,False,391
109.24011921639911,23.027818993323947,181.5545196533203,481.5545196533203,True,18.485805536488215,False,392
109.24402395154426,23.027818993323947,214.0330352783203,514.0330352783203,True,17.807060492868914,False,393
109.24792868668942,23.027818993323947,228.09165954589844,528.0916595458984,True,17.044496798984326,False,394
109.25183342183458,23.027818993323947,231.91575622558594,531.9157562255859,True,16.248034176434942,False,395
109.25573815697973,23.027818993323947,254.0645751953125,554.0645751953125,True,15.443789196345875,False,396
109.25964289212489,23.027818993323947,210.42161560058594,510.42161560058594,True,14.677329089022194,False,397
109.26354762727004,23.027818993323947,247.9250946044922,547.9250946044922,True,3.9206421218925556,True,398
109.2674523624152,23.027818993323947,353.7210998535156,653.7210998535156,True,3.186392319601495,True,399
109.27135709756035,23.027818993323947,347.06640625,647.06640625,True,2.5154166392569124,True,400
109.27526183270551,23.027818993323947,350.1302795410156,650.1302795410156,True,1.8778530570928922,True,401
109.27916656785067,23.027818993323947,361.0800476074219,661.0800476074219,True,1.2731458799785855,True,402
109.28307130299582,23.027818993323947,355.90948486328125,655.9094848632812,True,0.7028185926497201,True,403
109.28697603814098,23.027818993323947,455.4753112792969,755.4753112792969,True,0.14858533529162798,True,404
109.29088077328613,23.027818993323947,331.4346008300781,631.4346008300781,False,-0.35036253305429454,True,405
109.29478550843129,23.027818993323947,329.9712829589844,629.9712829589844,False,-0.8393905652504969,True,406
109.15421504320568,23.031436480255778,406.78570556640625,706.7857055664062,False,-2.4042060630555397,True,407
109.15811977835084,23.031436480255778,319.2581481933594,619.2581481933594,False,-1.990611320681353,True,408
109.162024513496,23.031436480255778,381.32427978515625,681.3242797851562,False,-1.5699695043133488,True,409
109.16592924864115,23.031436480255778,353.01263427734375,653.0126342773438,False,-1.1236857716274926,True,410
109.1698339837863,23.031436480255778,332.9110107421875,632.9110107421875,False,-0.6576385002292682,True,411
109.17373871893146,23.031436480255778,343.8658752441406,643.8658752441406,False,-0.1728930148135106,True,412
109.17764345407662,23.031436480255778,306.58123779296875,606.5812377929688,True,0.3400127734243483,True,413
109.18154818922177,23.031436480255778,318.1822814941406,618.1822814941406,True,0.8719402711266611,True,414
109.18545292436693,23.031436480255778,313.8221740722656,613.8221740722656,True,1.4311022929893085,True,415
109.18935765951208,23.031436480255778,339.4830017089844,639.4830017089844,True,12.011393924141856,False,416
109.19326239465724,23.031436480255778,378.3013000488281,678.3013000488281,True,12.613243124498538,False,417
109.1971671298024,23.031436480255778,355.1768493652344,655.1768493652344,True,13.251822407628168,False,418
109.20107186494755,23.031436480255778,354.20794677734375,654.2079467773438,True,13.906565200331002,False,419
109.2049766000927,23.031436480255778,346.5231018066406,646.5231018066406,True,14.57738561192103,False,420
109.20888133523786,23.031436480255778,335.48663330078125,635.4866333007812,True,15.252152824093812,False,421
109.21278607038302,23.031436480255778,256.4483947753906,556.4483947753906,True,15.937158373218253,False,422
109.21669080552817,23.031436480255778,206.5680694580078,506.5680694580078,True,16.57026718582611,False,423
109.22059554067333,23.031436480255778,161.48912048339844,461.48912048339844,True,17.120805183411164,False,424
109.22450027581849,23.031436480255778,191.51101684570312,491.5110168457031,True,17.514357578717238,False,425
109.22840501096364,23.031436480255778,207.45095825195312,507.4509582519531,True,17.737764060763297,False,426
109.2323097461088,23.031436480255778,152.33058166503906,452.33058166503906,True,17.78867697920552,False,427
109.23621448125395,23.031436480255778,201.11798095703125,501.11798095703125,True,17.586544033582257,False,428
109.24011921639911,23.031436480255778,146.99652099609375,446.99652099609375,True,17.242897368476648,False,429
109.24402395154426,23.031436480255778,147.31414794921875,447.31414794921875,True,16.7351677679804,False,430
109.24792868668942,23.031436480255778,199.95803833007812,499.9580383300781,True,16.11756319784567,False,431
109.25183342183458,23.031436480255778,251.53689575195312,551.5368957519531,True,15.449280991361661,False,432
109.25573815697973,23.031436480255778,188.83409118652344,488.83409118652344,True,14.791505859198097,False,433
109.25964289212489,23.031436480255778,261.7935485839844,561.7935485839844,True,14.098931899296261,False,434
109.26354762727004,23.031436480255778,277.64263916015625,577.6426391601562,True,13.433436337293884,False,435
109.2674523624152,23.031436480255778,286.3211669921875,586.3211669921875,True,2.7899995421144297,True,436
109.27135709756035,23.031436480255778,315.43402099609375,615.4340209960938,True,2.1675908656882683,True,437
109.27526183270551,23.031436480255778,371.9139099121094,671.9139099121094,True,1.567522504587913,True,438
109.27916656785067,23.031436480255778,425.9746398925781,725.9746398925781,True,0.995195085535201,True,439
109.28307130299582,23.031436480255778,373.72802734375,673.72802734375,True,0.46458144899960985,True,440
109.28697603814098,23.031436480255778,344.2120361328125,644.2120361328125,False,-0.046360906047723915,True,441
109.29088077328613,23.031436480255778,319.8625183105469,619.8625183105469,False,-0.5354876897512639,True,442
109.29478550843129,23.031436480255778,268.1178283691406,568.1178283691406,False,-1.0012346698831323,True,443
109.15421504320568,23.035053967187608,337.8926086425781,637.8926086425781,False,-2.5364258212764526,True,444
109.15811977835084,23.035053967187608,326.65673828125,626.65673828125,False,-2.141189272104498,True,445
109.162024513496,23.035053967187608,279.52801513671875,579.5280151367188,False,-1.7277770417184684,True,446
109.16592924864115,23.035053967187608,319.9332580566406,619.9332580566406,False,-1.303643961572007,True,447
109.1698339837863,23.035053967187608,295.1015625,595.1015625,False,-0.8572674912046097,True,448
109.17373871893146,23.035053967187608,280.68560791015625,580.6856079101562,False,-0.39314897572398877,True,449
109.17764345407662,23.035053967187608,303.8447265625,603.8447265625,True,0.08656642768444556,True,450
109.18154818922177,23.035053967187608,330.9488525390625,630.9488525390625,True,0.5846636543409858,True,451
109.18545292436693,23.035053967187608,354.8538513183594,654.8538513183594,True,11.101827407241814,False,452
109.18935765951208,23.035053967187608,403.4085693359375,703.4085693359375,True,11.63265738898923,False,453
109.19326239465724,23.035053967187608,342.7524719238281,642.7524719238281,True,2.199828337482586,True,454
109.1971671298024,23.035053967187608,410.8055419921875,710.8055419921875,True,12.75631893032346,False,455
109.20107186494755,23.035053967187608,376.40740966796875,676.4074096679688,True,13.344225092184033,False,456
109.2049766000927,23.035053967187608,412.4051208496094,712.4051208496094,True,13.914979292781013,False,457
109.20888133523786,23.035053967187608,348.7962341308594,648.7962341308594,True,14.505371572655193,False,458
109.21278607038302,23.035053967187608,275.1197509765625,575.1197509765625,True,15.073825290536604,False,459
109.21669080552817,23.035053967187608,182.8842315673828,482.8842315673828,True,15.598582717417983,False,460
109.22059554067333,23.035053967187608,203.96713256835938,503.9671325683594,True,16.01315411545127,False,461
109.22450027581849,23.035053967187608,188.13772583007812,488.1377258300781,True,16.32951323392642,False,462
109.22840501096364,23.035053967187608,234.8101806640625,534.8101806640625,True,16.487315630178514,False,463
109.2323097461088,23.035053967187608,170.4427032470703,470.4427032470703,True,16.529938434434357,False,464
109.23621448125395,23.035053967187608,187.09805297851562,487.0980529785156,True,16.38791193228522,False,465
109.24011921639911,23.035053967187608,200.54696655273438,500.5469665527344,True,16.10454669763878,False,466
109.24402395154426,23.035053967187608,152.30174255371094,452.30174255371094,True,15.721885365404546,False,467
109.24792868668942,23.035053967187608,211.6713104248047,511.6713104248047,True,15.223800556627396,False,468
109.25183342183458,23.035053967187608,221.0782470703125,521.0782470703125,True,14.682695629530556,False,469
109.25573815697973,23.035053967187608,186.0552978515625,486.0552978515625,True,14.118626555297482,False,470
109.25964289212489,23.035053967187608,232.36672973632812,532.3667297363281,True,13.52430967598788,False,471
109.26354762727004,23.035053967187608,211.09951782226562,511.0995178222656,True,12.942342744729544,False,472
109.2674523624152,23.035053967187608,246.40367126464844,546.4036712646484,True,12.359653134793916,False,473
109.27135709756035,23.035053967187608,274.5480651855469,574.5480651855469,True,1.7928363714178772,True,474
109.27526183270551,23.035053967187608,380.70745849609375,680.7074584960938,True,1.232629592981496,True,475
109.27916656785067,23.035053967187608,363.73956298828125,663.7395629882812,True,0.7103511663550819,True,476
109.28307130299582,23.035053967187608,304.0149230957031,604.0149230957031,True,0.21161897559797183,True,477
109.28697603814098,23.035053967187608,312.9703063964844,612.9703063964844,False,-0.27593625374211683,True,478
109.29088077328613,23.035053967187608,311.20404052734375,611.2040405273438,False,-0.7432108566666784,True,479
109.29478550843129,23.035053967187608,245.7225341796875,545.7225341796875,False,-1.1874112773673318,True,480
109.15421504320568,23.038671454119438,306.55029296875,606.55029296875,False,-2.6863665294877137,True,481
109.15811977835084,23.038671454119438,279.63720703125,579.63720703125,False,-2.3043098396399273,True,482
109.162024513496,23.038671454119438,259.7756652832031,559.7756652832031,False,-1.908730400677669,True,483
109.16592924864115,23.038671454119438,337.1279296875,637.1279296875,False,-1.5053472766929161,True,484
109.1698339837863,23.038671454119438,284.8987121582031,584.8987121582031,False,-1.0780633119209142,True,485
109.17373871893146,23.038671454119438,293.0416259765625,593.0416259765625,False,-0.6400651781066244,True,486
109.17764345407662,23.038671454119438,352.3293151855469,652.3293151855469,False,-0.19208307841739725,True,487
109.18154818922177,23.038671454119438,444.880126953125,744.880126953125,True,10.264332972620338,False,488
109.18545292436693,23.038671454119438,408.8630676269531,708.8630676269531,True,0.7511851670323608,True,489
109.18935765951208,23.038671454119438,473.55596923828125,773.5559692382812,True,11.234726314668393,False,490
109.19326239465724,23.038671454119438,384.8967590332031,684.8967590332031,True,1.7556695358241967,True,491
109.1971671298024,23.038671454119438,421.762939453125,721.762939453125,True,2.2605741633647654,True,492
109.20107186494755,23.038671454119438,492.1741027832031,792.1741027832031,True,12.755303565671156,False,493
109.2049766000927,23.038671454119438,382.2458190917969,682.2458190917969,True,13.288995704592537,False,494
109.20888133523786,23.038671454119438,374.80712890625,674.80712890625,True,13.779479022705374,False,495
109.21278607038302,23.038671454119438,281.26116943359375,581.2611694335938,True,14.261748729176617,False,496
109.21669080552817,23.038671454119438,205.18116760253906,505.18116760253906,True,14.689090925279814,False,497
109.22059554067333,23.038671454119438,241.59539794921875,541.5953979492188,True,15.01774385927736,False,498
109.22450027581849,23.038671454119438,220.91397094726562,520.9139709472656,True,15.269189196037686,False,499
109.22840501096364,23.038671454119438,258.2586364746094,558.2586364746094,True,15.394105737108333,False,500
109.2323097461088,23.038671454119438,178.15574645996094,478.15574645996094,True,15.43247690995861,False,501
109.23621448125395,23.038671454119438,177.76478576660156,477.76478576660156,True,15.326014947376436,False,502
109.24011921639911,23.038671454119438,152.59217834472656,452.59217834472656,True,15.11162575678749,False,503
109.24402395154426,23.038671454119438,154.6657257080078,454.6657257080078,True,14.793484143321479,False,504
109.24792868668942,23.038671454119438,189.93576049804688,489.9357604980469,True,14.392036833996485,False,505
109.25183342183458,23.038671454119438,175.94371032714844,475.94371032714844,True,13.945003801325797,False,506
109.25573815697973,23.038671454119438,236.13839721679688,536.1383972167969,True,13.447715099241677,False,507
109.25964289212489,23.038671454119438,259.3084716796875,559.3084716796875,True,12.93690088908825,False,508
109.26354762727004,23.038671454119438,238.6561279296875,538.6561279296875,True,2.4245314806616705,True,509
109.2674523624152,23.038671454119438,259.9021911621094,559.9021911621094,True,11.905265886493822,False,510
109.27135709756035,23.038671454119438,304.49749755859375,604.4974975585938,True,11.38921187404398,False,511
109.27526183270551,23.038671454119438,320.49688720703125,620.4968872070312,True,10.887692126678942,False,512
109.27916656785067,23.038671454119438,306.74896240234375,606.7489624023438,True,0.4025576237284554,True,513
109.28307130299582,23.038671454119438,307.7855529785156,607.7855529785156,False,-0.070226182372636,True,514
109.28697603814098,23.038671454119438,328.9324645996094,628.9324645996094,False,-0.5298330747963576,True,515
109.29088077328613,23.038671454119438,249.95167541503906,549.9516754150391,False,-0.9658447448466774,True,516
109.29478550843129,23.038671454119438,244.92593383789062,544.9259338378906,False,-1.3930844028301266,True,517
109.15421504320568,23.042288941051268,241.8412322998047,541.8412322998047,False,-2.848222315112821,True,518
109.15811977835084,23.042288941051268,297.0983581542969,597.0983581542969,False,-2.4851629961887625,True,519
109.162024513496,23.042288941051268,261.9637756347656,561.9637756347656,False,-2.105530133867063,True,520
109.16592924864115,23.042288941051268,373.5152893066406,673.5152893066406,False,-1.7234556690943492,True,521
109.1698339837863,23.042288941051268,379.1163330078125,679.1163330078125,False,-1.322547611221907,True,522
109.17373871893146,23.042288941051268,384.90283203125,684.90283203125,False,-0.9096247302607026,True,523
109.17764345407662,23.042288941051268,321.42987060546875,621.4298706054688,False,-0.4780562938937152,True,524
109.18154818922177,23.042288941051268,401.20928955078125,701.2092895507812,False,-0.05002833100874682,True,525
109.18545292436693,23.042288941051268,442.7916259765625,742.7916259765625,True,0.39015868770846396,True,526
109.18935765951208,23.042288941051268,524.1800537109375,824.1800537109375,True,10.829505810326964,False,527
109.19326239465724,23.042288941051268,463.9461364746094,763.9461364746094,True,1.2976457387364633,True,528
109.1971671298024,23.042288941051268,435.9251403808594,735.9251403808594,True,1.7616376083947216,True,529
109.20107186494755,23.042288941051268,450.2997741699219,750.2997741699219,True,12.212460574180156,False,530
109.2049766000927,23.042288941051268,465.9852600097656,765.9852600097656,True,12.649573875795511,False,531
109.20888133523786,23.042288941051268,365.6012878417969,665.6012878417969,True,13.093371590703569,False,532
109.21278607038302,23.042288941051268,344.31549072265625,644.3154907226562,True,13.48486744846764,False,533
109.21669080552817,23.042288941051268,270.7164001464844,570.7164001464844,True,13.84126552046746,False,534
109.22059554067333,23.042288941051268,278.3760986328125,578.3760986328125,True,14.115711034650758,False,535
109.22450027581849,23.042288941051268,241.30162048339844,541.3016204833984,True,14.323259949702589,False,536
109.22840501096364,23.042288941051268,194.43910217285156,494.43910217285156,True,14.443049865049971,False,537
109.2323097461088,23.042288941051268,156.02244567871094,456.02244567871094,True,14.463279535595063,False,538
109.23621448125395,23.042288941051268,163.41888427734375,463.41888427734375,True,14.376431335020982,False,539
109.24011921639911,23.042288941051268,251.3257598876953,551.3257598876953,True,14.18035230353945,False,540
109.24402395154426,23.042288941051268,159.64886474609375,459.64886474609375,True,13.940092987126704,False,541
109.24792868668942,23.042288941051268,196.4843292236328,496.4843292236328,True,13.60724078319042,False,542
109.25183342183458,23.042288941051268,217.8214111328125,517.8214111328125,True,13.225276048986046,False,543
109.25573815697973,23.042288941051268,246.92222595214844,546.9222259521484,True,12.804726704764974,False,544
109.25964289212489,23.042288941051268,201.68450927734375,501.68450927734375,True,12.370774111198585,False,545
109.26354762727004,23.042288941051268,248.72789001464844,548.7278900146484,True,11.908949135202292,False,546
109.2674523624152,23.042288941051268,241.96888732910156,541.9688873291016,True,1.4482887939590512,True,547
109.27135709756035,23.042288941051268,357.968505859375,657.968505859375,True,10.97196497549217,False,548
109.27526183270551,23.042288941051268,373.87469482421875,673.8746948242188,True,10.513862195821005,False,549
109.27916656785067,23.042288941051268,323.23193359375,623.23193359375,True,10.07101905661844,False,550
109.28307130299582,23.042288941051268,292.87139892578125,592.8713989257812,False,-0.36576977458472015,True,551
109.28697603814098,23.042288941051268,254.81248474121094,554.8124847412109,False,-0.7917634816264751,True,552
109.29088077328613,23.042288941051268,243.0259246826172,543.0259246826172,False,-1.2084637102718148,True,553
109.29478550843129,23.042288941051268,238.21563720703125,538.2156372070312,False,-1.6135465785417296,True,554
109.15421504320568,23.0459064279831,299.09527587890625,599.0952758789062,False,-3.027627525189871,True,555
109.15811977835084,23.0459064279831,243.20458984375,543.20458984375,False,-2.6742724822634045,True,556
109.162024513496,23.0459064279831,399.2193603515625,699.2193603515625,False,-2.3230589005538036,True,557
109.16592924864115,23.0459064279831,357.149169921875,657.149169921875,False,-1.949934958380993,True,558
109.1698339837863,23.0459064279831,447.58050537109375,747.5805053710938,False,-1.5775834203999466,True,559
109.17373871893146,23.0459064279831,483.9591064453125,783.9591064453125,False,-1.192564386739491,True,560
109.17764345407662,23.0459064279831,404.2603454589844,704.2603454589844,False,-0.7866849713372943,True,561
109.18154818922177,23.0459064279831,348.8472595214844,648.8472595214844,False,-0.375198507376723,True,562
109.18545292436693,23.0459064279831,336.98187255859375,636.9818725585938,True,0.03831226941410648,True,563
109.18935765951208,23.0459064279831,368.99456787109375,668.9945678710938,True,0.4505247657910445,True,564
109.19326239465724,23.0459064279831,380.70703125,680.70703125,True,0.8653625152400224,True,565
109.1971671298024,23.0459064279831,462.8299560546875,762.8299560546875,True,1.2642308530711972,True,566
109.20107186494755,23.0459064279831,532.9900512695312,832.9900512695312,True,11.65194249811887,False,567
109.2049766000927,23.0459064279831,458.91229248046875,758.9122924804688,True,12.0540884078233,False,568
109.20888133523786,23.0459064279831,350.0624694824219,650.0624694824219,True,12.439800215212188,False,569
109.21278607038302,23.0459064279831,304.2590026855469,604.2590026855469,True,12.779096475734974,False,570
109.21669080552817,23.0459064279831,276.0819396972656,576.0819396972656,True,13.070542630932366,False,571
109.22059554067333,23.0459064279831,301.5676574707031,601.5676574707031,True,13.295393156370736,False,572
109.22450027581849,23.0459064279831,233.75694274902344,533.7569427490234,True,13.47298271859222,False,573
109.22840501096364,23.0459064279831,204.374755859375,504.374755859375,True,13.567993086983336,False,574
109.2323097461088,23.0459064279831,159.0850067138672,459.0850067138672,True,13.585807664547744,False,575
109.23621448125395,23.0459064279831,246.38848876953125,546.3884887695312,True,13.500506810452123,False,576
109.24011921639911,23.0459064279831,194.9044189453125,494.9044189453125,True,13.363881348675719,False,577
109.24402395154426,23.0459064279831,194.26759338378906,494.26759338378906,True,13.148984328122012,False,578
109.24792868668942,23.0459064279831,160.29518127441406,460.29518127441406,True,2.8798362146876286,True,579
109.25183342183458,23.0459064279831,186.5906982421875,486.5906982421875,True,12.554281628704345,False,580
109.25573815697973,23.0459064279831,254.34884643554688,554.3488464355469,True,12.186362763044627,False,581
109.25964289212489,23.0459064279831,228.97959899902344,528.9795989990234,True,11.805217339901048,False,582
109.26354762727004,23.0459064279831,267.4245300292969,567.4245300292969,True,11.397949548327233,False,583
109.2674523624152,23.0459064279831,283.1299133300781,583.1299133300781,True,10.98348311723602,False,584
109.27135709756035,23.0459064279831,269.9252624511719,569.9252624511719,True,0.5678118089539623,True,585
109.27526183270551,23.0459064279831,344.5091247558594,644.5091247558594,True,10.142580100491358,False,586
109.27916656785067,23.0459064279831,283.0256652832031,583.0256652832031,True,9.73506642589841,False,587
109.28307130299582,23.0459064279831,265.2444763183594,565.2444763183594,False,-0.671878704820557,True,588
109.28697603814098,23.0459064279831,259.7640686035156,559.7640686035156,False,-1.0725656723195982,True,589
109.29088077328613,23.0459064279831,294.8775329589844,594.8775329589844,False,-1.4674302209064791,True,590
109.29478550843129,23.0459064279831,208.11231994628906,508.11231994628906,False,-1.845271865293256,True,591
109.15421504320568,23.04952391491493,331.47625732421875,631.4762573242188,False,-3.2158455562662027,True,592
109.15811977835084,23.04952391491493,362.0576477050781,662.0576477050781,False,-2.8825161019565257,True,593
109.162024513496,23.04952391491493,374.6537780761719,674.6537780761719,False,-2.540126711870755,True,594
109.16592924864115,23.04952391491493,430.88348388671875,730.8834838867188,False,-2.1931093054313635,True,595
109.1698339837863,23.04952391491493,418.203125,718.203125,False,-1.833570695900363,True,596
109.17373871893146,23.04952391491493,467.958984375,767.958984375,False,-1.472669525723603,True,597
109.17764345407662,23.04952391491493,449.7416076660156,749.7416076660156,False,-1.0995407742973953,True,598
109.18154818922177,23.04952391491493,400.30645751953125,700.3064575195312,False,-0.7181038057098732,True,599
109.18545292436693,23.04952391491493,370.32781982421875,670.3278198242188,False,-0.33532253160052505,True,600
109.18935765951208,23.04952391491493,438.0571594238281,738.0571594238281,True,0.036582846795255364,True,601
109.19326239465724,23.04952391491493,437.98736572265625,737.9873657226562,True,0.41352548698952774,True,602
109.1971671298024,23.04952391491493,417.03472900390625,717.0347290039062,True,0.7869726043900442,True,603
109.20107186494755,23.04952391491493,447.226806640625,747.226806640625,True,11.14070191377256,False,604
109.2049766000927,23.04952391491493,508.4325256347656,808.4325256347656,True,11.469381979001668,False,605
109.20888133523786,23.04952391491493,367.0579833984375,667.0579833984375,True,11.812213554730477,False,606
109.21278607038302,23.04952391491493,303.6783752441406,603.6783752441406,True,12.107486249896425,False,607
109.21669080552817,23.04952391491493,320.29595947265625,620.2959594726562,True,12.348284066494685,False,608
109.22059554067333,23.04952391491493,307.70074462890625,607.7007446289062,True,12.544703231373504,False,609
109.22450027581849,23.04952391491493,205.73216247558594,505.73216247558594,True,12.699046754124382,False,610
109.22840501096364,23.04952391491493,184.0388641357422,484.0388641357422,True,12.776988442687298,False,611
109.2323097461088,23.04952391491493,219.9912567138672,519.9912567138672,True,12.780138563483831,False,612
109.23621448125395,23.04952391491493,310.99639892578125,610.9963989257812,True,12.706269965085681,False,613
109.24011921639911,23.04952391491493,302.72930908203125,602.7293090820312,True,12.586007741734676,False,614
109.24402395154426,23.04952391491493,226.13037109375,526.13037109375,True,12.417838236557472,False,615
109.24792868668942,23.04952391491493,171.59103393554688,471.5910339355469,True,2.192233178698018,True,616
109.25183342183458,23.04952391491493,249.32481384277344,549.3248138427734,True,11.906125609527763,False,617
109.25573815697973,23.04952391491493,222.79994201660156,522.7999420166016,True,11.598736860781628,False,618
109.25964289212489,23.04952391491493,275.1029968261719,575.1029968261719,True,11.254878827970572,False,619
109.26354762727004,23.04952391491493,276.8004150390625,576.8004150390625,True,10.898121710679845,False,620
109.2674523624152,23.04952391491493,273.4962463378906,573.4962463378906,True,10.528881382192338,False,621
109.27135709756035,23.04952391491493,307.0033874511719,607.0033874511719,True,10.148108613977854,False,622
109.27526183270551,23.04952391491493,312.2034912109375,612.2034912109375,False,-0.23296943788484725,True,623
109.27916656785067,23.04952391491493,298.3817138671875,598.3817138671875,False,-0.6124167257217152,True,624
109.28307130299582,23.04952391491493,243.58029174804688,543.5802917480469,False,-0.9866311444067435,True,625
109.28697603814098,23.04952391491493,246.40013122558594,546.4001312255859,False,-1.3610149357639898,True,626
109.29088077328613,23.04952391491493,219.03729248046875,519.0372924804688,False,-1.727746577507304,True,627
109.29478550843129,23.04952391491493,247.55459594726562,547.5545959472656,False,-2.0907626195173066,True,628
109.15421504320568,23.05314140184676,352.1222229003906,652.1222229003906,False,-3.4118875267607223,True,629
109.15811977835084,23.05314140184676,420.3428649902344,720.3428649902344,False,-3.0961580108716475,True,630
109.162024513496,23.05314140184676,446.03363037109375,746.0336303710938,False,-2.77183499861286,True,631
109.16592924864115,23.05314140184676,426.8731384277344,726.8731384277344,False,-2.4382041259454184,True,632
109.1698339837863,23.05314140184676,493.25677490234375,793.2567749023438,False,-2.1057248490203904,True,633
109.17373871893146,23.05314140184676,535.6867065429688,835.6867065429688,False,-1.767436056851892,True,634
109.17764345407662,23.05314140184676,567.8569946289062,867.8569946289062,False,-1.4251883829441567,True,635
109.18154818922177,23.05314140184676,441.3623046875,741.3623046875,False,-1.0630423000128246,True,636
109.18545292436693,23.05314140184676,381.4693603515625,681.4693603515625,False,-0.7074058419073026,True,637
109.18935765951208,23.05314140184676,520.2864990234375,820.2864990234375,False,-0.37661214125131437,True,638
109.19326239465724,23.05314140184676,596.0655517578125,896.0655517578125,True,9.95293794085238,False,639
109.1971671298024,23.05314140184676,507.86749267578125,807.8674926757812,True,10.299120901943354,False,640
109.20107186494755,23.05314140184676,606.4942016601562,906.4942016601562,True,10.600563883416925,False,641
109.2049766000927,23.05314140184676,453.9555969238281,753.9555969238281,True,10.928346206082068,False,642
109.20888133523786,23.05314140184676,386.25164794921875,686.2516479492188,True,11.21650964057352,False,643
109.21278607038302,23.05314140184676,343.5017395019531,643.5017395019531,True,11.47006060373117,False,644
109.21669080552817,23.05314140184676,299.75140380859375,599.7514038085938,True,11.6864414578869,False,645
109.22059554067333,23.05314140184676,249.45941162109375,549.4594116210938,True,11.859831449498259,False,646
109.22450027581849,23.05314140184676,230.986083984375,530.986083984375,True,11.97928629970751,False,647
109.22840501096364,23.05314140184676,191.84683227539062,491.8468322753906,True,12.047604217704276,False,648
109.2323097461088,23.05314140184676,216.58226013183594,516.5822601318359,True,12.051655694282815,False,649
109.23621448125395,23.05314140184676,277.9335632324219,577.9335632324219,True,11.993834272156818,False,650
109.24011921639911,23.05314140184676,239.8717498779297,539.8717498779297,True,11.895607959614438,False,651
109.24402395154426,23.05314140184676,247.6666259765625,547.6666259765625,True,11.740194026524165,False,652
109.24792868668942,23.05314140184676,217.092529296875,517.092529296875,True,11.544141278487956,False,653
109.25183342183458,23.05314140184676,183.16822814941406,483.16822814941406,True,1.3085685448153725,True,654
109.25573815697973,23.05314140184676,240.58102416992188,540.5810241699219,True,11.030752573201397,False,655
109.25964289212489,23.05314140184676,264.9121398925781,564.9121398925781,True,10.73052985751859,False,656
109.26354762727004,23.05314140184676,270.7974853515625,570.7974853515625,True,10.412485411581756,False,657
109.2674523624152,23.05314140184676,321.5625,621.5625,True,10.075427098237952,False,658
109.27135709756035,23.05314140184676,363.5374450683594,663.5374450683594,True,9.729724870249782,False,659
109.27526183270551,23.05314140184676,313.9661560058594,613.9661560058594,False,-0.6125790571397829,True,660
109.27916656785067,23.05314140184676,283.0065002441406,583.0065002441406,False,-0.9601482114607336,True,661
109.28307130299582,23.05314140184676,265.8877868652344,565.8877868652344,False,-1.3092744719943568,True,662
109.28697603814098,23.05314140184676,292.0798034667969,592.0798034667969,False,-1.6594248910369487,True,663
109.29088077328613,23.05314140184676,264.8324279785156,564.8324279785156,False,-2.0025646348273085,True,664
109.29478550843129,23.05314140184676,265.06640625,565.06640625,False,-2.3427608514367932,True,665
109.15421504320568,23.05675888877859,326.18145751953125,626.1814575195312,False,-3.6126590548093986,True,666
109.15811977835084,23.05675888877859,413.8097229003906,713.8097229003906,False,-3.3126382281107567,True,667
109.162024513496,23.05675888877859,408.8157043457031,708.8157043457031,False,-3.002691417877969,True,668
109.16592924864115,23.05675888877859,442.9319763183594,742.9319763183594,False,-2.690672680757217,True,669
109.1698339837863,23.05675888877859,422.8367614746094,722.8367614746094,False,-2.3709706734261147,True,670
109.17373871893146,23.05675888877859,491.6318359375,791.6318359375,False,-2.0553628597367037,True,671
109.17764345407662,23.05675888877859,559.28857421875,859.28857421875,False,-1.7393429471767803,True,672
109.18154818922177,23.05675888877859,451.0370788574219,751.0370788574219,False,-1.4053876753478107,True,673
109.18545292436693,23.05675888877859,472.26220703125,772.26220703125,False,-1.085820204432295,True,674
109.18935765951208,23.05675888877859,428.1219787597656,728.1219787597656,False,-0.763225341641288,True,675
109.19326239465724,23.05675888877859,511.4388122558594,811.4388122558594,False,-0.4623487433760829,True,676
109.1971671298024,23.05675888877859,642.09716796875,942.09716796875,True,9.817621531356224,False,677
109.20107186494755,23.05675888877859,584.517333984375,884.517333984375,True,10.112201567855834,False,678
109.2049766000927,23.05675888877859,379.3968811035156,679.3968811035156,True,10.410220508370614,False,679
109.20888133523786,23.05675888877859,289.4787292480469,589.4787292480469,True,10.666290093104607,False,680
109.21278607038302,23.05675888877859,281.0210266113281,581.0210266113281,True,10.883888453653313,False,681
109.21669080552817,23.05675888877859,310.1989440917969,610.1989440917969,True,11.062793265774673,False,682
109.22059554067333,23.05675888877859,282.18072509765625,582.1807250976562,True,11.209980771908747,False,683
109.22450027581849,23.05675888877859,188.1093292236328,488.1093292236328,True,11.321368601020353,False,684
109.22840501096364,23.05675888877859,163.43743896484375,463.43743896484375,True,11.378152271631407,False,685
109.2323097461088,23.05675888877859,238.74111938476562,538.7411193847656,True,11.37622478093131,False,686
109.23621448125395,23.05675888877859,266.2475891113281,566.2475891113281,True,11.330698923511235,False,687
109.24011921639911,23.05675888877859,320.2528381347656,620.2528381347656,True,11.234576351735697,False,688
109.24402395154426,23.05675888877859,248.91732788085938,548.9173278808594,True,11.110535664209948,False,689
109.24792868668942,23.05675888877859,294.18133544921875,594.1813354492188,True,10.931955199830156,False,690
109.25183342183458,23.05675888877859,196.47142028808594,496.47142028808594,True,0.7336701671264194,True,691
109.25573815697973,23.05675888877859,209.4788360595703,509.4788360595703,True,0.49338562591660207,True,692
109.25964289212489,23.05675888877859,245.86338806152344,545.8633880615234,True,10.2261386075117,False,693
109.26354762727004,23.05675888877859,264.74468994140625,564.7446899414062,True,9.940721119062133,False,694
109.2674523624152,23.05675888877859,272.4880676269531,572.4880676269531,True,9.64114873199361,False,695
109.27135709756035,23.05675888877859,256.7509765625,556.7509765625,False,-0.66763349243368,True,696
109.27526183270551,23.05675888877859,247.11441040039062,547.1144104003906,False,-0.9846556587973936,True,697
109.27916656785067,23.05675888877859,244.4210205078125,544.4210205078125,False,-1.3068111710791044,True,698
109.28307130299582,23.05675888877859,294.75726318359375,594.7572631835938,False,-1.6344460449331422,True,699
109.28697603814098,23.05675888877859,300.7657470703125,600.7657470703125,False,-1.9590430842584965,True,700
109.29088077328613,23.05675888877859,327.1776428222656,627.1776428222656,False,-2.283266095954872,True,701
109.29478550843129,23.05675888877859,301.064453125,601.064453125,False,-2.601435736202916,True,702
109.15421504320568,23.06037637571042,344.546875,644.546875,False,-3.821242205850126,True,703
109.15811977835084,23.06037637571042,458.9056091308594,758.9056091308594,False,-3.5374924686863096,True,704
109.162024513496,23.06037637571042,453.78070068359375,753.7807006835938,False,-3.2437023554686846,True,705
109.16592924864115,23.06037637571042,463.2851257324219,763.2851257324219,False,-2.947560746621946,True,706
109.1698339837863,23.06037637571042,506.7537536621094,806.7537536621094,False,-2.651617256380092,True,707
109.17373871893146,23.06037637571042,472.6066589355469,772.6066589355469,False,-2.3482477345397967,True,708
109.17764345407662,23.06037637571042,546.6007690429688,846.6007690429688,False,-2.0539912969597935,True,709
109.18154818922177,23.06037637571042,494.0606689453125,794.0606689453125,False,-1.7495315066632315,True,710
109.18545292436693,23.06037637571042,475.87725830078125,775.8772583007812,False,-1.451270909200531,True,711
109.18935765951208,23.06037637571042,542.9884643554688,842.9884643554688,False,-1.167631540732927,True,712
109.19326239465724,23.06037637571042,589.5896606445312,889.5896606445312,True,9.108923940057679,False,713
109.1971671298024,23.06037637571042,688.2416381835938,988.2416381835938,True,9.365069397438589,False,714
109.20107186494755,23.06037637571042,487.04254150390625,787.0425415039062,True,9.650894287004448,False,715
109.2049766000927,23.06037637571042,369.12554931640625,669.1255493164062,True,9.90458373136265,False,716
109.20888133523786,23.06037637571042,321.6254577636719,621.6254577636719,True,10.127173049355463,False,717
109.21278607038302,23.06037637571042,253.20809936523438,553.2080993652344,True,10.32507146309517,False,718
109.21669080552817,23.06037637571042,227.48130798339844,527.4813079833984,True,10.487699442124338,False,719
109.22059554067333,23.06037637571042,199.49415588378906,499.49415588378906,True,10.61576216186208,False,720
109.22450027581849,23.06037637571042,197.40963745117188,497.4096374511719,True,10.703455621837747,False,721
109.22840501096364,23.06037637571042,191.10121154785156,491.10121154785156,True,10.75111255045087,False,722
109.2323097461088,23.06037637571042,276.9564514160156,576.9564514160156,True,10.747722968109954,False,723
109.23621448125395,23.06037637571042,333.22174072265625,633.2217407226562,True,10.704508868817271,False,724
109.24011921639911,23.06037637571042,346.9842224121094,646.9842224121094,True,10.625580135210583,False,725
109.24402395154426,23.06037637571042,262.37628173828125,562.3762817382812,True,10.519438515807224,False,726
109.24792868668942,23.06037637571042,270.0741271972656,570.0741271972656,True,10.367018589371668,False,727
109.25183342183458,23.06037637571042,224.04299926757812,524.0429992675781,True,0.18772081847504296,True,728
109.25573815697973,23.06037637571042,214.6592254638672,514.6592254638672,False,-0.023074866627894153,True,729
109.25964289212489,23.06037637571042,251.5982208251953,551.5982208251953,True,9.738756765663126,False,730
109.26354762727004,23.06037637571042,195.90704345703125,495.90704345703125,False,-0.5116098744876467,True,731
109.2674523624152,23.06037637571042,249.83230590820312,549.8323059082031,True,9.214422050316472,False,732
109.27135709756035,23.06037637571042,291.755859375,591.755859375,True,8.929433640692324,False,733
109.27526183270551,23.06037637571042,281.5307312011719,581.5307312011719,False,-1.3603114303745514,True,734
109.27916656785067,23.06037637571042,284.6209716796875,584.6209716796875,False,-1.6570188586849781,True,735
109.28307130299582,23.06037637571042,301.48455810546875,601.4845581054688,False,-1.9581965617551162,True,736
109.28697603814098,23.06037637571042,325.3970947265625,625.3970947265625,False,-2.261366904438205,True,737
109.29088077328613,23.06037637571042,337.93017578125,637.93017578125,False,-2.563757694448924,True,738
109.29478550843129,23.06037637571042,311.075439453125,611.075439453125,False,-2.8626174591340714,True,739
109.15421504320568,23.06399386264225,403.9920959472656,703.9920959472656,False,-4.036198359209607,True,740
109.15811977835084,23.06399386264225,406.9332275390625,706.9332275390625,False,-3.7608616483744868,True,741
109.162024513496,23.06399386264225,483.2303466796875,783.2303466796875,False,-3.4871131116098013,True,742
109.16592924864115,23.06399386264225,483.7148742675781,783.7148742675781,False,-3.2070713589529305,True,743
109.1698339837863,23.06399386264225,445.7872009277344,745.7872009277344,False,-2.9231078676273228,True,744
109.17373871893146,23.06399386264225,584.4141235351562,884.4141235351562,False,-2.6524943760646806,True,745
109.17764345407662,23.06399386264225,544.7915649414062,844.7915649414062,False,-2.368898896341932,True,746
109.18154818922177,23.06399386264225,555.4141845703125,855.4141845703125,False,-2.092294854405054,True,747
109.18545292436693,23.06399386264225,530.9601440429688,830.9601440429688,False,-1.81662122900957,True,748
109.18935765951208,23.06399386264225,560.1585693359375,860.1585693359375,False,-1.55286226077736,True,749
109.19326239465724,23.06399386264225,676.493408203125,976.493408203125,True,8.690328052332163,False,750
109.1971671298024,23.06399386264225,588.3369140625,888.3369140625,True,8.947743272939732,False,751
109.20107186494755,23.06399386264225,457.4281005859375,757.4281005859375,True,9.19545982081901,False,752
109.2049766000927,23.06399386264225,413.4715576171875,713.4715576171875,True,9.41497899933114,False,753
109.20888133523786,23.06399386264225,331.5075378417969,631.5075378417969,True,9.617198662034383,False,754
109.21278607038302,23.06399386264225,280.11212158203125,580.1121215820312,True,9.791339896836647,False,755
109.21669080552817,23.06399386264225,194.83297729492188,494.8329772949219,True,9.939881032054501,False,756
109.22059554067333,23.06399386264225,231.9190216064453,531.9190216064453,True,10.047247084105393,False,757
109.22450027581849,23.06399386264225,260.1103820800781,560.1103820800781,True,10.12136477073777,False,758
109.22840501096364,23.06399386264225,251.75083923339844,551.7508392333984,True,10.163295175619112,False,759
109.2323097461088,23.06399386264225,277.7185363769531,577.7185363769531,True,10.165458167348618,False,760
109.23621448125395,23.06399386264225,320.2442321777344,620.2442321777344,True,10.129132665333302,False,761
109.24011921639911,23.06399386264225,300.8052062988281,600.8052062988281,True,10.063456498958544,False,762
109.24402395154426,23.06399386264225,254.2335205078125,554.2335205078125,True,9.965977208648582,False,763
109.24792868668942,23.06399386264225,183.1449432373047,483.1449432373047,True,9.837812976067909,False,764
109.25183342183458,23.06399386264225,189.85494995117188,489.8549499511719,False,-0.3255188720565485,True,765
109.25573815697973,23.06399386264225,237.76153564453125,537.7615356445312,False,-0.5174396289714593,True,766
109.25964289212489,23.06399386264225,275.211669921875,575.211669921875,False,-0.7307957283682498,True,767
109.26354762727004,23.06399386264225,244.66275024414062,544.6627502441406,True,9.042367369485973,False,768
109.2674523624152,23.06399386264225,240.1768035888672,540.1768035888672,False,-1.2019186156633026,True,769
109.27135709756035,23.06399386264225,299.1541442871094,599.1541442871094,True,8.537260911839255,False,770
109.27526183270551,23.06399386264225,309.48492431640625,609.4849243164062,True,8.270426079898954,False,771
109.27916656785067,23.06399386264225,352.7475280761719,652.7475280761719,False,-2.0055587468045246,True,772
109.28307130299582,23.06399386264225,394.857177734375,694.857177734375,True,7.713856726916433,False,773
109.28697603814098,23.06399386264225,357.8509521484375,657.8509521484375,False,-2.5641993886260934,True,774
109.29088077328613,23.06399386264225,332.9186706542969,632.9186706542969,False,-2.8447443438077755,True,775
109.29478550843129,23.06399386264225,363.0679931640625,663.0679931640625,False,-3.1284636976595266,True,776
109.15421504320568,23.06761134957408,467.35186767578125,767.3518676757812,False,-4.254800697095675,True,777
109.15811977835084,23.06761134957408,371.1072998046875,671.1072998046875,False,-3.988410008767346,True,778
109.162024513496,23.06761134957408,460.0633239746094,760.0633239746094,False,-3.729530692543051,True,779
109.16592924864115,23.06761134957408,464.0923767089844,764.0923767089844,False,-3.465387709986345,True,780
109.1698339837863,23.06761134957408,479.3829040527344,779.3829040527344,False,-3.2018275852652494,True,781
109.17373871893146,23.06761134957408,510.1552429199219,810.1552429199219,False,-2.940400898880796,True,782
109.17764345407662,23.06761134957408,669.3329467773438,969.3329467773438,False,-2.6930165369350902,True,783
109.18154818922177,23.06761134957408,637.3493041992188,937.3493041992188,False,-2.4327194777943077,True,784
109.18545292436693,23.06761134957408,686.603759765625,986.603759765625,False,-2.1860914765495636,True,785
109.18935765951208,23.06761134957408,718.8333740234375,1018.8333740234375,True,8.05452590836937,False,786
109.19326239465724,23.06761134957408,583.2156982421875,883.2156982421875,True,8.305743805632972,False,787
109.1971671298024,23.06761134957408,439.5484313964844,739.5484313964844,False,-1.4551298395247159,True,788
109.20107186494755,23.06761134957408,379.7514343261719,679.7514343261719,False,-1.2390527584958164,True,789
109.2049766000927,23.06761134957408,343.5140380859375,643.5140380859375,False,-1.0421768889912641,True,790
109.20888133523786,23.06761134957408,257.3288269042969,557.3288269042969,True,9.138680875104285,False,791
109.21278607038302,23.06761134957408,251.6350860595703,551.6350860595703,True,9.290335509862956,False,792
109.21669080552817,23.06761134957408,209.03976440429688,509.0397644042969,True,9.419164746487695,False,793
109.22059554067333,23.06761134957408,227.6107940673828,527.6107940673828,True,9.51558247284504,False,794
109.22450027581849,23.06761134957408,269.8628845214844,569.8628845214844,True,9.579947021158091,False,795
109.22840501096364,23.06761134957408,256.55377197265625,556.5537719726562,True,9.617369170775959,False,796
109.2323097461088,23.06761134957408,336.27838134765625,636.2783813476562,True,9.614231238798297,False,797
109.23621448125395,23.06761134957408,238.29986572265625,538.2998657226562,True,9.59473188245272,False,798
109.24011921639911,23.06761134957408,200.26048278808594,500.26048278808594,True,9.53763101271241,False,799
109.24402395154426,23.06761134957408,211.09603881835938,511.0960388183594,True,9.446510132638807,False,800
109.24792868668942,23.06761134957408,286.8690490722656,586.8690490722656,True,9.32186628522662,False,801
109.25183342183458,23.06761134957408,250.03607177734375,550.0360717773438,True,9.179780531350374,False,802
109.25573815697973,23.06761134957408,235.46817016601562,535.4681701660156,False,-0.9877788340841391,True,803
109.25964289212489,23.06761134957408,212.08482360839844,512.0848236083984,False,-1.1756471454568072,True,804
109.26354762727004,23.06761134957408,304.7369384765625,604.7369384765625,True,8.610959005046652,False,805
109.2674523624152,23.06761134957408,235.9915313720703,535.9915313720703,False,-1.6066386422549073,True,806
109.27135709756035,23.06761134957408,250.84487915039062,550.8448791503906,False,-1.8421228808938679,True,807
109.27526183270551,23.06761134957408,357.66607666015625,657.6660766601562,True,7.906737274111066,False,808
109.27916656785067,23.06761134957408,412.2760009765625,712.2760009765625,True,7.6512088711421455,False,809
109.28307130299582,23.06761134957408,467.7948303222656,767.7948303222656,True,7.39002758372412,False,810
109.28697603814098,23.06761134957408,507.384765625,807.384765625,True,7.126253615824822,False,811
109.29088077328613,23.06761134957408,391.2757568359375,691.2757568359375,False,-3.1293846997386368,True,812
109.29478550843129,23.06761134957408,450.3919982910156,750.3919982910156,False,-3.397538229185699,True,813
109.15421504320568,23.07122883650591,461.3455505371094,761.3455505371094,False,-4.472326020764285,True,814
109.15811977835084,23.07122883650591,459.53125,759.53125,False,-4.223847292134195,True,815
109.162024513496,23.07122883650591,560.13232421875,860.13232421875,False,-3.980450171393727,True,816
109.16592924864115,23.07122883650591,552.4508056640625,852.4508056640625,False,-3.7308352823078508,True,817
109.1698339837863,23.07122883650591,639.2288818359375,939.2288818359375,False,-3.4888454330102547,True,818
109.17373871893146,23.07122883650591,592.5043334960938,892.5043334960938,False,-3.2387793049518336,True,819
109.17764345407662,23.07122883650591,594.2339477539062,894.2339477539062,False,-2.9953412588283186,True,820
109.18154818922177,23.07122883650591,539.6543579101562,839.6543579101562,False,-2.751471164550537,True,821
109.18545292436693,23.07122883650591,601.3703002929688,901.3703002929688,False,-2.5233270411286526,True,822
109.18935765951208,23.07122883650591,536.1040649414062,836.1040649414062,False,-2.291446297994753,True,823
109.19326239465724,23.07122883650591,480.33404541015625,780.3340454101562,False,-2.069895055331756,True,824
109.1971671298024,23.07122883650591,384.2113037109375,684.2113037109375,False,-1.8567412515317017,True,825
109.20107186494755,23.07122883650591,332.91680908203125,632.9168090820312,False,-1.6613088508003386,True,826
109.2049766000927,23.07122883650591,295.1603698730469,595.1603698730469,True,8.516782116816287,False,827
109.20888133523786,23.07122883650591,237.7506561279297,537.7506561279297,True,8.677397647139983,False,828
109.21278607038302,23.07122883650591,233.05706787109375,533.0570678710938,True,8.813440999679216,False,829
109.21669080552817,23.07122883650591,253.56382751464844,553.5638275146484,True,8.924478192409566,False,830
109.22059554067333,23.07122883650591,257.8349304199219,557.8349304199219,True,9.011314294892045,False,831
109.22450027581849,23.07122883650591,277.006591796875,577.006591796875,True,9.070161123086251,False,832
109.22840501096364,23.07122883650591,264.2618103027344,564.2618103027344,True,9.103396664775076,False,833
109.2323097461088,23.07122883650591,277.3977966308594,577.3977966308594,True,9.106038739423227,False,834
109.23621448125395,23.07122883650591,228.51707458496094,528.5170745849609,True,9.084524901487498,False,835
109.24011921639911,23.07122883650591,243.81396484375,543.81396484375,True,9.030168523199237,False,836
109.24402395154426,23.07122883650591,184.43040466308594,484.43040466308594,True,8.95345410826998,False,837
109.24792868668942,23.07122883650591,280.1939697265625,580.1939697265625,True,8.840932989681903,False,838
109.25183342183458,23.07122883650591,200.47315979003906,500.47315979003906,False,-1.283874043060706,True,839
109.25573815697973,23.07122883650591,233.10910034179688,533.1091003417969,False,-1.4375789241175312,True,840
109.25964289212489,23.07122883650591,190.1202850341797,490.1202850341797,False,-1.606269801406583,True,841
109.26354762727004,23.07122883650591,234.19253540039062,534.1925354003906,False,-1.7967461651749943,True,842
109.2674523624152,23.07122883650591,276.8557434082031,576.8557434082031,True,7.998243181764053,False,843
109.27135709756035,23.07122883650591,323.3152770996094,623.3152770996094,False,-2.219263265238027,True,844
109.27526183270551,23.07122883650591,319.6945495605469,619.6945495605469,True,7.556295781836283,False,845
109.27916656785067,23.07122883650591,412.2713317871094,712.2713317871094,True,7.317832636638542,False,846
109.28307130299582,23.07122883650591,431.9676208496094,731.9676208496094,True,7.077859052057917,False,847
109.28697603814098,23.07122883650591,514.3386840820312,814.3386840820312,True,6.829089466684579,False,848
109.29088077328613,23.07122883650591,454.2042541503906,754.2042541503906,True,6.586727780877666,False,849
109.29478550843129,23.07122883650591,399.6249084472656,699.6249084472656,False,-3.658706586574567,True,850
109.15421504320568,23.07484632343774,472.9664001464844,772.9664001464844,False,-4.692308842749071,True,851
109.15811977835084,23.07484632343774,493.352783203125,793.352783203125,False,-4.457562468999981,True,852
109.162024513496,23.07484632343774,536.5306396484375,836.5306396484375,False,-4.2241121270470785,True,853
109.16592924864115,23.07484632343774,566.7055053710938,866.7055053710938,False,-3.9908516454156597,True,854
109.1698339837863,23.07484632343774,541.354248046875,841.354248046875,False,-3.7556067204692454,True,855
109.17373871893146,23.07484632343774,461.068603515625,761.068603515625,False,-3.519226919843362,True,856
109.17764345407662,23.07484632343774,424.2457580566406,724.2457580566406,False,-3.289022569296833,True,857
109.18154818922177,23.07484632343774,415.8772888183594,715.8772888183594,False,-3.0652907326868615,True,858
109.18545292436693,23.07484632343774,441.8673400878906,741.8673400878906,False,-2.8500709486980327,True,859
109.18935765951208,23.07484632343774,416.95147705078125,716.9514770507812,False,-2.639343788988384,True,860
109.19326239465724,23.07484632343774,341.8659362792969,641.8659362792969,False,-2.434871604910711,True,861
109.1971671298024,23.07484632343774,320.3730163574219,620.3730163574219,False,-2.2453349210284728,True,862
109.20107186494755,23.07484632343774,303.4589538574219,603.4589538574219,False,-2.069501301603111,True,863
109.2049766000927,23.07484632343774,253.56044006347656,553.5604400634766,True,8.092861427837079,False,864
109.20888133523786,23.07484632343774,245.82054138183594,545.8205413818359,True,8.235202192768213,False,865
109.21278607038302,23.07484632343774,261.39678955078125,561.3967895507812,True,8.35665207195855,False,866
109.21669080552817,23.07484632343774,196.78521728515625,496.78521728515625,False,-1.5384527999105018,True,867
109.22059554067333,23.07484632343774,248.16038513183594,548.1603851318359,True,8.536758982402432,False,868
109.22450027581849,23.07484632343774,238.48214721679688,538.4821472167969,True,8.591372298453223,False,869
109.22840501096364,23.07484632343774,282.01666259765625,582.0166625976562,True,8.617372179939963,False,870
109.2323097461088,23.07484632343774,289.88677978515625,589.8867797851562,True,8.620073460590561,False,871
109.23621448125395,23.07484632343774,291.6976318359375,591.6976318359375,True,8.597534600563222,False,872
109.24011921639911,23.07484632343774,273.4335632324219,573.4335632324219,True,8.551109934755985,False,873
109.24402395154426,23.07484632343774,202.96212768554688,502.9621276855469,False,-1.5167562730484008,True,874
109.24792868668942,23.07484632343774,256.2620544433594,556.2620544433594,True,8.38464672126608,False,875
109.25183342183458,23.07484632343774,203.9794921875,503.9794921875,False,-1.7295473384738784,True,876
109.25573815697973,23.07484632343774,232.86788940429688,532.8678894042969,False,-1.868302906889653,True,877
109.25964289212489,23.07484632343774,254.49545288085938,554.4954528808594,False,-2.024695979171213,True,878
109.26354762727004,23.07484632343774,276.74853515625,576.74853515625,False,-2.1971160979862248,True,879
109.2674523624152,23.07484632343774,228.14329528808594,528.1432952880859,False,-2.3797185514594617,True,880
109.27135709756035,23.07484632343774,221.4676055908203,521.4676055908203,False,-2.576629444129594,True,881
109.27526183270551,23.07484632343774,298.076416015625,598.076416015625,False,-2.787623470518895,True,882
109.27916656785067,23.07484632343774,379.1934814453125,679.1934814453125,True,6.992522821124979,False,883
109.28307130299582,23.07484632343774,391.5972595214844,691.5972595214844,False,-3.2300757033739274,True,884
109.28697603814098,23.07484632343774,311.8954162597656,611.8954162597656,False,-3.453121196107901,True,885
109.29088077328613,23.07484632343774,372.8885192871094,672.8885192871094,False,-3.687095926101563,True,886
109.29478550843129,23.07484632343774,507.0517272949219,807.0517272949219,True,6.072137429035422,False,887
109.15421504320568,23.07846381036957,429.7026062011719,729.7026062011719,False,-4.9107277003043635,True,888
109.15811977835084,23.07846381036957,453.73114013671875,753.7311401367188,False,-4.687901349459366,True,889
109.162024513496,23.07846381036957,453.7739562988281,753.7739562988281,False,-4.464554363351596,True,890
109.16592924864115,23.07846381036957,412.4019775390625,712.4019775390625,False,-4.2404063874841995,True,891
109.1698339837863,23.07846381036957,387.3221740722656,687.3221740722656,False,-4.019000897188732,True,892
109.17373871893146,23.07846381036957,335.1937255859375,635.1937255859375,False,-3.79926676395408,True,893
109.17764345407662,23.07846381036957,379.46173095703125,679.4617309570312,False,-3.588108750649951,True,894
109.18154818922177,23.07846381036957,436.9900817871094,736.9900817871094,False,-3.383391061940131,True,895
109.18545292436693,23.07846381036957,537.802734375,837.802734375,False,-3.1889705732035054,True,896
109.18935765951208,23.07846381036957,530.58642578125,830.58642578125,False,-2.9954848675116352,True,897
109.19326239465724,23.07846381036957,392.30401611328125,692.3040161132812,False,-2.8022647461623365,True,898
109.1971671298024,23.07846381036957,353.5677795410156,653.5677795410156,False,-2.627218372461357,True,899
109.20107186494755,23.07846381036957,295.1932373046875,595.1932373046875,True,7.536033674375645,False,900
109.2049766000927,23.07846381036957,310.4638671875,610.4638671875,True,7.6803665220929815,False,901
109.20888133523786,23.07846381036957,286.6863098144531,586.6863098144531,True,7.810627747517643,False,902
109.21278607038302,23.07846381036957,260.3319091796875,560.3319091796875,True,7.923020758140439,False,903
109.21669080552817,23.07846381036957,204.98985290527344,504.98985290527344,False,-1.9826309839625509,True,904
109.22059554067333,23.07846381036957,262.2141418457031,562.2141418457031,True,8.084807285081254,False,905
109.22450027581849,23.07846381036957,222.57859802246094,522.5785980224609,True,8.13568981256256,False,906
109.22840501096364,23.07846381036957,322.02337646484375,622.0233764648438,True,8.155585204683334,False,907
109.2323097461088,23.07846381036957,258.5970764160156,558.5970764160156,False,-1.8374270143265647,True,908
109.23621448125395,23.07846381036957,202.87872314453125,502.87872314453125,True,8.145473698654186,False,909
109.24011921639911,23.07846381036957,191.60296630859375,491.60296630859375,False,-1.8969536210121873,True,910
109.24402395154426,23.07846381036957,281.7579345703125,581.7579345703125,True,8.032988326623823,False,911
109.24792868668942,23.07846381036957,269.1943054199219,569.1943054199219,True,7.947546952044135,False,912
109.25183342183458,23.07846381036957,243.5447998046875,543.5447998046875,False,-2.1571185738223733,True,913
109.25573815697973,23.07846381036957,255.1778564453125,555.1778564453125,False,-2.2822592523920378,True,914
109.25964289212489,23.07846381036957,287.7410888671875,587.7410888671875,False,-2.4253222078631325,True,915
109.26354762727004,23.07846381036957,293.86273193359375,593.8627319335938,False,-2.582013471614516,True,916
109.2674523624152,23.07846381036957,261.6094055175781,561.6094055175781,False,-2.7500996705719842,True,917
109.27135709756035,23.07846381036957,284.0430908203125,584.0430908203125,False,-2.9325954141859825,True,918
109.27526183270551,23.07846381036957,311.46258544921875,611.4625854492188,False,-3.125278840917531,True,919
109.27916656785067,23.07846381036957,255.93994140625,555.93994140625,False,-3.3224840127639936,True,920
109.28307130299582,23.07846381036957,309.0805969238281,609.0805969238281,False,-3.531479399773076,True,921
109.28697603814098,23.07846381036957,330.9593505859375,630.9593505859375,False,-3.7446314475149336,True,922
109.29088077328613,23.07846381036957,433.48016357421875,733.4801635742188,False,-3.965971157744832,True,923
109.29478550843129,23.07846381036957,482.9036865234375,782.9036865234375,False,-4.18799129627854,True,924
109.15421504320568,23.0820812973014,442.267578125,742.267578125,False,-5.1318200202405535,True,925
109.15811977835084,23.0820812973014,413.87939453125,713.87939453125,False,-4.918144687110868,True,926
109.162024513496,23.0820812973014,287.47454833984375,587.4745483398438,False,-4.701864916854163,True,927
109.16592924864115,23.0820812973014,291.4820861816406,591.4820861816406,False,-4.491979347257342,True,928
109.1698339837863,23.0820812973014,358.0616455078125,658.0616455078125,False,-4.2871013415208665,True,929
109.17373871893146,23.0820812973014,429.84613037109375,729.8461303710938,False,-4.086537379554045,True,930
109.17764345407662,23.0820812973014,590.4742431640625,890.4742431640625,False,-3.8967707466457853,True,931
109.18154818922177,23.0820812973014,569.0515747070312,869.0515747070312,False,-3.701903083648091,True,932
109.18545292436693,23.0820812973014,620.1288452148438,920.1288452148438,False,-3.5189386474444575,True,933
109.18935765951208,23.0820812973014,643.8955688476562,943.8955688476562,True,6.657674993996039,False,934
109.19326239465724,23.0820812973014,442.1146545410156,742.1146545410156,False,-3.1583354713187077,True,935
109.1971671298024,23.0820812973014,328.41925048828125,628.4192504882812,False,-2.992811714577101,True,936
109.20107186494755,23.0820812973014,298.2548828125,598.2548828125,False,-2.844555669244386,True,937
109.2049766000927,23.0820812973014,296.71990966796875,596.7199096679688,True,7.28838138573775,False,938
109.20888133523786,23.0820812973014,284.1106872558594,584.1106872558594,True,7.406617127850751,False,939
109.21278607038302,23.0820812973014,283.2627258300781,583.2627258300781,True,7.507554097420851,False,940
109.21669080552817,23.0820812973014,240.8329315185547,540.8329315185547,False,-2.4072655197844313,True,941
109.22059554067333,23.0820812973014,267.97454833984375,567.9745483398438,True,7.655266665889684,False,942
109.22450027581849,23.0820812973014,280.2857360839844,580.2857360839844,True,7.698612787567711,False,943
109.22840501096364,23.0820812973014,292.9322204589844,592.9322204589844,False,-2.27860951571742,True,944
109.2323097461088,23.0820812973014,226.44461059570312,526.4446105957031,False,-2.272376276716443,True,945
109.23621448125395,23.0820812973014,284.2006530761719,584.2006530761719,True,7.706300172511121,False,946
109.24011921639911,23.0820812973014,249.86639404296875,549.8663940429688,True,7.669286947486697,False,947
109.24402395154426,23.0820812973014,259.1312255859375,559.1312255859375,True,7.609827366526531,False,948
109.24792868668942,23.0820812973014,274.06024169921875,574.0602416992188,True,7.530794922829756,False,949
109.25183342183458,23.0820812973014,227.08396911621094,527.0839691162109,False,-2.5633616568397315,True,950
109.25573815697973,23.0820812973014,258.5825500488281,558.5825500488281,False,-2.6783967974397456,True,951
109.25964289212489,23.0820812973014,333.96966552734375,633.9696655273438,False,-2.8114856386469285,True,952
109.26354762727004,23.0820812973014,332.166259765625,632.166259765625,False,-2.9546584430576672,True,953
109.2674523624152,23.0820812973014,276.3718566894531,576.3718566894531,False,-3.1079091167187016,True,954
109.27135709756035,23.0820812973014,249.93768310546875,549.9376831054688,False,-3.2741111084132797,True,955
109.27526183270551,23.0820812973014,291.7343444824219,591.7343444824219,False,-3.4530466338156884,True,956
109.27916656785067,23.0820812973014,299.6856994628906,599.6856994628906,False,-3.6388642878150392,True,957
109.28307130299582,23.0820812973014,345.3612060546875,645.3612060546875,False,-3.8333651911597997,True,958
109.28697603814098,23.0820812973014,410.2308349609375,710.2308349609375,False,-4.034620965161366,True,959
109.29088077328613,23.0820812973014,489.09039306640625,789.0903930664062,False,-4.241384663696579,True,960
109.29478550843129,23.0820812973014,436.6263122558594,736.6263122558594,False,-4.445124975938199,True,961
109.15421504320568,23.08569878423323,264.3180847167969,564.3180847167969,False,-5.346242566336741,True,962
109.15811977835084,23.08569878423323,335.3240661621094,635.3240661621094,False,-5.1463934757532,True,963
109.162024513496,23.08569878423323,417.24249267578125,717.2424926757812,False,-4.949019565224063,True,964
109.16592924864115,23.08569878423323,429.58905029296875,729.5890502929688,False,-4.751414154869622,True,965
109.1698339837863,23.08569878423323,479.14599609375,779.14599609375,False,-4.5585582544784415,True,966
109.17373871893146,23.08569878423323,539.0218505859375,839.0218505859375,False,-4.370450661151551,True,967
109.17764345407662,23.08569878423323,533.7603759765625,833.7603759765625,False,-4.183680151622468,True,968
109.18154818922177,23.08569878423323,544.1968994140625,844.1968994140625,False,-4.003552729550279,True,969
109.18545292436693,23.08569878423323,485.59515380859375,785.5951538085938,False,-3.8260483333402817,True,970
109.18935765951208,23.08569878423323,552.4876708984375,852.4876708984375,False,-3.664224800245279,True,971
109.19326239465724,23.08569878423323,480.4988708496094,780.4988708496094,False,-3.502743114021996,True,972
109.1971671298024,23.08569878423323,388.7693176269531,688.7693176269531,False,-3.350810965989126,True,973
109.20107186494755,23.08569878423323,300.0441589355469,600.0441589355469,False,-3.2113103293741005,True,974
109.2049766000927,23.08569878423323,260.50177001953125,560.5017700195312,False,-3.0875138389554877,True,975
109.20888133523786,23.08569878423323,233.93028259277344,533.9302825927734,False,-2.9786476064196563,True,976
109.21278607038302,23.08569878423323,302.60028076171875,602.6002807617188,False,-2.889696551536275,True,977
109.21669080552817,23.08569878423323,263.5210876464844,563.5210876464844,False,-2.8120965441933947,True,978
109.22059554067333,23.08569878423323,283.4470520019531,583.4470520019531,True,7.245131110230858,False,979
109.22450027581849,23.08569878423323,320.52203369140625,620.5220336914062,True,7.283181945568074,False,980
109.22840501096364,23.08569878423323,324.58868408203125,624.5886840820312,False,-2.6956939231503156,True,981
109.2323097461088,23.08569878423323,241.16932678222656,541.1693267822266,False,-2.688972215981835,True,982
109.23621448125395,23.08569878423323,293.13775634765625,593.1377563476562,True,7.291857305110938,False,983
109.24011921639911,23.08569878423323,281.3724060058594,581.3724060058594,True,7.257116878168915,False,984
109.24402395154426,23.08569878423323,306.09698486328125,606.0969848632812,True,7.202166756457856,False,985
109.24792868668942,23.08569878423323,294.3555908203125,594.3555908203125,True,7.131478766826987,False,986
109.25183342183458,23.08569878423323,309.8350524902344,609.8350524902344,True,7.042610880031589,False,987
109.25573815697973,23.08569878423323,294.5291442871094,594.5291442871094,False,-3.0604457650769916,True,988
109.25964289212489,23.08569878423323,342.460205078125,642.460205078125,False,-3.181285108326108,True,989
109.26354762727004,23.08569878423323,356.28314208984375,656.2831420898438,False,-3.313747777266201,True,990
109.2674523624152,23.08569878423323,263.478515625,563.478515625,False,-3.453291547891695,True,991
109.27135709756035,23.08569878423323,325.477294921875,625.477294921875,False,-3.610728607565079,True,992
109.27526183270551,23.08569878423323,333.23553466796875,633.2355346679688,False,-3.775274254584872,True,993
109.27916656785067,23.08569878423323,389.34844970703125,689.3484497070312,False,-3.95030777634679,True,994
109.28307130299582,23.08569878423323,471.0876159667969,771.0876159667969,True,5.8661672134381035,False,995
109.28697603814098,23.08569878423323,392.3545227050781,692.3545227050781,True,5.684650897495914,False,996
109.29088077328613,23.08569878423323,385.5465087890625,685.5465087890625,False,-4.505447258738286,True,997
109.29478550843129,23.08569878423323,290.5582580566406,590.5582580566406,False,-4.696353731041285,True,998
109.15421504320568,23.08931627116506,374.42205810546875,674.4220581054688,False,-5.5691151385971125,True,999
109.15811977835084,23.08931627116506,423.0535888671875,723.0535888671875,False,-5.379150422359402,True,1000
109.162024513496,23.08931627116506,477.7163391113281,777.7163391113281,False,-5.19161400838891,True,1001
109.16592924864115,23.08931627116506,518.3604736328125,818.3604736328125,False,-5.006331611502617,True,1002
109.1698339837863,23.08931627116506,502.4423522949219,802.4423522949219,False,-4.821753030653014,True,1003
109.17373871893146,23.08931627116506,541.446044921875,841.446044921875,False,-4.643931373176883,True,1004
109.17764345407662,23.08931627116506,427.52984619140625,727.5298461914062,False,-4.463352771504219,True,1005
109.18154818922177,23.08931627116506,339.5552673339844,639.5552673339844,False,-4.290215933936025,True,1006
109.18545292436693,23.08931627116506,389.3649597167969,689.3649597167969,False,-4.1298118112229645,True,1007
109.18935765951208,23.08931627116506,457.09344482421875,757.0934448242188,False,-3.9785923932089133,True,1008
109.19326239465724,23.08931627116506,570.0650634765625,870.0650634765625,False,-3.8398604199996385,True,1009
109.1971671298024,23.08931627116506,457.95977783203125,757.9597778320312,True,6.30250139741554,False,1010
109.20107186494755,23.08931627116506,372.94512939453125,672.9451293945312,True,6.431543006903624,False,1011
109.2049766000927,23.08931627116506,309.6900634765625,609.6900634765625,True,6.546842093402404,False,1012
109.20888133523786,23.08931627116506,243.54476928710938,543.5447692871094,False,-3.351374124851617,True,1013
109.21278607038302,23.08931627116506,264.4334411621094,564.4334411621094,False,-3.2676876656085767,True,1014
109.21669080552817,23.08931627116506,317.3033752441406,617.3033752441406,False,-3.2008889022850724,True,1015
109.22059554067333,23.08931627116506,324.2972106933594,624.2972106933594,True,6.8519609269754085,False,1016
109.22450027581849,23.08931627116506,330.03814697265625,630.0381469726562,True,6.888224298747616,False,1017
109.22840501096364,23.08931627116506,256.9444885253906,556.9444885253906,False,-3.088749748925494,True,1018
109.2323097461088,23.08931627116506,229.9807891845703,529.9807891845703,False,-3.0853937235669093,True,1019
109.23621448125395,23.08931627116506,269.1006774902344,569.1006774902344,False,-3.102237473022626,True,1020
109.24011921639911,23.08931627116506,320.7257080078125,620.7257080078125,True,6.862992855366173,False,1021
109.24402395154426,23.08931627116506,319.09515380859375,619.0951538085938,True,6.814035129892389,False,1022
109.24792868668942,23.08931627116506,287.16339111328125,587.1633911132812,True,6.750312160736101,False,1023
109.25183342183458,23.08931627116506,333.32305908203125,633.3230590820312,True,6.667375423726838,False,1024
109.25573815697973,23.08931627116506,254.31190490722656,554.3119049072266,False,-3.424400522701461,True,1025
109.25964289212489,23.08931627116506,284.0527648925781,584.0527648925781,False,-3.5346643900215042,True,1026
109.26354762727004,23.08931627116506,347.99249267578125,647.9924926757812,False,-3.6591061971236627,True,1027
109.2674523624152,23.08931627116506,333.74365234375,633.74365234375,False,-3.791447086699492,True,1028
109.27135709756035,23.08931627116506,372.1072082519531,672.1072082519531,False,-3.9365404115168303,True,1029
109.27526183270551,23.08931627116506,416.1105041503906,716.1105041503906,False,-4.091145372932175,True,1030
109.27916656785067,23.08931627116506,443.5352478027344,743.5352478027344,True,5.746942943486275,False,1031
109.28307130299582,23.08931627116506,442.6612854003906,742.6612854003906,False,-4.42061935437755,True,1032
109.28697603814098,23.08931627116506,336.1498107910156,636.1498107910156,False,-4.5898565481465425,True,1033
109.29088077328613,23.08931627116506,337.5589599609375,637.5589599609375,False,-4.768864683157744,True,1034
109.29478550843129,23.08931627116506,331.98223876953125,631.9822387695312,False,-4.951860146482943,True,1035
109.15421504320568,23.09293375809689,392.3865966796875,692.3865966796875,False,-5.787969592741376,True,1036
109.15811977835084,23.09293375809689,412.2069091796875,712.2069091796875,False,-5.606582143304564,True,1037
109.162024513496,23.09293375809689,310.3641357421875,610.3641357421875,False,-5.42341842841094,True,1038
109.16592924864115,23.09293375809689,386.0671081542969,686.0671081542969,False,-5.24872427140599,True,1039
109.1698339837863,23.09293375809689,304.9022216796875,604.9022216796875,False,-5.072323354181549,True,1040
109.17373871893146,23.09293375809689,271.5508728027344,571.5508728027344,False,-4.901742409827307,True,1041
109.17764345407662,23.09293375809689,331.2646179199219,631.2646179199219,False,-4.739180111486007,True,1042
109.18154818922177,23.09293375809689,382.75579833984375,682.7557983398438,False,-4.582549739402168,True,1043
109.18545292436693,23.09293375809689,417.68402099609375,717.6840209960938,False,-4.432260993461597,True,1044
109.18935765951208,23.09293375809689,537.9163208007812,837.9163208007812,False,-4.2944089116861335,True,1045
109.19326239465724,23.09293375809689,534.7594604492188,834.7594604492188,False,-4.158999273090899,True,1046
109.1971671298024,23.09293375809689,489.574462890625,789.574462890625,True,5.969214799416363,False,1047
109.20107186494755,23.09293375809689,319.4071350097656,619.4071350097656,True,6.092762734068316,False,1048
109.2049766000927,23.09293375809689,280.1107177734375,580.1107177734375,False,-3.8019395002125407,True,1049
109.20888133523786,23.09293375809689,268.044189453125,568.044189453125,False,-3.710282519772079,True,1050
109.21278607038302,23.09293375809689,320.02886962890625,620.0288696289062,False,-3.6347033608878974,True,1051
109.21669080552817,23.09293375809689,326.1407775878906,626.1407775878906,False,-3.5713659006325997,True,1052
109.22059554067333,23.09293375809689,374.5719299316406,674.5719299316406,True,6.475072520895424,False,1053
109.22450027581849,23.09293375809689,340.3136901855469,640.3136901855469,True,6.510308289162197,False,1054
109.22840501096364,23.09293375809689,276.36065673828125,576.3606567382812,False,-3.4689005318424506,True,1055
109.2323097461088,23.09293375809689,223.84507751464844,523.8450775146484,False,-3.464785324247316,True,1056
109.23621448125395,23.09293375809689,245.9052276611328,545.9052276611328,False,-3.4795104931835112,True,1057
109.24011921639911,23.09293375809689,328.3264465332031,628.3264465332031,True,6.487310927847716,False,1058
109.24402395154426,23.09293375809689,339.51995849609375,639.5199584960938,True,6.441785590577979,False,1059
109.24792868668942,23.09293375809689,357.7255859375,657.7255859375,True,6.380990999339758,False,1060
109.25183342183458,23.09293375809689,319.8706359863281,619.8706359863281,True,6.308528425319153,False,1061
109.25573815697973,23.09293375809689,318.7520751953125,618.7520751953125,False,-3.7792512983895676,True,1062
109.25964289212489,23.09293375809689,333.9060363769531,633.9060363769531,False,-3.8804843512635614,True,1063
109.26354762727004,23.09293375809689,329.7794494628906,629.7794494628906,False,-3.992710244798218,True,1064
109.2674523624152,23.09293375809689,385.88104248046875,685.8810424804688,False,-4.118451401888649,True,1065
109.27135709756035,23.09293375809689,384.38616943359375,684.3861694335938,False,-4.251503875988533,True,1066
109.27526183270551,23.09293375809689,351.970947265625,651.970947265625,False,-4.392180277768773,True,1067
109.27916656785067,23.09293375809689,409.9832458496094,709.9832458496094,False,-4.544593419661737,True,1068
109.28307130299582,23.09293375809689,355.163330078125,655.163330078125,False,-4.699310817723642,True,1069
109.28697603814098,23.09293375809689,362.56842041015625,662.5684204101562,False,-4.862650303712684,True,1070
109.29088077328613,23.09293375809689,317.1556091308594,617.1556091308594,False,-5.029365765068093,True,1071
109.29478550843129,23.09293375809689,324.5326843261719,624.5326843261719,False,-5.202325528383568,True,1072
