option_id,candidate_id,covered_demand_ids,service_start_s,service_end_s,launch_start_s,relay_ready_s,return_end_s,resource_end_s,charge_start_s,charge_end_s,energy_kwh,soc_after
SO-00001,P0007,"[""D-T014-01""]",2131.391058349609,2556.8499085449344,1411.10897263053,2131.391058349609,3096.512913148291,3396.512913148291,3396.512913148291,4059.4013906934974,0.40095625241897004,0.8747011711190719
SO-00002,P0008,"[""D-T014-01""]",2131.391058349609,2556.8499085449344,1441.10897263053,2131.391058349609,3074.012913148291,3374.012913148291,3374.012913148291,4033.6528012837753,0.3929597246411922,0.8772000860496274
SO-00003,P0009,"[""D-T014-01""]",2131.391058349609,2556.8499085449344,1441.072776239742,2131.391058349609,3086.5491095390785,3386.5491095390785,3386.5491095390785,4046.966950856374,0.39487468631949707,0.8766016605251572
SO-00004,P0009,"[""D-T025-01""]",3812.691058349609,4650.540049007688,3122.372776239742,3812.691058349609,5180.239250001832,5480.239250001832,5480.239250001832,6191.847881324487,0.5208827847942274,0.8372241297518039
SO-00005,P0009,"[""D-T025-01"", ""D-T007-01""]",3812.691058349609,5233.779741859949,3122.372776239742,3812.691058349609,5763.4789428540935,6063.4789428540935,6063.4789428540935,6847.48625132768,0.6990949131657516,0.7815328396357026
SO-00006,P0009,"[""D-T025-01"", ""D-T007-01"", ""D-T024-01""]",3812.691058349609,6188.419593866759,3122.372776239742,3812.691058349609,6718.118794860903,7018.118794860903,7018.118794860903,7920.627404408252,0.9907904235011656,0.6903779926558857
SO-00007,P0009,"[""D-T007-01""]",3953.5092700195314,5233.779741859949,3263.1909879096647,3953.5092700195314,5763.4789428540935,6063.4789428540935,6063.4789428540935,6830.006212899903,0.6560671262666087,0.7949790230416848
SO-00008,P0009,"[""D-T007-01"", ""D-T024-01""]",3953.5092700195314,6188.419593866759,3263.1909879096647,3953.5092700195314,6718.118794860903,7018.118794860903,7018.118794860903,7903.147365980475,0.9477626366020229,0.7038241760618679
SO-00009,P0009,"[""D-T007-01"", ""D-T024-01"", ""D-T006-01""]",3953.5092700195314,6890.898709755457,3263.1909879096647,3953.5092700195314,7420.597910749601,7720.597910749601,7720.597910749601,8692.82658045605,1.1624090331235695,0.6367471771488846
SO-00010,P0009,"[""D-T024-01""]",5562.833085123698,6188.419593866759,4872.514803013831,5562.833085123698,6718.118794860903,7018.118794860903,7018.118794860903,7703.378871570843,0.45602480420908303,0.8574922486846616
SO-00011,P0009,"[""D-T024-01"", ""D-T006-01""]",5562.833085123698,6890.898709755457,4872.514803013831,5562.833085123698,7420.597910749601,7720.597910749601,7720.597910749601,8493.05808604642,0.6706712007306297,0.7904152497716782
SO-00012,P0009,"[""D-T006-01""]",5874.491058349609,6890.898709755457,5184.172776239742,5874.491058349609,7420.597910749601,7720.597910749601,7720.597910749601,8454.371375828272,0.5754423755782678,0.8201742576317913
SO-00013,P0010,"[""D-T014-01""]",2131.391058349609,2556.8499085449344,1370.4920769084806,2131.391058349609,3127.401087251688,3427.401087251688,3427.401087251688,4099.586436272392,0.4238408591278888,0.8675497315225348
SO-00014,P0010,"[""D-T007-01""]",3953.5092700195314,5233.779741859949,3192.610288578403,3953.5092700195314,5804.330920566703,6104.330920566703,6104.330920566703,6882.625698315922,0.6850332990750004,0.7859270940390624
SO-00015,P0010,"[""D-T007-01"", ""D-T006-01""]",3953.5092700195314,6890.898709755457,3192.610288578403,3953.5092700195314,7461.449888462211,7761.449888462211,7761.449888462211,8745.44606587207,1.1913752059319613,0.6276952481462621
SO-00016,P0010,"[""D-T006-01""]",5874.491058349609,6890.898709755457,5113.5920769084805,5874.491058349609,7461.449888462211,7761.449888462211,7761.449888462211,8506.99086124429,0.6044085483866596,0.8111223286291689
SO-00017,P0011,"[""D-T014-01""]",2131.391058349609,2556.8499085449344,1400.4920769084806,2131.391058349609,3104.901087251688,3404.901087251688,3404.901087251688,4073.8378468626706,0.415844331350111,0.8700486464530903
SO-00018,P0011,"[""D-T007-01""]",3953.5092700195314,5233.779741859949,3222.610288578403,3953.5092700195314,5781.830920566703,6081.830920566703,6081.830920566703,6856.877108906199,0.6770367712972227,0.7884260089696179
SO-00019,P0011,"[""D-T007-01"", ""D-T006-01""]",3953.5092700195314,6890.898709755457,3222.610288578403,3953.5092700195314,7438.949888462211,7738.949888462211,7738.949888462211,8719.697476462348,1.1833786781541835,0.6301941630768177
SO-00020,P0011,"[""D-T006-01""]",5874.491058349609,6890.898709755457,5143.5920769084805,5874.491058349609,7438.949888462211,7738.949888462211,7738.949888462211,8481.24227183457,0.5964120206088819,0.8136212435597244
SO-00021,P0012,"[""D-T014-01""]",2131.391058349609,2556.8499085449344,1434.3786328980639,2131.391058349609,3083.5145312621044,3383.5145312621044,3383.5145312621044,4049.0311071356027,0.4074254175347657,0.8726795570203858
SO-00022,P0012,"[""D-T025-01""]",3812.691058349609,4650.540049007688,3115.6786328980643,3812.691058349609,5177.204671724859,5477.204671724859,5477.204671724859,6193.912037603716,0.5334335160094961,0.8333020262470325
SO-00023,P0012,"[""D-T025-01"", ""D-T007-01""]",3812.691058349609,5233.779741859949,3115.6786328980643,3812.691058349609,5760.44436457712,6060.44436457712,6060.44436457712,6849.550407606909,0.7116456443810202,0.7776107361309312
SO-00024,P0012,"[""D-T025-01"", ""D-T007-01"", ""D-T024-01""]",3812.691058349609,6188.419593866759,3115.6786328980643,3812.691058349609,6715.084216583929,7015.084216583929,7015.084216583929,7922.691560687481,1.0033411547164341,0.6864558891511143
SO-00025,P0012,"[""D-T007-01""]",3953.5092700195314,5233.779741859949,3256.496844567986,3953.5092700195314,5760.44436457712,6060.44436457712,6060.44436457712,6832.070369179132,0.6686178574818773,0.7910569195369134
SO-00026,P0012,"[""D-T007-01"", ""D-T024-01""]",3953.5092700195314,6188.419593866759,3256.496844567986,3953.5092700195314,6715.084216583929,7015.084216583929,7015.084216583929,7905.211522259704,0.9603133678172915,0.6999020725570964
SO-00027,P0012,"[""D-T007-01"", ""D-T024-01"", ""D-T006-01""]",3953.5092700195314,6890.898709755457,3256.496844567986,3953.5092700195314,7417.563332472628,7717.563332472628,7717.563332472628,8694.89073673528,1.1749597643388383,0.632825073644113
SO-00028,P0012,"[""D-T024-01""]",5562.833085123698,6188.419593866759,4865.820659672153,5562.833085123698,6715.084216583929,7015.084216583929,7015.084216583929,7705.443027850072,0.46857553542435165,0.85357014517989
SO-00029,P0012,"[""D-T024-01"", ""D-T006-01""]",5562.833085123698,6890.898709755457,4865.820659672153,5562.833085123698,7417.563332472628,7717.563332472628,7717.563332472628,8495.12224232565,0.6832219319458983,0.7864931462669068
SO-00030,P0012,"[""D-T006-01""]",5874.491058349609,6890.898709755457,5177.4786328980645,5874.491058349609,7417.563332472628,7717.563332472628,7717.563332472628,8456.435532107502,0.5879931067935364,0.8162521541270199
SO-00031,P0019,"[""D-T014-01""]",2131.391058349609,2556.8499085449344,1538.0450114484017,2131.391058349609,2967.56985528745,3267.56985528745,3267.56985528745,3901.5500206090014,0.3297973300222803,0.8969383343680374
SO-00032,P0020,"[""D-T014-01""]",2131.391058349609,2556.8499085449344,1568.0450114484017,2131.391058349609,2945.06985528745,3245.06985528745,3245.06985528745,3875.8014311992792,0.32180080224450247,0.8994372492985929
SO-00033,P0021,"[""D-T014-01""]",2131.391058349609,2556.8499085449344,1543.3806056256478,2131.391058349609,2982.234261110204,3282.234261110204,3282.234261110204,3916.7916736454104,0.3312182462405081,0.8964942980498413
SO-00034,P0021,"[""D-T025-01""]",3812.691058349609,4650.540049007688,3224.680605625648,3812.691058349609,5075.924401572958,5375.924401572958,5375.924401572958,6061.672604113523,0.4572263447152384,0.857116767276488
SO-00035,P0021,"[""D-T025-01"", ""D-T007-01""]",3812.691058349609,5233.779741859949,3224.680605625648,3812.691058349609,5659.164094425219,5959.164094425219,5959.164094425219,6717.310974116716,0.6354384730867626,0.8014254771603867
SO-00036,P0021,"[""D-T025-01"", ""D-T007-01"", ""D-T024-01""]",3812.691058349609,6188.419593866759,3224.680605625648,3812.691058349609,6613.803946432029,6913.803946432029,6913.803946432029,7790.452127197288,0.9271339834221766,0.7102706301805699
SO-00037,P0021,"[""D-T007-01""]",3953.5092700195314,5233.779741859949,3365.49881729557,3953.5092700195314,5659.164094425219,5959.164094425219,5959.164094425219,6699.83093568894,0.5924106861876197,0.8148716605663688
SO-00038,P0021,"[""D-T007-01"", ""D-T024-01""]",3953.5092700195314,6188.419593866759,3365.49881729557,3953.5092700195314,6613.803946432029,6913.803946432029,6913.803946432029,7772.972088769511,0.8841061965230339,0.7237168135865519
SO-00039,P0021,"[""D-T007-01"", ""D-T024-01"", ""D-T006-01""]",3953.5092700195314,6890.898709755457,3365.49881729557,3953.5092700195314,7316.283062320727,7616.283062320727,7616.283062320727,8562.651303245088,1.0987525930445805,0.6566398146735686
SO-00040,P0021,"[""D-T024-01""]",5562.833085123698,6188.419593866759,4974.822632399737,5562.833085123698,6613.803946432029,6913.803946432029,6913.803946432029,7573.203594359879,0.392368364130094,0.8773848862093456
SO-00041,P0021,"[""D-T024-01"", ""D-T006-01""]",5562.833085123698,6890.898709755457,4974.822632399737,5562.833085123698,7316.283062320727,7616.283062320727,7616.283062320727,8362.882808835457,0.6070147606516407,0.8103078872963623
SO-00042,P0021,"[""D-T006-01""]",5874.491058349609,6890.898709755457,5286.480605625648,5874.491058349609,7316.283062320727,7616.283062320727,7616.283062320727,8324.196098617309,0.5117859354992789,0.8400668951564754
SO-00043,P0022,"[""D-T014-01""]",2131.391058349609,2556.8499085449344,1557.610975507985,2131.391058349609,2947.1544090094426,3247.1544090094426,3247.1544090094426,3885.221856978229,0.3398583334616287,0.893794270793241
SO-00044,P0022,"[""D-T025-01""]",3812.691058349609,4650.540049007688,3238.910975507985,3812.691058349609,5040.844549472196,5340.844549472196,5340.844549472196,6030.1027874463425,0.465866431936359,0.8544167400198879
SO-00045,P0022,"[""D-T024-01""]",5562.833085123698,6188.419593866759,4989.053002282074,5562.833085123698,6578.724094331267,6878.724094331267,6878.724094331267,7541.6337776926985,0.40100845135121466,0.8746848589527454
SO-00046,P0023,"[""D-T014-01""]",2131.391058349609,2556.8499085449344,1535.110975507985,2131.391058349609,2977.1544090094426,3277.1544090094426,3277.1544090094426,3918.4704463879516,0.34785486123940645,0.8912953558626855
SO-00047,P0023,"[""D-T025-01""]",3812.691058349609,4650.540049007688,3216.410975507985,3812.691058349609,5070.844549472196,5370.844549472196,5370.844549472196,6063.351376856064,0.4738629597141368,0.8519178250893322
SO-00048,P0023,"[""D-T024-01""]",5562.833085123698,6188.419593866759,4966.553002282074,5562.833085123698,6608.724094331267,6908.724094331267,6908.724094331267,7574.88236710242,0.4090049791289924,0.8721859440221899
SO-00049,P0024,"[""D-T014-01""]",2131.391058349609,2556.8499085449344,1497.610975507985,2131.391058349609,3027.1544090094426,3327.1544090094426,3327.1544090094426,3973.884762070822,0.36118240753570274,0.8871304976450929
SO-00050,P0024,"[""D-T010-01""]",3795.4669311523435,4319.0751995308465,3161.686848310719,3795.4669311523435,4789.379699995355,5089.379699995355,5089.379699995355,5748.293531181903,0.3911725075361182,0.877758591394963
SO-00051,P0024,"[""D-T010-01"", ""D-T025-01""]",3795.4669311523435,4650.540049007688,3161.686848310719,3795.4669311523435,5120.844549472196,5420.844549472196,5420.844549472196,6120.903756939289,0.4924534337651531,0.8461083019483897
SO-00052,P0024,"[""D-T010-01"", ""D-T025-01"", ""D-T007-01""]",3795.4669311523435,5233.779741859949,3161.686848310719,3795.4669311523435,5704.084242324458,6004.084242324458,6004.084242324458,6776.542126942482,0.6706655621366774,0.7904170118322883
SO-00053,P0024,"[""D-T025-01""]",3812.691058349609,4650.540049007688,3178.910975507985,3812.691058349609,5120.844549472196,5420.844549472196,5420.844549472196,6118.765692538935,0.48719050601043307,0.8477529668717396
SO-00054,P0024,"[""D-T025-01"", ""D-T007-01""]",3812.691058349609,5233.779741859949,3178.910975507985,3812.691058349609,5704.084242324458,6004.084242324458,6004.084242324458,6774.404062542128,0.6654026343819572,0.7920616767556383
SO-00055,P0024,"[""D-T025-01"", ""D-T007-01"", ""D-T024-01""]",3812.691058349609,6188.419593866759,3178.910975507985,3812.691058349609,6658.724094331267,6958.724094331267,6958.724094331267,7847.545215622699,0.9570981447173713,0.7009068297758214
SO-00056,P0024,"[""D-T007-01""]",3953.5092700195314,5233.779741859949,3319.729187177907,3953.5092700195314,5704.084242324458,6004.084242324458,6004.084242324458,6756.924024114351,0.6223748474828144,0.8055078601616206
SO-00057,P0024,"[""D-T007-01"", ""D-T024-01""]",3953.5092700195314,6188.419593866759,3319.729187177907,3953.5092700195314,6658.724094331267,6958.724094331267,6958.724094331267,7830.065177194922,0.9140703578182285,0.7143530131818037
SO-00058,P0024,"[""D-T007-01"", ""D-T024-01"", ""D-T006-01""]",3953.5092700195314,6890.898709755457,3319.729187177907,3953.5092700195314,7361.2032102199655,7661.2032102199655,7661.2032102199655,8619.7443916705,1.1287167543397754,0.6472760142688202
SO-00059,P0024,"[""D-T024-01""]",5562.833085123698,6188.419593866759,4929.053002282074,5562.833085123698,6658.724094331267,6958.724094331267,6958.724094331267,7630.296682785291,0.4223325254252887,0.8680210858045972
SO-00060,P0024,"[""D-T024-01"", ""D-T006-01""]",5562.833085123698,6890.898709755457,4929.053002282074,5562.833085123698,7361.2032102199655,7661.2032102199655,7661.2032102199655,8419.975897260867,0.6369789219468354,0.800944086891614
SO-00061,P0024,"[""D-T024-01"", ""D-T006-01"", ""D-T011-01""]",5562.833085123698,7398.670514035484,4929.053002282074,5562.833085123698,7868.9750144999925,8168.9750144999925,8168.9750144999925,8990.778402940237,0.7921314176990659,0.7524589319690419
SO-00062,P0024,"[""D-T006-01""]",5874.491058349609,6890.898709755457,5240.7109755079855,5874.491058349609,7361.2032102199655,7661.2032102199655,7661.2032102199655,8381.289187042721,0.5417500967944735,0.8307030947517271
SO-00063,P0024,"[""D-T006-01"", ""D-T011-01""]",5874.491058349609,7398.670514035484,5240.7109755079855,5874.491058349609,7868.9750144999925,8168.9750144999925,8168.9750144999925,8952.091692722091,0.6969025925467041,0.782217939829155
SO-00064,P0024,"[""D-T011-01""]",6783.520317382812,7398.670514035484,6149.740234541188,6783.520317382812,7868.9750144999925,8168.9750144999925,8168.9750144999925,8839.252123241407,0.4191436522865587,0.8690176086604504
SO-00065,P0025,"[""D-T014-01""]",2131.391058349609,2556.8499085449344,1436.4126876570217,2131.391058349609,3076.4939703589407,3376.4939703589407,3376.4939703589407,4039.654141310578,0.401625036188645,0.8744921761910485
SO-00066,P0025,"[""D-T025-01""]",3812.691058349609,4650.540049007688,3117.712687657022,3812.691058349609,5170.184110821695,5470.184110821695,5470.184110821695,6184.535071778691,0.5276331346633754,0.8351146454176952
SO-00067,P0025,"[""D-T024-01""]",5562.833085123698,6188.419593866759,4867.854714431111,5562.833085123698,6708.063655680766,7008.063655680766,7008.063655680766,7696.066062025047,0.46277515407823094,0.8553827643505528
SO-00068,P0026,"[""D-T014-01""]",2131.391058349609,2556.8499085449344,1440.0650975284411,2131.391058349609,3080.3415604875217,3380.3415604875217,3380.3415604875217,4043.513808782328,0.40165476503337005,0.8744828859270719
SO-00069,P0026,"[""D-T010-01""]",3795.4669311523435,4319.0751995308465,3104.1409703311756,3795.4669311523435,4842.566851473433,5142.566851473433,5142.566851473433,5817.922577893409,0.4316448650337855,0.8651109796769421
SO-00070,P0026,"[""D-T010-01"", ""D-T025-01""]",3795.4669311523435,4650.540049007688,3104.1409703311756,3795.4669311523435,5174.031700950275,5474.031700950275,5474.031700950275,6190.532803650796,0.5329257912628205,0.8334606902303686
SO-00071,P0026,"[""D-T025-01""]",3812.691058349609,4650.540049007688,3121.3650975284413,3812.691058349609,5174.031700950275,5474.031700950275,5474.031700950275,6188.394739250441,0.5276628635081004,0.8351053551537186
SO-00072,P0026,"[""D-T024-01""]",5562.833085123698,6188.419593866759,4871.5071243025295,5562.833085123698,6711.911245809346,7011.911245809346,7011.911245809346,7699.9257294967965,0.462804882922956,0.8553734740865763
SO-00073,P0026,"[""D-T024-01"", ""D-T011-01""]",5562.833085123698,7398.670514035484,4871.5071243025295,5562.833085123698,7922.162165978071,8222.162165978072,8222.162165978072,9060.407449651746,0.8326037751967332,0.7398113202510208
SO-00074,P0026,"[""D-T011-01""]",6783.520317382812,7398.670514035484,6092.194356561644,6783.520317382812,7922.162165978071,8222.162165978072,8222.162165978072,8908.881169952914,0.459616009784226,0.8563699969424294
SO-00075,P0026,"[""D-T016-01""]",8657.740901692707,9202.37374957015,7966.414940871538,8657.740901692707,9725.865401512738,10025.865401512738,10025.865401512738,10703.830949867042,0.43806904210290604,0.8631034243428419
SO-00076,P0027,"[""D-T014-01""]",2131.391058349609,2556.8499085449344,1402.5650975284411,2131.391058349609,3130.3415604875217,3430.3415604875217,3430.3415604875217,4098.928124465198,0.41498231132966634,0.8703180277094793
SO-00077,P0027,"[""D-T010-01""]",3795.4669311523435,4319.0751995308465,3066.6409703311756,3795.4669311523435,4892.566851473433,5192.566851473433,5192.566851473433,5873.336893576279,0.4449724113300818,0.8609461214593495
SO-00078,P0027,"[""D-T010-01"", ""D-T025-01""]",3795.4669311523435,4650.540049007688,3066.6409703311756,3795.4669311523435,5224.031700950275,5524.031700950275,5524.031700950275,6245.947119333667,0.5462533375591168,0.829295832012776
SO-00079,P0027,"[""D-T010-01"", ""D-T025-01"", ""D-T007-01""]",3795.4669311523435,5233.779741859949,3066.6409703311756,3795.4669311523435,5807.271393802536,6107.271393802536,6107.271393802536,6901.58548933686,0.724465465930641,0.7736045418966747
SO-00080,P0027,"[""D-T025-01""]",3812.691058349609,4650.540049007688,3083.8650975284413,3812.691058349609,5224.031700950275,5524.031700950275,5524.031700950275,6243.809054933311,0.5409904098043967,0.830940496936126
SO-00081,P0027,"[""D-T025-01"", ""D-T007-01""]",3812.691058349609,5233.779741859949,3083.8650975284413,3812.691058349609,5807.271393802536,6107.271393802536,6107.271393802536,6899.447424936504,0.7192025381759208,0.7752492068200247
SO-00082,P0027,"[""D-T025-01"", ""D-T007-01"", ""D-T015-01""]",3812.691058349609,5358.54501329219,3083.8650975284413,3812.691058349609,5932.036665234777,6232.036665234777,6232.036665234777,7039.7000521107675,0.7573252600024387,0.7633358562492379
SO-00083,P0027,"[""D-T007-01""]",3953.5092700195314,5233.779741859949,3224.6833091983635,3953.5092700195314,5807.271393802536,6107.271393802536,6107.271393802536,6881.967386508727,0.676174751276778,0.7886953902260069
SO-00084,P0027,"[""D-T007-01"", ""D-T015-01""]",3953.5092700195314,5358.54501329219,3224.6833091983635,3953.5092700195314,5932.036665234777,6232.036665234777,6232.036665234777,7022.220013682991,0.7142974731032958,0.7767820396552201
SO-00085,P0027,"[""D-T007-01"", ""D-T015-01"", ""D-T024-01""]",3953.5092700195314,6188.419593866759,3224.6833091983635,3953.5092700195314,6761.911245809346,7061.911245809346,7061.911245809346,7955.108539589299,0.9678702616121921,0.69754054324619
SO-00086,P0027,"[""D-T015-01""]",4563.936444091797,5358.54501329219,3835.110483270629,4563.936444091797,5932.036665234777,6232.036665234777,6232.036665234777,6946.446501623673,0.5277780588034369,0.835069356623926
SO-00087,P0027,"[""D-T015-01"", ""D-T024-01""]",4563.936444091797,6188.419593866759,3835.110483270629,4563.936444091797,6761.911245809346,7061.911245809346,7061.911245809346,7879.335027529982,0.7813508473123332,0.7558278602148959
SO-00088,P0027,"[""D-T015-01"", ""D-T024-01"", ""D-T006-01""]",4563.936444091797,6890.898709755457,3835.110483270629,4563.936444091797,7464.390361698044,7764.390361698044,7764.390361698044,8669.014242005558,0.9959972438338798,0.6887508613019127
SO-00089,P0027,"[""D-T024-01""]",5562.833085123698,6188.419593866759,4834.0071243025295,5562.833085123698,6761.911245809346,7061.911245809346,7061.911245809346,7755.340045179667,0.4761324292192523,0.8512086158689837
SO-00090,P0027,"[""D-T024-01"", ""D-T006-01""]",5562.833085123698,6890.898709755457,4834.0071243025295,5562.833085123698,7464.390361698044,7764.390361698044,7764.390361698044,8545.019259655244,0.690778825740799,0.7841316169560003
SO-00091,P0027,"[""D-T024-01"", ""D-T006-01"", ""D-T011-01""]",5562.833085123698,7398.670514035484,4834.0071243025295,5562.833085123698,7972.162165978071,8272.162165978072,8272.162165978072,9115.821765334615,0.8459313214930295,0.7356464620334283
SO-00092,P0027,"[""D-T006-01""]",5874.491058349609,6890.898709755457,5145.665097528441,5874.491058349609,7464.390361698044,7764.390361698044,7764.390361698044,8506.332549437097,0.5955500005884371,0.8138906248161134
SO-00093,P0027,"[""D-T006-01"", ""D-T011-01""]",5874.491058349609,7398.670514035484,5145.665097528441,5874.491058349609,7972.162165978071,8272.162165978072,8272.162165978072,9077.135055116469,0.7507024963406677,0.7654054698935413
SO-00094,P0027,"[""D-T006-01"", ""D-T011-01"", ""D-T020-01""]",5874.491058349609,7501.5176155004,5145.665097528441,5874.491058349609,8075.009267442987,8375.009267442987,8375.009267442987,9192.748767266698,0.7821279995660586,0.7555850001356067
SO-00095,P0027,"[""D-T011-01""]",6783.520317382812,7398.670514035484,6054.694356561644,6783.520317382812,7972.162165978071,8272.162165978072,8272.162165978072,8964.295485635785,0.4729435560805223,0.8522051387248368
SO-00096,P0027,"[""D-T011-01"", ""D-T020-01""]",6783.520317382812,7501.5176155004,6054.694356561644,6783.520317382812,8075.009267442987,8375.009267442987,8375.009267442987,9079.909197786013,0.5043690593059132,0.8423846689669021
SO-00097,P0027,"[""D-T011-01"", ""D-T020-01"", ""D-T017-01""]",6783.520317382812,9216.42317828117,6054.694356561644,6783.520317382812,9789.914830223757,10089.914830223757,10089.914830223757,11007.689322613356,1.0283679812667037,0.678635005854155
SO-00098,P0027,"[""D-T020-01""]",6824.100309010106,7501.5176155004,6095.274348188937,6824.100309010106,8075.009267442987,8375.009267442987,8375.009267442987,9074.871924519779,0.4919696174197958,0.8462594945563138
SO-00099,P0027,"[""D-T020-01"", ""D-T017-01""]",6824.100309010106,9216.42317828117,6095.274348188937,6824.100309010106,9789.914830223757,10089.914830223757,10089.914830223757,11002.65204934712,1.0159685393805864,0.6825098314435667
SO-00100,P0027,"[""D-T020-01"", ""D-T017-01"", ""D-T016-01""]",6824.100309010106,9216.42317828117,6095.274348188937,6824.100309010106,9789.914830223757,10089.914830223757,10089.914830223757,11002.65204934712,1.0159685393805864,0.6825098314435667
SO-00101,P0027,"[""D-T017-01""]",8007.340901692708,9216.42317828117,7278.51494087154,8007.340901692708,9789.914830223757,10089.914830223757,10089.914830223757,10855.774093831833,0.6544228027275691,0.7954928741476346
SO-00102,P0027,"[""D-T017-01"", ""D-T016-01""]",8007.340901692708,9216.42317828117,7278.51494087154,8007.340901692708,9789.914830223757,10089.914830223757,10089.914830223757,10855.774093831833,0.6544228027275691,0.7954928741476346
SO-00103,P0027,"[""D-T016-01""]",8657.740901692707,9202.37374957015,7928.914940871538,8657.740901692707,9775.865401512738,10075.865401512738,10075.865401512738,10759.245265549913,0.4513965883992023,0.8589385661252493
SO-00104,P0028,"[""D-T014-01""]",2131.391058349609,2556.8499085449344,1317.1615903961192,2131.391058349609,3216.79791389263,3516.79791389263,3516.79791389263,4207.187080533985,0.4686502563479512,0.8535467948912653
SO-00105,P0028,"[""D-T010-01""]",3795.4669311523435,4319.0751995308465,2981.2374631988537,3795.4669311523435,4979.023204878542,5279.023204878542,5279.023204878542,5981.595849645066,0.4986403563483667,0.8441748886411354
SO-00106,P0028,"[""D-T010-01"", ""D-T025-01""]",3795.4669311523435,4650.540049007688,2981.2374631988537,3795.4669311523435,5310.488054355384,5610.488054355384,5610.488054355384,6354.206075402453,0.5999212825774016,0.812524599194562
SO-00107,P0028,"[""D-T010-01"", ""D-T025-01"", ""D-T015-01""]",3795.4669311523435,5358.54501329219,2981.2374631988537,3795.4669311523435,6018.493018639885,6318.493018639885,6318.493018639885,7150.097072579909,0.8162561327754437,0.7449199585076738
SO-00108,P0028,"[""D-T025-01""]",3812.691058349609,4650.540049007688,2998.4615903961194,3812.691058349609,5310.488054355384,5610.488054355384,5610.488054355384,6352.068011002098,0.5946583548226816,0.814169264117912
SO-00109,P0028,"[""D-T025-01"", ""D-T015-01""]",3812.691058349609,5358.54501329219,2998.4615903961194,3812.691058349609,6018.493018639885,6318.493018639885,6318.493018639885,7147.959008179554,0.8109932050207236,0.7465646234310239
SO-00110,P0028,"[""D-T025-01"", ""D-T015-01"", ""D-T024-01""]",3812.691058349609,6188.419593866759,2998.4615903961194,3812.691058349609,6848.3675992144545,7148.3675992144545,7148.3675992144545,8080.847534085862,1.06456599352962,0.6673231270219938
SO-00111,P0028,"[""D-T015-01""]",4563.936444091797,5358.54501329219,3749.7069761383073,4563.936444091797,6018.493018639885,6318.493018639885,6318.493018639885,7054.705457692459,0.5814460038217217,0.818298123805712
SO-00112,P0028,"[""D-T015-01"", ""D-T024-01""]",4563.936444091797,6188.419593866759,3749.7069761383073,4563.936444091797,6848.3675992144545,7148.3675992144545,7148.3675992144545,7987.593983598768,0.835018792330618,0.7390566273966819
SO-00113,P0028,"[""D-T015-01"", ""D-T024-01"", ""D-T011-01""]",4563.936444091797,7398.670514035484,3749.7069761383073,4563.936444091797,8058.61851938318,8358.61851938318,8358.61851938318,9348.075703753717,1.2048176846043952,0.6234944735611265
SO-00114,P0028,"[""D-T024-01""]",5562.833085123698,6188.419593866759,4748.603617170208,5562.833085123698,6848.3675992144545,7148.3675992144545,7148.3675992144545,7863.5990012484535,0.5298003742375372,0.8344373830507696
SO-00115,P0028,"[""D-T024-01"", ""D-T011-01""]",5562.833085123698,7398.670514035484,4748.603617170208,5562.833085123698,8058.61851938318,8358.61851938318,8358.61851938318,9224.080721403403,0.8995992665113144,0.7188752292152143
SO-00116,P0028,"[""D-T024-01"", ""D-T011-01"", ""D-T020-01""]",5562.833085123698,7501.5176155004,4748.603617170208,5562.833085123698,8161.465620848096,8461.465620848096,8461.465620848096,9339.694433553632,0.9310247697367053,0.7090547594572796
SO-00117,P0028,"[""D-T011-01""]",6783.520317382812,7398.670514035484,5969.290849429322,6783.520317382812,8058.61851938318,8358.61851938318,8358.61851938318,9072.554441704571,0.5266115010988072,0.8354339059066228
SO-00118,P0028,"[""D-T011-01"", ""D-T020-01""]",6783.520317382812,7501.5176155004,5969.290849429322,6783.520317382812,8161.465620848096,8461.465620848096,8461.465620848096,9188.168153854802,0.5580370043241981,0.8256134361486881
SO-00119,P0028,"[""D-T011-01"", ""D-T020-01"", ""D-T017-01""]",6783.520317382812,9216.42317828117,5969.290849429322,6783.520317382812,9876.371183628866,10176.371183628866,10176.371183628866,11115.948278682143,1.0820359262849886,0.6618637730359411
SO-00120,P0028,"[""D-T020-01""]",6824.100309010106,7501.5176155004,6009.870841056616,6824.100309010106,8161.465620848096,8461.465620848096,8461.465620848096,9183.130880588566,0.5456375624380807,0.8294882617380998
SO-00121,P0028,"[""D-T020-01"", ""D-T017-01""]",6824.100309010106,9216.42317828117,6009.870841056616,6824.100309010106,9876.371183628866,10176.371183628866,10176.371183628866,11110.911005415906,1.0696364843988713,0.6657385986253528
SO-00122,P0028,"[""D-T020-01"", ""D-T017-01"", ""D-T016-01""]",6824.100309010106,9216.42317828117,6009.870841056616,6824.100309010106,9876.371183628866,10176.371183628866,10176.371183628866,11110.911005415906,1.0696364843988713,0.6657385986253528
SO-00123,P0028,"[""D-T017-01""]",8007.340901692708,9216.42317828117,7193.111433739218,8007.340901692708,9876.371183628866,10176.371183628866,10176.371183628866,10964.03304990062,0.708090747745854,0.7787216413294207
SO-00124,P0028,"[""D-T017-01"", ""D-T016-01""]",8007.340901692708,9216.42317828117,7193.111433739218,8007.340901692708,9876.371183628866,10176.371183628866,10176.371183628866,10964.03304990062,0.708090747745854,0.7787216413294207
SO-00125,P0028,"[""D-T016-01""]",8657.740901692707,9202.37374957015,7843.511433739217,8657.740901692707,9862.321754917846,10162.321754917846,10162.321754917846,10867.504221618701,0.5050645334174872,0.8421673333070352
SO-00126,P0029,"[""D-T014-01""]",2131.391058349609,2556.8499085449344,1279.6615903961192,2131.391058349609,3266.79791389263,3566.79791389263,3566.79791389263,4262.601396216855,0.4819778026442475,0.8493819366736727
SO-00127,P0029,"[""D-T010-01""]",3795.4669311523435,4319.0751995308465,2943.7374631988537,3795.4669311523435,5029.023204878542,5329.023204878542,5329.023204878542,6037.010165327936,0.511967902644663,0.8400100304235428
SO-00128,P0029,"[""D-T010-01"", ""D-T025-01""]",3795.4669311523435,4650.540049007688,2943.7374631988537,3795.4669311523435,5360.488054355384,5660.488054355384,5660.488054355384,6409.620391085324,0.6132488288736979,0.8083597409769694
SO-00129,P0029,"[""D-T010-01"", ""D-T025-01"", ""D-T015-01""]",3795.4669311523435,5358.54501329219,2943.7374631988537,3795.4669311523435,6068.493018639885,6368.493018639885,6368.493018639885,7205.511388262779,0.82958367907174,0.7407551002900812
SO-00130,P0029,"[""D-T025-01""]",3812.691058349609,4650.540049007688,2960.9615903961194,3812.691058349609,5360.488054355384,5660.488054355384,5660.488054355384,6407.482326684968,0.6079859011189779,0.8100044059003194
SO-00131,P0029,"[""D-T025-01"", ""D-T015-01""]",3812.691058349609,5358.54501329219,2960.9615903961194,3812.691058349609,6068.493018639885,6368.493018639885,6368.493018639885,7203.3733238624245,0.8243207513170199,0.7423997652134313
SO-00132,P0029,"[""D-T025-01"", ""D-T015-01"", ""D-T024-01""]",3812.691058349609,6188.419593866759,2960.9615903961194,3812.691058349609,6898.3675992144545,7198.3675992144545,7198.3675992144545,8136.261849768733,1.077893539825916,0.6631582688044013
SO-00133,P0029,"[""D-T015-01""]",4563.936444091797,5358.54501329219,3712.2069761383073,4563.936444091797,6068.493018639885,6368.493018639885,6368.493018639885,7110.11977337533,0.594773550118018,0.8141332655881194
SO-00134,P0029,"[""D-T015-01"", ""D-T024-01""]",4563.936444091797,6188.419593866759,3712.2069761383073,4563.936444091797,6898.3675992144545,7198.3675992144545,7198.3675992144545,8043.008299281639,0.8483463386269143,0.7348917691790893
SO-00135,P0029,"[""D-T015-01"", ""D-T024-01"", ""D-T011-01""]",4563.936444091797,7398.670514035484,3712.2069761383073,4563.936444091797,8108.61851938318,8408.61851938318,8408.61851938318,9403.490019436587,1.2181452309006915,0.6193296153435339
SO-00136,P0029,"[""D-T024-01""]",5562.833085123698,6188.419593866759,4711.103617170208,5562.833085123698,6898.3675992144545,7198.3675992144545,7198.3675992144545,7919.013316931324,0.5431279205338335,0.830272524833177
SO-00137,P0029,"[""D-T024-01"", ""D-T011-01""]",5562.833085123698,7398.670514035484,4711.103617170208,5562.833085123698,8108.61851938318,8408.61851938318,8408.61851938318,9279.495037086272,0.9129268128076107,0.7147103709976217
SO-00138,P0029,"[""D-T024-01"", ""D-T011-01"", ""D-T020-01""]",5562.833085123698,7501.5176155004,4711.103617170208,5562.833085123698,8211.465620848096,8511.465620848096,8511.465620848096,9395.108749236502,0.9443523160330016,0.704889901239687
SO-00139,P0029,"[""D-T011-01""]",6783.520317382812,7398.670514035484,5931.790849429322,6783.520317382812,8108.61851938318,8408.61851938318,8408.61851938318,9127.968757387442,0.5399390473951035,0.8312690476890302
SO-00140,P0029,"[""D-T011-01"", ""D-T020-01""]",6783.520317382812,7501.5176155004,5931.790849429322,6783.520317382812,8211.465620848096,8511.465620848096,8511.465620848096,9243.582469537672,0.5713645506204944,0.8214485779310955
SO-00141,P0029,"[""D-T011-01"", ""D-T020-01"", ""D-T017-01""]",6783.520317382812,9216.42317828117,5931.790849429322,6783.520317382812,9926.371183628866,10226.371183628866,10226.371183628866,11171.362594365013,1.095363472581285,0.6576989148183484
SO-00142,P0029,"[""D-T020-01""]",6824.100309010106,7501.5176155004,5972.370841056616,6824.100309010106,8211.465620848096,8511.465620848096,8511.465620848096,9238.545196271436,0.558965108734377,0.8253234035205073
SO-00143,P0029,"[""D-T020-01"", ""D-T017-01""]",6824.100309010106,9216.42317828117,5972.370841056616,6824.100309010106,9926.371183628866,10226.371183628866,10226.371183628866,11166.325321098777,1.0829640306951676,0.6615737404077602
SO-00144,P0029,"[""D-T020-01"", ""D-T017-01"", ""D-T016-01""]",6824.100309010106,9216.42317828117,5972.370841056616,6824.100309010106,9926.371183628866,10226.371183628866,10226.371183628866,11166.325321098777,1.0829640306951676,0.6615737404077602
SO-00145,P0029,"[""D-T017-01""]",8007.340901692708,9216.42317828117,7155.611433739218,8007.340901692708,9926.371183628866,10226.371183628866,10226.371183628866,11019.44736558349,0.7214182940421503,0.7745567831118281
SO-00146,P0029,"[""D-T017-01"", ""D-T016-01""]",8007.340901692708,9216.42317828117,7155.611433739218,8007.340901692708,9926.371183628866,10226.371183628866,10226.371183628866,11019.44736558349,0.7214182940421503,0.7745567831118281
SO-00147,P0029,"[""D-T016-01""]",8657.740901692707,9202.37374957015,7806.011433739217,8657.740901692707,9912.321754917846,10212.321754917846,10212.321754917846,10922.918537301572,0.5183920797137835,0.8380024750894426
SO-00148,P0030,"[""D-T008-01""]",3138.8371114095053,3775.212635139854,2166.864950059482,3138.8371114095053,4585.345602255665,4885.345602255665,4885.345602255665,5645.469363333978,0.6403046426543102,0.799904799170528
SO-00149,P0030,"[""D-T008-01"", ""D-T010-01""]",3138.8371114095053,4319.0751995308465,2166.864950059482,3138.8371114095053,5129.208166646657,5429.208166646657,5429.208166646657,6256.842645353367,0.806484870662669,0.7479734779179159
SO-00150,P0030,"[""D-T008-01"", ""D-T010-01"", ""D-T015-01""]",3138.8371114095053,5358.54501329219,2166.864950059482,3138.8371114095053,6168.677980408001,6468.677980408001,6468.677980408001,7425.34386828821,1.124100647089746,0.6487185477844544
SO-00151,P0030,"[""D-T010-01""]",3795.4669311523435,4319.0751995308465,2823.49476980232,3795.4669311523435,5129.208166646657,5429.208166646657,5429.208166646657,6175.333909048483,0.6058479812968018,0.8106725058447495
SO-00152,P0030,"[""D-T010-01"", ""D-T015-01""]",3795.4669311523435,5358.54501329219,2823.49476980232,3795.4669311523435,6168.677980408001,6468.677980408001,6468.677980408001,7343.835131983326,0.9234637577238789,0.7114175757112879
SO-00153,P0030,"[""D-T010-01"", ""D-T015-01"", ""D-T009-01""]",3795.4669311523435,6158.850504067286,2823.49476980232,3795.4669311523435,6968.983471183097,7268.983471183097,7268.983471183097,8243.4840994779,1.168001546571825,0.6349995166963047
SO-00154,P0030,"[""D-T015-01""]",4563.936444091797,5358.54501329219,3591.964282741774,4563.936444091797,6168.677980408001,6468.677980408001,6468.677980408001,7248.443517095877,0.688653628770157,0.7847957410093259
SO-00155,P0030,"[""D-T015-01"", ""D-T009-01""]",4563.936444091797,6158.850504067286,3591.964282741774,4563.936444091797,6968.983471183097,7268.983471183097,7268.983471183097,8148.092484590452,0.9331914176181031,0.7083776819943428
SO-00156,P0030,"[""D-T015-01"", ""D-T009-01"", ""D-T011-01""]",4563.936444091797,7398.670514035484,3591.964282741774,4563.936444091797,8208.803481151295,8508.803481151295,8508.803481151295,9541.813763157132,1.3120253095528303,0.5899920907647406
SO-00157,P0030,"[""D-T009-01""]",5439.204533691406,6158.850504067286,4467.232372341383,5439.204533691406,6968.983471183097,7268.983471183097,7268.983471183097,8039.443754718278,0.6657483902404449,0.791953628049861
SO-00158,P0030,"[""D-T009-01"", ""D-T011-01""]",5439.204533691406,7398.670514035484,4467.232372341383,5439.204533691406,8208.803481151295,8508.803481151295,8508.803481151295,9433.165033284959,1.044582282175172,0.6735680368202588
SO-00159,P0030,"[""D-T009-01"", ""D-T011-01"", ""D-T020-01""]",5439.204533691406,7501.5176155004,4467.232372341383,5439.204533691406,8311.650582616212,8611.650582616212,8611.650582616212,9548.778745435191,1.076007785400563,0.6637475670623241
SO-00160,P0030,"[""D-T011-01""]",6783.520317382812,7398.670514035484,5811.548156032789,6783.520317382812,8208.803481151295,8508.803481151295,8508.803481151295,9266.292501107988,0.6338191260472423,0.8019315231102367
SO-00161,P0030,"[""D-T011-01"", ""D-T020-01""]",6783.520317382812,7501.5176155004,5811.548156032789,6783.520317382812,8311.650582616212,8611.650582616212,8611.650582616212,9381.906213258218,0.6652446292726333,0.7921110533523021
SO-00162,P0030,"[""D-T020-01""]",6824.100309010106,7501.5176155004,5852.1281476600825,6824.100309010106,8311.650582616212,8611.650582616212,8611.650582616212,9376.868939991984,0.6528451873865158,0.7959858789417138
SO-00163,P0036,"[""D-T024-01""]",5562.833085123698,6188.419593866759,5143.070718490883,5562.833085123698,6426.1756545506805,6726.1756545506805,6726.1756545506805,7319.475553022392,0.30135867858880605,0.9058254129409982
SO-00164,P0037,"[""D-T022-01""]",744.4939412434896,1136.3442151690172,340.3085695000144,744.4939412434896,1347.0058834009365,1647.0058834009365,1647.0058834009365,2099.390031842734,0.22978242460535753,0.9281929923108257
SO-00165,P0037,"[""D-T016-01""]",8657.740901692707,9202.37374957015,8253.555529949232,8657.740901692707,9413.03541780207,9713.03541780207,9713.03541780207,10257.327833386817,0.27646598886844287,0.9136043784786116
SO-00166,P0038,"[""D-T022-01""]",744.4939412434896,1136.3442151690172,317.8085695000144,744.4939412434896,1377.0058834009365,1677.0058834009365,1677.0058834009365,2145.133195905234,0.23777895238313534,0.9256940773802702
SO-00167,P0038,"[""D-T016-01""]",8657.740901692707,9202.37374957015,8231.055529949232,8657.740901692707,9443.03541780207,9743.03541780207,9743.03541780207,10303.070997449317,0.28446251664622063,0.9111054635480561
SO-00168,P0039,"[""D-T022-01""]",744.4939412434896,1136.3442151690172,280.3085695000144,744.4939412434896,1427.0058834009365,1727.0058834009365,1727.0058834009365,2221.3718026760675,0.25110649867943163,0.9215292191626776
SO-00169,P0039,"[""D-T024-01""]",5562.833085123698,6188.419593866759,5098.647713380223,5562.833085123698,6479.081262098678,6779.081262098678,6779.081262098678,7410.107410502221,0.3225259037625669,0.8992106550741978
SO-00170,P0039,"[""D-T016-01""]",8657.740901692707,9202.37374957015,8193.555529949232,8657.740901692707,9493.03541780207,9793.03541780207,9793.03541780207,10379.30960422015,0.2977900629425169,0.9069406053304635
SO-00171,P0040,"[""D-T022-01""]",744.4939412434896,1136.3442151690172,245.50433566656545,744.4939412434896,1441.7594122783307,1741.7594122783307,1741.7594122783307,2297.0016613671196,0.28202780906097225,0.9118663096684462
SO-00172,P0041,"[""D-T022-01""]",744.4939412434896,1136.3442151690172,248.03613243984017,744.4939412434896,1446.727615505056,1746.727615505056,1746.727615505056,2302.700469289457,0.28239890985874316,0.9117503406691427
SO-00173,P0041,"[""D-T016-01""]",8657.740901692707,9202.37374957015,8161.283092889058,8657.740901692707,9512.757149906189,9812.757149906189,9812.757149906189,10446.446905018181,0.32908247412182845,0.8971617268369286
SO-00174,P0042,"[""D-T022-01""]",744.4939412434896,1136.3442151690172,210.53613243984017,744.4939412434896,1496.727615505056,1796.727615505056,1796.727615505056,2378.93907606029,0.2957264561550395,0.9075854824515501
SO-00175,P0042,"[""D-T014-01""]",2131.391058349609,2556.8499085449344,1597.4332495459596,2131.391058349609,2917.2333088809733,3217.2333088809733,3217.2333088809733,3819.662428598507,0.3059957433485888,0.904376330203566
SO-00176,P0042,"[""D-T010-01""]",3795.4669311523435,4319.0751995308465,3261.509122348694,3795.4669311523435,4679.458599866885,4979.458599866885,4979.458599866885,5615.952848727418,0.3359858433490043,0.8950044239534362
SO-00177,P0042,"[""D-T011-01""]",6783.520317382812,7398.670514035484,6249.562508579163,6783.520317382812,7759.053914371523,8059.053914371523,8059.053914371523,8706.911440786922,0.36395698809944477,0.8862634412189235
SO-00178,P0042,"[""D-T016-01""]",8657.740901692707,9202.37374957015,8123.783092889058,8657.740901692707,9562.757149906189,9862.757149906189,9862.757149906189,10501.861220701052,0.3424100204181248,0.892996868619336
SO-00179,P0043,"[""D-T022-01""]",744.4939412434896,1136.3442151690172,167.97163503869712,744.4939412434896,1522.5797715976053,1822.5797715976053,1822.5797715976053,2458.8133354975453,0.33534415729215983,0.8952049508462001
SO-00180,P0043,"[""D-T010-01""]",3795.4669311523435,4319.0751995308465,3218.944624947551,3795.4669311523435,4705.310755959435,5005.310755959435,5005.310755959435,5657.899695906923,0.37560354448612454,0.882623892348086
SO-00181,P0043,"[""D-T011-01""]",6783.520317382812,7398.670514035484,6206.99801117802,6783.520317382812,7784.906070464072,8084.906070464072,8084.906070464072,8748.858287966426,0.4035746892365651,0.8738829096135734
SO-00182,P0044,"[""D-T022-01""]",744.4939412434896,1136.3442151690172,150.8252956221932,744.4939412434896,1547.2261110141092,1847.2261110141092,1847.2261110141092,2486.0457178447314,0.34170980142922447,0.8932156870533674
SO-00183,P0044,"[""D-T010-01""]",3795.4669311523435,4319.0751995308465,3201.798285531047,3795.4669311523435,4729.9570953759385,5029.9570953759385,5029.9570953759385,5685.132078254109,0.3819691886231892,0.8806346285552534
SO-00184,P0044,"[""D-T011-01""]",6783.520317382812,7398.670514035484,6189.851671761516,6783.520317382812,7809.552409880576,8109.552409880576,8109.552409880576,8776.090670313613,0.40994033337362973,0.8718936458207407
SO-00185,P0044,"[""D-T016-01""]",8657.740901692707,9202.37374957015,8064.072256071411,8657.740901692707,9613.255645415242,9913.255645415242,9913.255645415242,10571.040450227743,0.38839336569230976,0.8786270732211532
SO-00186,P0045,"[""D-T022-01""]",744.4939412434896,1136.3442151690172,113.32529562219321,744.4939412434896,1597.2261110141092,1897.2261110141092,1897.2261110141092,2541.460033527602,0.35503734772552076,0.8890508288357748
SO-00187,P0045,"[""D-T022-01"", ""D-T004-01""]",744.4939412434896,1599.0794106485098,113.32529562219321,744.4939412434896,2059.961306493602,2359.961306493602,2359.961306493602,3061.635448584844,0.49642865745536574,0.8448660445451982
SO-00188,P0045,"[""D-T022-01"", ""D-T004-01"", ""D-T014-01""]",744.4939412434896,2556.8499085449344,113.32529562219321,744.4939412434896,3017.7318043900264,3317.7318043900264,3317.7318043900264,4138.295860716676,0.7890807540348288,0.753412264364116
SO-00189,P0045,"[""D-T004-01""]",750.5149475097656,1599.0794106485098,119.34630188846921,750.5149475097656,2059.961306493602,2359.961306493602,2359.961306493602,3060.888049369499,0.49458890554067025,0.8454409670185405
SO-00190,P0045,"[""D-T004-01"", ""D-T014-01""]",750.5149475097656,2556.8499085449344,119.34630188846921,750.5149475097656,3017.7318043900264,3317.7318043900264,3317.7318043900264,4137.54846150133,0.7872410021201335,0.7539871868374584
SO-00191,P0045,"[""D-T004-01"", ""D-T014-01"", ""D-T005-01""]",750.5149475097656,3180.1895581818935,119.34630188846921,750.5149475097656,3641.0714540269855,3941.0714540269855,3941.0714540269855,4838.264473897045,0.9777058950647599,0.6944669077922625
SO-00192,P0045,"[""D-T014-01""]",2131.391058349609,2556.8499085449344,1500.2224127283125,2131.391058349609,3017.7318043900264,3317.7318043900264,3317.7318043900264,3966.1376248258985,0.3653066349190701,0.8858416765877906
SO-00193,P0045,"[""D-T014-01"", ""D-T005-01""]",2131.391058349609,3180.1895581818935,1500.2224127283125,2131.391058349609,3641.0714540269855,3941.0714540269855,3941.0714540269855,4666.853637221612,0.5557715278636965,0.8263213975425948
SO-00194,P0045,"[""D-T014-01"", ""D-T005-01"", ""D-T010-01""]",2131.391058349609,4319.0751995308465,1500.2224127283125,2131.391058349609,4779.9570953759385,5079.9570953759385,5079.9570953759385,5947.111367731069,0.9037643627203211,0.7175736366498997
SO-00195,P0045,"[""D-T005-01""]",2246.017937011719,3180.1895581818935,1614.8492913904224,2246.017937011719,3641.0714540269855,3941.0714540269855,3941.0714540269855,4652.624779887687,0.5207466482724963,0.837266672414845
SO-00196,P0045,"[""D-T005-01"", ""D-T010-01""]",2246.017937011719,4319.0751995308465,1614.8492913904224,2246.017937011719,4779.9570953759385,5079.9570953759385,5079.9570953759385,5932.882510397144,0.8687394831291209,0.7285189115221498
SO-00197,P0045,"[""D-T010-01""]",3795.4669311523435,4319.0751995308465,3164.298285531047,3795.4669311523435,4779.9570953759385,5079.9570953759385,5079.9570953759385,5740.546393936979,0.39529673491948547,0.8764697703376608
SO-00198,P0045,"[""D-T024-01""]",5562.833085123698,6188.419593866759,4931.664439502401,5562.833085123698,6649.301489711851,6949.301489711851,6949.301489711851,7622.549545540367,0.426456752808656,0.866732264747295
SO-00199,P0045,"[""D-T024-01"", ""D-T011-01""]",5562.833085123698,7398.670514035484,4931.664439502401,5562.833085123698,7859.552409880576,8159.552409880576,8159.552409880576,8983.031265695314,0.7962556450824332,0.7511701109117397
SO-00200,P0045,"[""D-T011-01""]",6783.520317382812,7398.670514035484,6152.351671761516,6783.520317382812,7859.552409880576,8159.552409880576,8159.552409880576,8831.504985996484,0.423267879669926,0.8677287876031481
SO-00201,P0045,"[""D-T016-01""]",8657.740901692707,9202.37374957015,8026.572256071411,8657.740901692707,9663.255645415242,9963.255645415242,9963.255645415242,10626.454765910614,0.40172091198860604,0.8744622150035606
SO-00202,P0047,"[""D-T010-01""]",3795.4669311523435,4319.0751995308465,3121.4779827824027,3795.4669311523435,4805.9213139367575,5105.9213139367575,5105.9213139367575,5783.448349445139,0.436989625866784,0.86344074191663
SO-00203,P0047,"[""D-T011-01""]",6783.520317382812,7398.670514035484,6109.531369012871,6783.520317382812,7885.516628441395,8185.516628441395,8185.516628441395,8874.406941504643,0.4649607706172245,0.8546997591821174
SO-00204,P0048,"[""D-T004-01""]",750.5149475097656,1599.0794106485098,39.025999139824705,750.5149475097656,2135.925525054421,2435.925525054421,2435.925525054421,3159.2043205605287,0.5496093427842651,0.8282470803799171
SO-00205,P0048,"[""D-T004-01"", ""D-T005-01""]",750.5149475097656,3180.1895581818935,39.025999139824705,750.5149475097656,3717.0356725878046,4017.0356725878046,4017.0356725878046,4936.580745088074,1.0327263323083546,0.6772730211536392
SO-00206,P0048,"[""D-T004-01"", ""D-T005-01"", ""D-T010-01""]",750.5149475097656,4319.0751995308465,39.025999139824705,750.5149475097656,4855.9213139367575,5155.9213139367575,5155.9213139367575,6216.83847559753,1.3807191671649792,0.5685252602609441
SO-00207,P0048,"[""D-T005-01""]",2246.017937011719,3180.1895581818935,1534.528988641778,2246.017937011719,3717.0356725878046,4017.0356725878046,4017.0356725878046,4750.941051078717,0.5757670855160911,0.8200727857762216
SO-00208,P0048,"[""D-T005-01"", ""D-T010-01""]",2246.017937011719,4319.0751995308465,1534.528988641778,2246.017937011719,4855.9213139367575,5155.9213139367575,5155.9213139367575,6031.198781588173,0.9237599203727156,0.7113250248835263
SO-00209,P0048,"[""D-T010-01""]",3795.4669311523435,4319.0751995308465,3083.9779827824027,3795.4669311523435,4855.9213139367575,5155.9213139367575,5155.9213139367575,5838.862665128009,0.4503171721630803,0.8592758836990374
SO-00210,P0048,"[""D-T011-01""]",6783.520317382812,7398.670514035484,6072.031369012871,6783.520317382812,7935.516628441395,8235.516628441395,8235.516628441395,8929.821257187514,0.47828831691352086,0.8505349009645248
SO-00211,P0049,"[""D-T005-01""]",2246.017937011719,3180.1895581818935,1442.3251131858833,2246.017937011719,3807.9750699960105,4107.9750699960105,4107.9750699960105,4866.248714197796,0.6357505088043962,0.8013279659986262
SO-00212,P0049,"[""D-T005-01"", ""D-T010-01""]",2246.017937011719,4319.0751995308465,1442.3251131858833,2246.017937011719,4946.860711344963,5246.860711344963,5246.860711344963,6146.506444707253,0.9837433436610208,0.6925802051059311
SO-00213,P0049,"[""D-T005-01"", ""D-T010-01"", ""D-T015-01""]",2246.017937011719,5358.54501329219,1442.3251131858833,2246.017937011719,5986.330525106307,6286.330525106307,6286.330525106307,7315.007667642096,1.3013591200880978,0.5933252749724695
SO-00214,P0049,"[""D-T010-01""]",3795.4669311523435,4319.0751995308465,2991.774107326508,3795.4669311523435,4946.860711344963,5246.860711344963,5246.860711344963,5954.170328247089,0.5103005954513855,0.8405310639214421
SO-00215,P0049,"[""D-T010-01"", ""D-T015-01""]",3795.4669311523435,5358.54501329219,2991.774107326508,3795.4669311523435,5986.330525106307,6286.330525106307,6286.330525106307,7122.671551181932,0.8279163718784626,0.7412761337879805
SO-00216,P0049,"[""D-T015-01""]",4563.936444091797,5358.54501329219,3760.2436202659615,4563.936444091797,5986.330525106307,6286.330525106307,6286.330525106307,7027.2799362944825,0.5931062429247407,0.8146542990860186
SO-00217,P0049,"[""D-T011-01""]",6783.520317382812,7398.670514035484,5979.827493556977,6783.520317382812,8026.456025849601,8326.456025849602,8326.456025849602,9045.128920306593,0.538271740201826,0.8317900811869294
SO-00218,P0049,"[""D-T011-01"", ""D-T020-01""]",6783.520317382812,7501.5176155004,5979.827493556977,6783.520317382812,8129.303127314517,8429.303127314517,8429.303127314517,9160.742632456824,0.569697243427217,0.8219696114289947
SO-00219,P0049,"[""D-T020-01""]",6824.100309010106,7501.5176155004,6020.407485184271,6824.100309010106,8129.303127314517,8429.303127314517,8429.303127314517,9155.70535919059,0.5572978015410994,0.8258444370184064
SO-00220,P0055,"[""D-T022-01""]",744.4939412434896,1136.3442151690172,419.54862144168635,744.4939412434896,1278.357905535599,1578.357905535599,1578.357905535599,1913.338097948212,0.1701486691619622,0.9468285408868868
SO-00221,P0055,"[""D-T016-01""]",8657.740901692707,9202.37374957015,8332.795581890903,8657.740901692707,9344.387439936732,9644.387439936732,9644.387439936732,10071.275899492295,0.21683223342504748,0.9322399270546726
SO-00222,P0057,"[""D-T022-01""]",744.4939412434896,1136.3442151690172,407.7063573511422,744.4939412434896,1278.9927581779825,1578.9927581779825,1578.9927581779825,1947.6334160758242,0.18724604845604664,0.9414856098574854
SO-00223,P0057,"[""D-T016-01""]",8657.740901692707,9202.37374957015,8320.953317800358,8657.740901692707,9345.022292579115,9645.022292579115,9645.022292579115,10105.571217619905,0.23392961271913196,0.9268969960252713
SO-00224,P0058,"[""D-T022-01""]",744.4939412434896,1136.3442151690172,370.20635735114206,744.4939412434896,1328.9927581779825,1628.9927581779825,1628.9927581779825,2023.8720228466577,0.20057359475234293,0.9373207516398928
SO-00225,P0058,"[""D-T016-01""]",8657.740901692707,9202.37374957015,8283.453317800358,8657.740901692707,9395.022292579115,9695.022292579115,9695.022292579115,10181.809824390739,0.24725715901542825,0.9227321378076787
SO-00226,P0059,"[""D-T022-01""]",744.4939412434896,1136.3442151690172,324.96242326931383,744.4939412434896,1356.644883940719,1656.644883940719,1656.644883940719,2137.8873603809643,0.24444062295377567,0.9236123053269452
SO-00227,P0060,"[""D-T022-01""]",744.4939412434896,1136.3442151690172,302.46242326931383,744.4939412434896,1386.644883940719,1686.644883940719,1686.644883940719,2183.630524443465,0.25243715073155343,0.9211133903963895
SO-00228,P0060,"[""D-T016-01""]",8657.740901692707,9202.37374957015,8215.709383718531,8657.740901692707,9452.674418341852,9752.674418341852,9752.674418341852,10341.568325987548,0.29912071499463877,0.9065247765641754
SO-00229,P0061,"[""D-T022-01""]",744.4939412434896,1136.3442151690172,264.96242326931383,744.4939412434896,1436.644883940719,1736.644883940719,1736.644883940719,2259.869131214298,0.2657646970278497,0.916948532178797
SO-00230,P0061,"[""D-T010-01""]",3795.4669311523435,4319.0751995308465,3315.9354131781674,3795.4669311523435,4619.375868302548,4919.375868302548,4919.375868302548,5521.860784114246,0.3060240842218145,0.9043674736806829
SO-00231,P0061,"[""D-T011-01""]",6783.520317382812,7398.670514035484,6303.988799408637,6783.520317382812,7698.971182807186,7998.971182807186,7998.971182807186,8634.656744577165,0.333995228972255,0.8956264909461703
SO-00232,P0061,"[""D-T016-01""]",8657.740901692707,9202.37374957015,8178.209383718531,8657.740901692707,9502.674418341852,9802.674418341852,9802.674418341852,10417.80693275838,0.31244826129093506,0.9023599183465828
SO-00233,P0062,"[""D-T022-01""]",744.4939412434896,1136.3442151690172,189.5172622940703,744.4939412434896,1492.6826250754677,1792.6826250754677,1792.6826250754677,2420.7738076493038,0.31903044194226615,0.9003029868930419
SO-00234,P0062,"[""D-T010-01""]",3795.4669311523435,4319.0751995308465,3240.4902522029242,3795.4669311523435,4675.413609437297,4975.413609437297,4975.413609437297,5621.375102523891,0.35928982913623086,0.8877219283949278
SO-00235,P0062,"[""D-T011-01""]",6783.520317382812,7398.670514035484,6228.5436384333925,6783.520317382812,7755.008923941935,8055.008923941935,8055.008923941935,8712.333694583394,0.3872609738866714,0.8789809456604152
SO-00236,P0063,"[""D-T022-01""]",744.4939412434896,1136.3442151690172,201.24405367590623,744.4939412434896,1488.4558336936318,1788.4558336936318,1788.4558336936318,2411.7630187277887,0.31660047493798466,0.9010623515818799
SO-00237,P0063,"[""D-T010-01""]",3795.4669311523435,4319.0751995308465,3252.21704358476,3795.4669311523435,4671.186818055461,4971.186818055461,4971.186818055461,5616.161137046565,0.3568598621319494,0.8884812930837658
SO-00238,P0063,"[""D-T011-01""]",6783.520317382812,7398.670514035484,6240.270429815228,6783.520317382812,7750.782132560099,8050.782132560099,8050.782132560099,8707.11972910607,0.3848310068823899,0.8797403103492532
SO-00239,P0064,"[""D-T022-01""]",744.4939412434896,1136.3442151690172,163.74405367590623,744.4939412434896,1538.4558336936318,1838.4558336936318,1838.4558336936318,2472.4890923200583,0.32992802123428094,0.8968974933642873
SO-00240,P0064,"[""D-T022-01"", ""D-T004-01""]",744.4939412434896,1599.0794106485098,163.74405367590623,744.4939412434896,2001.1910291731244,2301.1910291731247,2301.1910291731247,2992.6645073773007,0.4713193309641259,0.8527127090737107
SO-00241,P0064,"[""D-T022-01"", ""D-T004-01"", ""D-T005-01""]",744.4939412434896,3180.1895581818935,163.74405367590623,744.4939412434896,3582.301176706508,3882.301176706508,3882.301176706508,4770.040931904846,0.9544363204882154,0.7017386498474327
SO-00242,P0064,"[""D-T004-01""]",750.5149475097656,1599.0794106485098,169.76505994218223,750.5149475097656,2001.1910291731244,2301.1910291731247,2301.1910291731247,2991.9171081619556,0.46947957904943044,0.853287631547053
SO-00243,P0064,"[""D-T004-01"", ""D-T005-01""]",750.5149475097656,3180.1895581818935,169.76505994218223,750.5149475097656,3582.301176706508,3882.301176706508,3882.301176706508,4769.2935326895,0.95259656857352,0.702313572320775
SO-00244,P0064,"[""D-T004-01"", ""D-T005-01"", ""D-T010-01""]",750.5149475097656,4319.0751995308465,169.76505994218223,750.5149475097656,4721.186818055461,5021.186818055461,5021.186818055461,6049.551263198957,1.3005894034301444,0.59356581142808
SO-00245,P0064,"[""D-T005-01""]",2246.017937011719,3180.1895581818935,1665.2680494441356,2246.017937011719,3582.301176706508,3882.301176706508,3882.301176706508,4583.653838680144,0.49563732178125647,0.8451133369433573
SO-00246,P0064,"[""D-T005-01"", ""D-T010-01""]",2246.017937011719,4319.0751995308465,1665.2680494441356,2246.017937011719,4721.186818055461,5021.186818055461,5021.186818055461,5863.9115691896,0.843630156637881,0.7363655760506622
SO-00247,P0064,"[""D-T010-01""]",3795.4669311523435,4319.0751995308465,3214.71704358476,3795.4669311523435,4721.186818055461,5021.186818055461,5021.186818055461,5671.575452729436,0.3701874084282457,0.8843164348661732
SO-00248,P0064,"[""D-T011-01""]",6783.520317382812,7398.670514035484,6202.770429815228,6783.520317382812,7800.782132560099,8100.782132560099,8100.782132560099,8762.53404478894,0.3981585531786862,0.8755754521316605
SO-00249,P0064,"[""D-T016-01""]",8657.740901692707,9202.37374957015,8076.991014125124,8657.740901692707,9604.485368094765,9904.485368094765,9904.485368094765,10557.483824703071,0.37661158549736623,0.882308879532073
SO-00250,P0065,"[""D-T010-01""]",3795.4669311523435,4319.0751995308465,3148.0457760225536,3795.4669311523435,4770.0037765356365,5070.0037765356365,5070.0037765356365,5741.082166544973,0.42111603694605826,0.8684012384543568
SO-00251,P0065,"[""D-T011-01""]",6783.520317382812,7398.670514035484,6136.099162253023,6783.520317382812,7849.599091040274,8149.599091040274,8149.599091040274,8832.040758604477,0.44908718169649875,0.8596602557198442
SO-00252,P0066,"[""D-T022-01""]",744.4939412434896,1136.3442151690172,95.0698462536738,744.4939412434896,1596.775732033833,1896.775732033833,1896.775732033833,2552.2107055957754,0.3826091656909348,0.8804346357215829
SO-00253,P0066,"[""D-T010-01""]",3795.4669311523435,4319.0751995308465,3146.0428361625277,3795.4669311523435,4779.506716395663,5079.506716395663,5079.506716395663,5751.297066005153,0.42286855288489955,0.8678535772234689
SO-00254,P0066,"[""D-T011-01""]",6783.520317382812,7398.670514035484,6134.096222392996,6783.520317382812,7859.1020309003,8159.1020309003,8159.1020309003,8842.255658064656,0.45083969763534004,0.8591125944889563
SO-00255,P0067,"[""D-T022-01""]",744.4939412434896,1136.3442151690172,57.5698462536738,744.4939412434896,1646.775732033833,1946.775732033833,1946.775732033833,2607.625021278646,0.39593671198723107,0.8762697775039903
SO-00256,P0067,"[""D-T022-01"", ""D-T004-01""]",744.4939412434896,1599.0794106485098,57.5698462536738,744.4939412434896,2109.5109275133254,2409.5109275133254,2409.5109275133254,3127.8004363358878,0.537328021717076,0.8320849932134138
SO-00257,P0067,"[""D-T022-01"", ""D-T004-01"", ""D-T005-01""]",744.4939412434896,3180.1895581818935,57.5698462536738,744.4939412434896,3690.6210750467094,3990.6210750467094,3990.6210750467094,4905.176860863433,1.0204450112411654,0.6811109339871358
SO-00258,P0067,"[""D-T004-01""]",750.5149475097656,1599.0794106485098,63.590852519949806,750.5149475097656,2109.5109275133254,2409.5109275133254,2409.5109275133254,3127.0530371205427,0.5354882698023806,0.832659915686756
SO-00259,P0067,"[""D-T004-01"", ""D-T005-01""]",750.5149475097656,3180.1895581818935,63.590852519949806,750.5149475097656,3690.6210750467094,3990.6210750467094,3990.6210750467094,4904.429461648087,1.01860525932647,0.6816858564604782
SO-00260,P0067,"[""D-T004-01"", ""D-T005-01"", ""D-T010-01""]",750.5149475097656,4319.0751995308465,63.590852519949806,750.5149475097656,4829.506716395663,5129.506716395663,5129.506716395663,6184.687192157545,1.3665980941830946,0.572938095567783
SO-00261,P0067,"[""D-T005-01""]",2246.017937011719,3180.1895581818935,1559.0938420219031,2246.017937011719,3690.6210750467094,3990.6210750467094,3990.6210750467094,4718.789767638731,0.5616460125342067,0.8244856210830604
SO-00262,P0067,"[""D-T005-01"", ""D-T010-01""]",2246.017937011719,4319.0751995308465,1559.0938420219031,2246.017937011719,4829.506716395663,5129.506716395663,5129.506716395663,5999.0474981481875,0.9096388473908311,0.7157378601903652
SO-00263,P0067,"[""D-T010-01""]",3795.4669311523435,4319.0751995308465,3108.5428361625277,3795.4669311523435,4829.506716395663,5129.506716395663,5129.506716395663,5806.711381688024,0.43619609918119584,0.8636887190058763
SO-00264,P0067,"[""D-T011-01""]",6783.520317382812,7398.670514035484,6096.596222392996,6783.520317382812,7909.1020309003,8209.1020309003,8209.1020309003,8897.669973747526,0.46416724393163633,0.8549477362713637
SO-00265,P0067,"[""D-T016-01""]",8657.740901692707,9202.37374957015,7970.816806702891,8657.740901692707,9712.805266434965,10012.805266434965,10012.805266434965,10692.619753661656,0.44262027625031636,0.8616811636717762
SO-00266,P0068,"[""D-T005-01""]",2246.017937011719,3180.1895581818935,1450.9339880179941,2246.017937011719,3801.5517496682937,4101.551749668293,4101.551749668293,4856.835862018119,0.6283916611688009,0.8036276058847498
SO-00267,P0068,"[""D-T005-01"", ""D-T008-01""]",2246.017937011719,3775.212635139854,1450.9339880179941,2246.017937011719,4396.574826626254,4696.574826626254,4696.574826626254,5525.720310508188,0.8102042680170665,0.7468111662446668
SO-00268,P0068,"[""D-T005-01"", ""D-T008-01"", ""D-T010-01""]",2246.017937011719,4319.0751995308465,1450.9339880179941,2246.017937011719,4940.437391017247,5240.437391017247,5240.437391017247,6137.093592527576,0.9763844960254253,0.6948798449920546
SO-00269,P0068,"[""D-T008-01""]",3138.8371114095053,3775.212635139854,2343.7531624157805,3138.8371114095053,4396.574826626254,4696.574826626254,4696.574826626254,5414.892930352907,0.5373984091732984,0.8320629971333442
SO-00270,P0068,"[""D-T008-01"", ""D-T010-01""]",3138.8371114095053,4319.0751995308465,2343.7531624157805,3138.8371114095053,4940.437391017247,5240.437391017247,5240.437391017247,6026.266212372295,0.7035786371816573,0.7801316758807322
SO-00271,P0068,"[""D-T008-01"", ""D-T010-01"", ""D-T015-01""]",3138.8371114095053,5358.54501329219,2343.7531624157805,3138.8371114095053,5979.90720477859,6279.90720477859,6279.90720477859,7194.767435307139,1.0211944136087343,0.6808767457472705
SO-00272,P0068,"[""D-T010-01""]",3795.4669311523435,4319.0751995308465,3000.3829821586187,3795.4669311523435,4940.437391017247,5240.437391017247,5240.437391017247,5944.7574760674115,0.50294174781579,0.8428307038075656
SO-00273,P0068,"[""D-T010-01"", ""D-T015-01""]",3795.4669311523435,5358.54501329219,3000.3829821586187,3795.4669311523435,5979.90720477859,6279.90720477859,6279.90720477859,7113.2586990022555,0.8205575242428671,0.743575773674104
SO-00274,P0068,"[""D-T010-01"", ""D-T015-01"", ""D-T009-01""]",3795.4669311523435,6158.850504067286,3000.3829821586187,3795.4669311523435,6780.212695553687,7080.212695553687,7080.212695553687,8012.90766649683,1.0650953130908134,0.6671577146591208
SO-00275,P0068,"[""D-T015-01""]",4563.936444091797,5358.54501329219,3768.8524950980723,4563.936444091797,5979.90720477859,6279.90720477859,6279.90720477859,7017.867084114805,0.5857473952891452,0.8169539389721421
SO-00276,P0068,"[""D-T015-01"", ""D-T009-01""]",4563.936444091797,6158.850504067286,3768.8524950980723,4563.936444091797,6780.212695553687,7080.212695553687,7080.212695553687,7917.51605160938,0.8302851841370914,0.740535879957159
SO-00277,P0068,"[""D-T015-01"", ""D-T009-01"", ""D-T011-01""]",4563.936444091797,7398.670514035484,3768.8524950980723,4563.936444091797,8020.032705521885,8320.032705521884,8320.032705521884,9311.23733017606,1.2091190760718187,0.6221502887275567
SO-00278,P0068,"[""D-T009-01""]",5439.204533691406,6158.850504067286,4644.120584697682,5439.204533691406,6780.212695553687,7080.212695553687,7080.212695553687,7808.867321737207,0.562842156759433,0.8241118260126772
SO-00279,P0068,"[""D-T009-01"", ""D-T011-01""]",5439.204533691406,7398.670514035484,4644.120584697682,5439.204533691406,8020.032705521885,8320.032705521884,8320.032705521884,9202.588600303887,0.9416760486941602,0.705726234783075
SO-00280,P0068,"[""D-T009-01"", ""D-T011-01"", ""D-T020-01""]",5439.204533691406,7501.5176155004,4644.120584697682,5439.204533691406,8122.879806986801,8422.8798069868,8422.8798069868,9318.20231245412,0.9731015519195512,0.6959057650251403
SO-00281,P0068,"[""D-T011-01""]",6783.520317382812,7398.670514035484,5988.436368389088,6783.520317382812,8020.032705521885,8320.032705521884,8320.032705521884,9035.716068126916,0.5309128925662305,0.8340897210730529
SO-00282,P0068,"[""D-T011-01"", ""D-T020-01""]",6783.520317382812,7501.5176155004,5988.436368389088,6783.520317382812,8122.879806986801,8422.8798069868,8422.8798069868,9151.329780277147,0.5623383957916216,0.8242692513151183
SO-00283,P0068,"[""D-T011-01"", ""D-T020-01"", ""D-T017-01""]",6783.520317382812,9216.42317828117,5988.436368389088,6783.520317382812,9837.78536976757,10137.78536976757,10137.78536976757,11079.109905104486,1.086337317752412,0.6605195882023713
SO-00284,P0068,"[""D-T020-01""]",6824.100309010106,7501.5176155004,6029.016360016381,6824.100309010106,8122.879806986801,8422.8798069868,8422.8798069868,9146.292507010912,0.5499389539055041,0.82814407690453
SO-00285,P0068,"[""D-T020-01"", ""D-T017-01""]",6824.100309010106,9216.42317828117,6029.016360016381,6824.100309010106,9837.78536976757,10137.78536976757,10137.78536976757,11074.072631838251,1.0739378758662947,0.664394413791783
SO-00286,P0068,"[""D-T020-01"", ""D-T017-01"", ""D-T016-01""]",6824.100309010106,9216.42317828117,6029.016360016381,6824.100309010106,9837.78536976757,10137.78536976757,10137.78536976757,11074.072631838251,1.0739378758662947,0.664394413791783
SO-00287,P0068,"[""D-T017-01""]",8007.340901692708,9216.42317828117,7212.256952698984,8007.340901692708,9837.78536976757,10137.78536976757,10137.78536976757,10927.194676322963,0.7123921392132774,0.7773774564958509
SO-00288,P0068,"[""D-T017-01"", ""D-T016-01""]",8007.340901692708,9216.42317828117,7212.256952698984,8007.340901692708,9837.78536976757,10137.78536976757,10137.78536976757,10927.194676322963,0.7123921392132774,0.7773774564958509
SO-00289,P0068,"[""D-T016-01""]",8657.740901692707,9202.37374957015,7862.656952698982,8657.740901692707,9823.73594105655,10123.73594105655,10123.73594105655,10830.665848041044,0.5093659248849106,0.8408231484734654
SO-00290,P0069,"[""D-T005-01""]",2246.017937011719,3180.1895581818935,1327.5061166716368,2246.017937011719,3932.8221350527374,4232.822135052737,4232.822135052737,5017.43218684426,0.7005785890252867,0.7810691909295979
SO-00291,P0069,"[""D-T005-01"", ""D-T008-01""]",2246.017937011719,3775.212635139854,1327.5061166716368,2246.017937011719,4527.845212010698,4827.845212010698,4827.845212010698,5686.316635334329,0.8823911958735524,0.7242527512895149
SO-00292,P0069,"[""D-T005-01"", ""D-T008-01"", ""D-T010-01""]",2246.017937011719,4319.0751995308465,1327.5061166716368,2246.017937011719,5071.70777640169,5371.70777640169,5371.70777640169,6297.689917353717,1.0485714238819113,0.6723214300369027
SO-00293,P0069,"[""D-T008-01""]",3138.8371114095053,3775.212635139854,2220.325291069423,3138.8371114095053,4527.845212010698,4827.845212010698,4827.845212010698,5575.489255179047,0.6095853370297843,0.8095045821781924
SO-00294,P0069,"[""D-T008-01"", ""D-T010-01""]",3138.8371114095053,4319.0751995308465,2220.325291069423,3138.8371114095053,5071.70777640169,5371.70777640169,5371.70777640169,6186.862537198436,0.7757655650381432,0.7575732609255803
SO-00295,P0069,"[""D-T008-01"", ""D-T010-01"", ""D-T015-01""]",3138.8371114095053,5358.54501329219,2220.325291069423,3138.8371114095053,6111.1775901630335,6411.1775901630335,6411.1775901630335,7355.363760133279,1.0933813414652203,0.6583183307921188
SO-00296,P0069,"[""D-T010-01""]",3795.4669311523435,4319.0751995308465,2876.9551108122614,3795.4669311523435,5071.70777640169,5371.70777640169,5371.70777640169,6105.353800893552,0.575128675672276,0.8202722888524138
SO-00297,P0069,"[""D-T010-01"", ""D-T015-01""]",3795.4669311523435,5358.54501329219,2876.9551108122614,3795.4669311523435,6111.1775901630335,6411.1775901630335,6411.1775901630335,7273.855023828396,0.892744452099353,0.7210173587189521
SO-00298,P0069,"[""D-T010-01"", ""D-T015-01"", ""D-T009-01""]",3795.4669311523435,6158.850504067286,2876.9551108122614,3795.4669311523435,6911.48308093813,7211.48308093813,7211.48308093813,8173.50399132297,1.1372822409472993,0.6445992997039689
SO-00299,P0069,"[""D-T015-01""]",4563.936444091797,5358.54501329219,3645.424623751715,4563.936444091797,6111.1775901630335,6411.1775901630335,6411.1775901630335,7178.4634089409465,0.6579343231456312,0.7943955240169902
SO-00300,P0069,"[""D-T015-01"", ""D-T009-01""]",4563.936444091797,6158.850504067286,3645.424623751715,4563.936444091797,6911.48308093813,7211.48308093813,7211.48308093813,8078.112376435521,0.9024721119935772,0.7179774650020072
SO-00301,P0069,"[""D-T015-01"", ""D-T009-01"", ""D-T011-01""]",4563.936444091797,7398.670514035484,3645.424623751715,4563.936444091797,8151.303090906328,8451.303090906327,8451.303090906327,9471.833655002201,1.2813060039283046,0.5995918737724049
SO-00302,P0069,"[""D-T009-01""]",5439.204533691406,6158.850504067286,4520.692713351324,5439.204533691406,6911.48308093813,7211.48308093813,7211.48308093813,7969.4636465633475,0.635029084615919,0.8015534110575253
SO-00303,P0069,"[""D-T009-01"", ""D-T011-01""]",5439.204533691406,7398.670514035484,4520.692713351324,5439.204533691406,8151.303090906328,8451.303090906327,8451.303090906327,9363.184925130026,1.0138629765506462,0.6831678198279231
SO-00304,P0069,"[""D-T009-01"", ""D-T011-01"", ""D-T020-01""]",5439.204533691406,7501.5176155004,4520.692713351324,5439.204533691406,8254.150192371244,8554.150192371244,8554.150192371244,9478.798637280259,1.0452884797760371,0.6733473500699885
SO-00305,P0069,"[""D-T011-01""]",6783.520317382812,7398.670514035484,5865.00849704273,6783.520317382812,8151.303090906328,8451.303090906327,8451.303090906327,9196.312392953056,0.6030998204227165,0.8115313061179011
SO-00306,P0069,"[""D-T011-01"", ""D-T020-01""]",6783.520317382812,7501.5176155004,5865.00849704273,6783.520317382812,8254.150192371244,8554.150192371244,8554.150192371244,9311.926105103288,0.6345253236481074,0.8017108363599664
SO-00307,P0069,"[""D-T011-01"", ""D-T020-01"", ""D-T017-01""]",6783.520317382812,9216.42317828117,5865.00849704273,6783.520317382812,9969.055755152014,10269.055755152014,10269.055755152014,11239.706229930629,1.158524245608898,0.6379611732472195
SO-00308,P0069,"[""D-T020-01""]",6824.100309010106,7501.5176155004,5905.588488670023,6824.100309010106,8254.150192371244,8554.150192371244,8554.150192371244,9306.888831837052,0.6221258817619899,0.8055856619493782
SO-00309,P0069,"[""D-T020-01"", ""D-T017-01""]",6824.100309010106,9216.42317828117,5905.588488670023,6824.100309010106,9969.055755152014,10269.055755152014,10269.055755152014,11234.668956664394,1.1461248037227807,0.6418359988366311
SO-00310,P0069,"[""D-T020-01"", ""D-T017-01"", ""D-T016-01""]",6824.100309010106,9216.42317828117,5905.588488670023,6824.100309010106,9969.055755152014,10269.055755152014,10269.055755152014,11234.668956664394,1.1461248037227807,0.6418359988366311
SO-00311,P0069,"[""D-T017-01""]",8007.340901692708,9216.42317828117,7088.8290813526255,8007.340901692708,9969.055755152014,10269.055755152014,10269.055755152014,11087.791001149106,0.7845790670697632,0.754819041540699
SO-00312,P0069,"[""D-T017-01"", ""D-T016-01""]",8007.340901692708,9216.42317828117,7088.8290813526255,8007.340901692708,9969.055755152014,10269.055755152014,10269.055755152014,11087.791001149106,0.7845790670697632,0.754819041540699
SO-00313,P0069,"[""D-T016-01""]",8657.740901692707,9202.37374957015,7739.229081352624,8657.740901692707,9955.006326440995,10255.006326440995,10255.006326440995,10991.262172867187,0.5815528527413965,0.8182647335183136
SO-00314,P0072,"[""D-T022-01""]",744.4939412434896,1136.3442151690172,277.4678054277207,744.4939412434896,1430.3614332398317,1730.3614332398317,1730.3614332398317,2227.4385700625703,0.25248362505281974,0.9210988671709939
SO-00315,P0072,"[""D-T018-01""]",2265.6252990722655,2673.791316545285,1798.5991632564965,2265.6252990722655,2967.8085346160997,3267.8085346160997,3267.8085346160997,3774.700610916627,0.2574689911367756,0.9195409402697576
SO-00316,P0074,"[""D-T010-01""]",3795.4669311523435,4319.0751995308465,3434.1890749863896,3795.4669311523435,4493.975411857282,4793.975411857282,4793.975411857282,5259.685621831783,0.23655121776482577,0.926077744448492
SO-00317,P0074,"[""D-T011-01""]",6783.520317382812,7398.670514035484,6422.242461216858,6783.520317382812,7573.570726361921,7873.570726361921,7873.570726361921,8394.349127563852,0.2645223625152663,0.9173367617139793
SO-00318,P0075,"[""D-T022-01""]",744.4939412434896,1136.3442151690172,345.7160850775356,744.4939412434896,1361.244427495453,1661.244427495453,1661.244427495453,2073.9325757026686,0.20961937686715731,0.9344939447290134
SO-00319,P0075,"[""D-T018-01""]",2265.6252990722655,2673.791316545285,1866.8474429063115,2265.6252990722655,2898.691528871721,3198.691528871721,3198.691528871721,3621.194616556725,0.2146047429511132,0.9329360178277771
SO-00320,P0075,"[""D-T010-01""]",3795.4669311523435,4319.0751995308465,3396.6890749863896,3795.4669311523435,4543.975411857282,4843.975411857282,4843.975411857282,5335.924228602616,0.24987876406112206,0.9219128862308994
SO-00321,P0075,"[""D-T011-01""]",6783.520317382812,7398.670514035484,6384.742461216858,6783.520317382812,7623.570726361921,7923.570726361921,7923.570726361921,8470.587734334684,0.2778499088115626,0.9131719034963867
SO-00322,P0075,"[""D-T016-01""]",8657.740901692707,9202.37374957015,8258.963045526752,8657.740901692707,9427.273961896586,9727.273961896586,9727.273961896586,10231.87037724675,0.2563029411302426,0.9199053308967992
SO-00323,P0077,"[""D-T022-01""]",744.4939412434896,1136.3442151690172,380.68308879801305,744.4939412434896,1305.523722247062,1605.523722247062,1605.523722247062,2008.9788746219378,0.204929601206286,0.9359594996230356
SO-00324,P0077,"[""D-T010-01""]",3795.4669311523435,4319.0751995308465,3431.656078706867,3795.4669311523435,4488.254706608892,4788.254706608892,4788.254706608892,5270.970527521886,0.24518898840025077,0.9233784411249216
SO-00325,P0077,"[""D-T011-01""]",6783.520317382812,7398.670514035484,6419.709464937336,6783.520317382812,7567.85002111353,7867.85002111353,7867.85002111353,8405.634033253953,0.2731601331506913,0.914637458390409
SO-00326,P0078,"[""D-T022-01""]",744.4939412434896,1136.3442151690172,343.18308879801305,744.4939412434896,1355.523722247062,1655.523722247062,1655.523722247062,2085.2174813927713,0.2182571475025823,0.931794641405443
SO-00327,P0078,"[""D-T010-01""]",3795.4669311523435,4319.0751995308465,3394.156078706867,3795.4669311523435,4538.254706608892,4838.254706608892,4838.254706608892,5347.209134292719,0.25851653469654706,0.919213582907329
SO-00328,P0078,"[""D-T011-01""]",6783.520317382812,7398.670514035484,6382.209464937336,6783.520317382812,7617.850021113529,7917.850021113529,7917.850021113529,8481.872640024785,0.2864876794469876,0.9104726001728164
SO-00329,P0078,"[""D-T016-01""]",8657.740901692707,9202.37374957015,8256.43004924723,8657.740901692707,9421.553256648194,9721.553256648194,9721.553256648194,10243.155282936852,0.2649407117656676,0.9172060275732289
SO-00330,P0079,"[""D-T022-01""]",744.4939412434896,1136.3442151690172,289.25446937689924,744.4939412434896,1389.3874638402137,1689.3874638402137,1689.3874638402137,2200.6582061490367,0.25969307545844983,0.9188459139192344
SO-00331,P0080,"[""D-T022-01""]",744.4939412434896,1136.3442151690172,296.91938764065253,744.4939412434896,1389.2225455764603,1689.2225455764603,1689.2225455764603,2198.145356436996,0.25850047535773235,0.9192186014507087
SO-00332,P0080,"[""D-T016-01""]",8657.740901692707,9202.37374957015,8210.16634808987,8657.740901692707,9455.252079977594,9755.252079977594,9755.252079977594,10356.083157981078,0.30518403962081764,0.9046299876184944
SO-00333,P0081,"[""D-T022-01""]",744.4939412434896,1136.3442151690172,259.41938764065253,744.4939412434896,1439.2225455764603,1739.2225455764603,1739.2225455764603,2274.3839632078293,0.2718280216540287,0.9150537432331161
SO-00334,P0081,"[""D-T010-01""]",3795.4669311523435,4319.0751995308465,3310.3923775495064,3795.4669311523435,4621.95352993829,4921.95352993829,4921.95352993829,5536.375616107776,0.31208740884799346,0.9024726847350021
SO-00335,P0081,"[""D-T011-01""]",6783.520317382812,7398.670514035484,6298.445763779975,6783.520317382812,7701.5488444429275,8001.5488444429275,8001.5488444429275,8639.697631842291,0.34005855359843395,0.8937317020004893
SO-00336,P0081,"[""D-T016-01""]",8657.740901692707,9202.37374957015,8172.66634808987,8657.740901692707,9505.252079977594,9805.252079977594,9805.252079977594,10432.321764751912,0.318511585917114,0.9004651294009018
SO-00337,P0082,"[""D-T022-01""]",744.4939412434896,1136.3442151690172,203.3298750331789,744.4939412434896,1481.0597973400213,1781.0597973400213,1781.0597973400213,2407.7512123169263,0.318319448877158,0.9005251722258881
SO-00338,P0082,"[""D-T010-01""]",3795.4669311523435,4319.0751995308465,3254.3028649420326,3795.4669311523435,4663.79078170185,4963.79078170185,4963.79078170185,5609.463433855744,0.3585788360711228,0.8879441137277742
SO-00339,P0082,"[""D-T011-01""]",6783.520317382812,7398.670514035484,6242.356251172501,6783.520317382812,7743.386096206488,8043.386096206488,8043.386096206488,8700.422025915248,0.38654998082156333,0.8792031309932614
SO-00340,P0082,"[""D-T016-01""]",8657.740901692707,9202.37374957015,8116.576835482396,8657.740901692707,9547.089331741154,9847.089331741154,9847.089331741154,10495.371805829378,0.3650030131402433,0.885936558393674
SO-00341,P0083,"[""D-T022-01""]",744.4939412434896,1136.3442151690172,185.2113816351483,744.4939412434896,1506.6782907380518,1806.6782907380518,1806.6782907380518,2438.701919456185,0.3249812399215581,0.8984433625245131
SO-00342,P0083,"[""D-T010-01""]",3795.4669311523435,4319.0751995308465,3236.1843715440023,3795.4669311523435,4689.409275099881,4989.409275099881,4989.409275099881,5637.788279865562,0.36524062711552285,0.8858623040263991
SO-00343,P0083,"[""D-T011-01""]",6783.520317382812,7398.670514035484,6224.237757774471,6783.520317382812,7769.004589604519,8069.004589604519,8069.004589604519,8728.746871925066,0.39321177186596334,0.8771213212918865
SO-00344,P0083,"[""D-T016-01""]",8657.740901692707,9202.37374957015,8098.458342084365,8657.740901692707,9572.707825139185,9872.707825139185,9872.707825139185,10523.696651839196,0.37166480418464337,0.883854748692299
SO-00345,P0084,"[""D-T022-01""]",744.4939412434896,1136.3442151690172,147.7113816351483,744.4939412434896,1556.6782907380518,1856.6782907380518,1856.6782907380518,2494.116235139055,0.3383087862178544,0.8942785043069206
SO-00346,P0084,"[""D-T010-01""]",3795.4669311523435,4319.0751995308465,3198.6843715440023,3795.4669311523435,4739.409275099881,5039.409275099881,5039.409275099881,5693.202595548432,0.37856817341181914,0.8816974458088065
SO-00347,P0084,"[""D-T011-01""]",6783.520317382812,7398.670514035484,6186.737757774471,6783.520317382812,7819.004589604519,8119.004589604519,8119.004589604519,8784.161187607937,0.40653931816225963,0.8729564630742939
SO-00348,P0084,"[""D-T016-01""]",8657.740901692707,9202.37374957015,8060.958342084365,8657.740901692707,9622.707825139185,9922.707825139185,9922.707825139185,10579.110967522067,0.3849923504809397,0.8796898904747064
SO-00349,P0085,"[""D-T022-01""]",744.4939412434896,1136.3442151690172,82.71540465627453,744.4939412434896,1610.912064500373,1910.912064500373,1910.912064500373,2568.937971893499,0.38898684896769387,0.8784416096975957
SO-00350,P0085,"[""D-T022-01"", ""D-T004-01""]",744.4939412434896,1599.0794106485098,82.71540465627453,744.4939412434896,2073.6472599798653,2373.6472599798653,2373.6472599798653,3089.1133869507407,0.5303781586975389,0.8342568254070191
SO-00351,P0085,"[""D-T022-01"", ""D-T004-01"", ""D-T005-01""]",744.4939412434896,3180.1895581818935,82.71540465627453,744.4939412434896,3654.7574075132493,3954.7574075132493,3954.7574075132493,4866.489811478285,1.0134951482216283,0.6832827661807412
SO-00352,P0085,"[""D-T004-01""]",750.5149475097656,1599.0794106485098,88.73641092255053,750.5149475097656,2073.6472599798653,2373.6472599798653,2373.6472599798653,3088.3659877353953,0.5285384067828434,0.8348317478803615
SO-00353,P0085,"[""D-T004-01"", ""D-T005-01""]",750.5149475097656,3180.1895581818935,88.73641092255053,750.5149475097656,3654.7574075132493,3954.7574075132493,3954.7574075132493,4865.742412262941,1.011655396306933,0.6838576886540835
SO-00354,P0085,"[""D-T004-01"", ""D-T005-01"", ""D-T010-01""]",750.5149475097656,4319.0751995308465,88.73641092255053,750.5149475097656,4793.643048862203,5093.643048862203,5093.643048862203,6146.000142772398,1.3596482311635574,0.5751099277613884
SO-00355,P0085,"[""D-T005-01""]",2246.017937011719,3180.1895581818935,1584.2394004245039,2246.017937011719,3654.7574075132493,3954.7574075132493,3954.7574075132493,4680.102718253584,0.5546961495146694,0.8266574532766658
SO-00356,P0085,"[""D-T005-01"", ""D-T010-01""]",2246.017937011719,4319.0751995308465,1584.2394004245039,2246.017937011719,4793.643048862203,5093.643048862203,5093.643048862203,5960.360448763041,0.902688984371294,0.7179096923839707
SO-00357,P0085,"[""D-T010-01""]",3795.4669311523435,4319.0751995308465,3133.6883945651284,3795.4669311523435,4793.643048862203,5093.643048862203,5093.643048862203,5768.024332302876,0.4292462361616586,0.8658605511994817
SO-00358,P0085,"[""D-T011-01""]",6783.520317382812,7398.670514035484,6121.741780795597,6783.520317382812,7873.23836336684,8173.23836336684,8173.23836336684,8858.982924362379,0.4572173809120991,0.8571195684649691
SO-00359,P0085,"[""D-T016-01""]",8657.740901692707,9202.37374957015,7995.962365105492,8657.740901692707,9676.941598901505,9976.941598901505,9976.941598901505,10653.932704276509,0.43567041323077915,0.8638529958653816
SO-00360,P0086,"[""D-T022-01""]",744.4939412434896,1136.3442151690172,60.21540465627453,744.4939412434896,1640.912064500373,1940.912064500373,1940.912064500373,2602.186561303221,0.39698337674547163,0.8759426947670401
SO-00361,P0086,"[""D-T022-01"", ""D-T004-01""]",744.4939412434896,1599.0794106485098,60.21540465627453,744.4939412434896,2103.6472599798653,2403.6472599798653,2403.6472599798653,3122.3619763604624,0.5383746864753166,0.8317579104764636
SO-00362,P0086,"[""D-T022-01"", ""D-T004-01"", ""D-T005-01""]",744.4939412434896,3180.1895581818935,60.21540465627453,744.4939412434896,3684.7574075132493,3984.7574075132493,3984.7574075132493,4899.738400888008,1.021491675999406,0.6807838512501856
SO-00363,P0086,"[""D-T004-01""]",750.5149475097656,1599.0794106485098,66.23641092255053,750.5149475097656,2103.6472599798653,2403.6472599798653,2403.6472599798653,3121.6145771451174,0.5365349345606212,0.8323328329498059
SO-00364,P0086,"[""D-T004-01"", ""D-T005-01""]",750.5149475097656,3180.1895581818935,66.23641092255053,750.5149475097656,3684.7574075132493,3984.7574075132493,3984.7574075132493,4898.991001672663,1.0196519240847106,0.6813587737235279
SO-00365,P0086,"[""D-T004-01"", ""D-T005-01"", ""D-T010-01""]",750.5149475097656,4319.0751995308465,66.23641092255053,750.5149475097656,4823.643048862203,5123.643048862203,5123.643048862203,6179.24873218212,1.3676447589413352,0.5726110128308328
SO-00366,P0086,"[""D-T005-01""]",2246.017937011719,3180.1895581818935,1561.7394004245039,2246.017937011719,3684.7574075132493,3984.7574075132493,3984.7574075132493,4713.351307663306,0.5626926772924472,0.8241585383461103
SO-00367,P0086,"[""D-T005-01"", ""D-T010-01""]",2246.017937011719,4319.0751995308465,1561.7394004245039,2246.017937011719,4823.643048862203,5123.643048862203,5123.643048862203,5993.609038172763,0.9106855121490717,0.7154107774534151
SO-00368,P0086,"[""D-T010-01""]",3795.4669311523435,4319.0751995308465,3111.1883945651284,3795.4669311523435,4823.643048862203,5123.643048862203,5123.643048862203,5801.272921712599,0.4372427639394364,0.8633616362689261
SO-00369,P0086,"[""D-T011-01""]",6783.520317382812,7398.670514035484,6099.241780795597,6783.520317382812,7903.23836336684,8203.23836336684,8203.23836336684,8892.231513772102,0.4652139086898769,0.8546206535344135
SO-00370,P0086,"[""D-T016-01""]",8657.740901692707,9202.37374957015,7973.462365105492,8657.740901692707,9706.941598901505,10006.941598901505,10006.941598901505,10687.181293686232,0.4436669410085569,0.8613540809348259
SO-00371,P0087,"[""D-T022-01""]",744.4939412434896,1136.3442151690172,22.71540465627453,744.4939412434896,1690.912064500373,1990.912064500373,1990.912064500373,2657.600876986091,0.4103109230417679,0.8717778365494475
SO-00372,P0087,"[""D-T022-01"", ""D-T004-01""]",744.4939412434896,1599.0794106485098,22.71540465627453,744.4939412434896,2153.6472599798653,2453.6472599798653,2453.6472599798653,3177.776292043333,0.5517022327716129,0.827593052258871
SO-00373,P0087,"[""D-T022-01"", ""D-T004-01"", ""D-T005-01""]",744.4939412434896,3180.1895581818935,22.71540465627453,744.4939412434896,3734.7574075132493,4034.7574075132493,4034.7574075132493,4955.1527165708785,1.0348192222957024,0.676618993032593
SO-00374,P0087,"[""D-T004-01""]",750.5149475097656,1599.0794106485098,28.736410922550533,750.5149475097656,2153.6472599798653,2453.6472599798653,2453.6472599798653,3177.028892827988,0.5498624808569175,0.8281679747322133
SO-00375,P0087,"[""D-T004-01"", ""D-T005-01""]",750.5149475097656,3180.1895581818935,28.736410922550533,750.5149475097656,3734.7574075132493,4034.7574075132493,4034.7574075132493,4954.405317355534,1.0329794703810071,0.6771939155059352
SO-00376,P0087,"[""D-T004-01"", ""D-T005-01"", ""D-T010-01""]",750.5149475097656,4319.0751995308465,28.736410922550533,750.5149475097656,4873.643048862203,5173.643048862203,5173.643048862203,6234.66304786499,1.3809723052376315,0.5684461546132402
SO-00377,P0087,"[""D-T005-01""]",2246.017937011719,3180.1895581818935,1524.2394004245039,2246.017937011719,3734.7574075132493,4034.7574075132493,4034.7574075132493,4768.765623346177,0.5760202235887435,0.8199936801285177
SO-00378,P0087,"[""D-T005-01"", ""D-T010-01""]",2246.017937011719,4319.0751995308465,1524.2394004245039,2246.017937011719,4873.643048862203,5173.643048862203,5173.643048862203,6049.023353855633,0.924013058445368,0.7112459192358225
SO-00379,P0087,"[""D-T010-01""]",3795.4669311523435,4319.0751995308465,3073.6883945651284,3795.4669311523435,4873.643048862203,5173.643048862203,5173.643048862203,5856.687237395469,0.4505703102357327,0.8591967780513335
SO-00380,P0087,"[""D-T011-01""]",6783.520317382812,7398.670514035484,6061.741780795597,6783.520317382812,7953.23836336684,8253.23836336684,8253.23836336684,8947.645829454972,0.4785414549861732,0.8504557953168209
SO-00381,P0087,"[""D-T016-01""]",8657.740901692707,9202.37374957015,7935.962365105492,8657.740901692707,9756.941598901505,10056.941598901505,10056.941598901505,10742.595609369102,0.4569944873048532,0.8571892227172334
SO-00382,P0088,"[""D-T005-01""]",2246.017937011719,3180.1895581818935,1458.6616227470095,2246.017937011719,3789.3955921935103,4089.3955921935103,4089.3955921935103,4844.204064853711,0.627220855778956,0.8039934825690762
SO-00383,P0088,"[""D-T005-01"", ""D-T008-01""]",2246.017937011719,3775.212635139854,1458.6616227470095,2246.017937011719,4384.418669151471,4684.418669151471,4684.418669151471,5513.08851334378,0.8090334626272218,0.7471770429289932
SO-00384,P0088,"[""D-T005-01"", ""D-T008-01"", ""D-T015-01""]",2246.017937011719,5358.54501329219,1458.6616227470095,2246.017937011719,5967.751047303806,6267.751047303806,6267.751047303806,7292.963018298011,1.2928294670626577,0.5959907915429195
SO-00385,P0088,"[""D-T008-01""]",3138.8371114095053,3775.212635139854,2351.480797144796,3138.8371114095053,4384.418669151471,4684.418669151471,4684.418669151471,5402.261133188498,0.5362276037834537,0.8324288738176707
SO-00386,P0088,"[""D-T008-01"", ""D-T015-01""]",3138.8371114095053,5358.54501329219,2351.480797144796,3138.8371114095053,5967.751047303806,6267.751047303806,6267.751047303806,7182.13563814273,1.0200236082188896,0.6812426224315971
SO-00387,P0088,"[""D-T008-01"", ""D-T015-01"", ""D-T009-01""]",3138.8371114095053,6158.850504067286,2351.480797144796,3138.8371114095053,6768.056538078903,7068.056538078903,7068.056538078903,8081.7846056373055,1.264561397066836,0.6048245634166138
SO-00388,P0088,"[""D-T015-01""]",4563.936444091797,5358.54501329219,3776.5801298270876,4563.936444091797,5967.751047303806,6267.751047303806,6267.751047303806,7005.2352869503975,0.5845765898993005,0.8173198156564686
SO-00389,P0088,"[""D-T015-01"", ""D-T009-01""]",4563.936444091797,6158.850504067286,3776.5801298270876,4563.936444091797,6768.056538078903,7068.056538078903,7068.056538078903,7904.884254444972,0.8291143787472466,0.7409017566414855
SO-00390,P0088,"[""D-T015-01"", ""D-T009-01"", ""D-T020-01""]",4563.936444091797,7501.5176155004,3776.5801298270876,4563.936444091797,8110.723649512017,8410.723649512016,8410.723649512016,9414.219245161883,1.239373773907365,0.6126956956539484
SO-00391,P0088,"[""D-T009-01""]",5439.204533691406,6158.850504067286,4651.848219426696,5439.204533691406,6768.056538078903,7068.056538078903,7068.056538078903,7796.235524572799,0.5616713513695883,0.8244777026970036
SO-00392,P0088,"[""D-T009-01"", ""D-T020-01""]",5439.204533691406,7501.5176155004,4651.848219426696,5439.204533691406,8110.723649512017,8410.723649512016,8410.723649512016,9305.57051528971,0.9719307465297065,0.6962716417094668
SO-00393,P0088,"[""D-T009-01"", ""D-T020-01"", ""D-T017-01""]",5439.204533691406,9216.42317828117,4651.848219426696,5439.204533691406,9825.629212292786,10125.629212292786,10125.629212292786,11233.35064011705,1.495929668490497,0.5325219785967197
SO-00394,P0088,"[""D-T020-01""]",6824.100309010106,7501.5176155004,6036.743994745397,6824.100309010106,8110.723649512017,8410.723649512016,8410.723649512016,9133.660709846503,0.5487681485156592,0.8285099535888565
SO-00395,P0088,"[""D-T020-01"", ""D-T017-01""]",6824.100309010106,9216.42317828117,6036.743994745397,6824.100309010106,9825.629212292786,10125.629212292786,10125.629212292786,11061.440834673844,1.0727670704764498,0.6647602904761094
SO-00396,P0088,"[""D-T020-01"", ""D-T017-01"", ""D-T016-01""]",6824.100309010106,9216.42317828117,6036.743994745397,6824.100309010106,9825.629212292786,10125.629212292786,10125.629212292786,11061.440834673844,1.0727670704764498,0.6647602904761094
SO-00397,P0088,"[""D-T017-01""]",8007.340901692708,9216.42317828117,7219.984587427998,8007.340901692708,9825.629212292786,10125.629212292786,10125.629212292786,10914.562879158555,0.7112213338234326,0.7777433331801773
SO-00398,P0088,"[""D-T017-01"", ""D-T016-01""]",8007.340901692708,9216.42317828117,7219.984587427998,8007.340901692708,9825.629212292786,10125.629212292786,10125.629212292786,10914.562879158555,0.7112213338234326,0.7777433331801773
SO-00399,P0088,"[""D-T016-01""]",8657.740901692707,9202.37374957015,7870.384587427998,8657.740901692707,9811.579783581767,10111.579783581767,10111.579783581767,10818.034050876637,0.5081951194950658,0.8411890251577919
SO-00400,P0089,"[""D-T005-01""]",2246.017937011719,3180.1895581818935,1347.0401208724936,2246.017937011719,3905.242733411288,4205.242733411288,4205.242733411288,4987.562451014665,0.6949408433313913,0.7828309864589402
SO-00401,P0089,"[""D-T005-01"", ""D-T008-01""]",2246.017937011719,3775.212635139854,1347.0401208724936,2246.017937011719,4500.265810369248,4800.265810369248,4800.265810369248,5656.446899504734,0.876753450179657,0.7260145468188572
SO-00402,P0089,"[""D-T005-01"", ""D-T008-01"", ""D-T015-01""]",2246.017937011719,5358.54501329219,1347.0401208724936,2246.017937011719,6083.598188521584,6383.598188521584,6383.598188521584,7436.321404458966,1.360549454615093,0.5748282954327835
SO-00403,P0089,"[""D-T008-01""]",3138.8371114095053,3775.212635139854,2239.85929527028,3138.8371114095053,4500.265810369248,4800.265810369248,4800.265810369248,5545.619519349453,0.6039475913358889,0.8112663777075347
SO-00404,P0089,"[""D-T008-01"", ""D-T015-01""]",3138.8371114095053,5358.54501329219,2239.85929527028,3138.8371114095053,6083.598188521584,6383.598188521584,6383.598188521584,7325.4940243036845,1.0877435957713248,0.6600801263214611
SO-00405,P0089,"[""D-T008-01"", ""D-T015-01"", ""D-T009-01""]",3138.8371114095053,6158.850504067286,2239.85929527028,3138.8371114095053,6883.903679296681,7183.903679296681,7183.903679296681,8225.14299179826,1.3322813846192711,0.5836620673064778
SO-00406,P0089,"[""D-T015-01""]",4563.936444091797,5358.54501329219,3664.958627952572,4563.936444091797,6083.598188521584,6383.598188521584,6383.598188521584,7148.593673111352,0.6522965774517357,0.7961573195463326
SO-00407,P0089,"[""D-T015-01"", ""D-T009-01""]",4563.936444091797,6158.850504067286,3664.958627952572,4563.936444091797,6883.903679296681,7183.903679296681,7183.903679296681,8048.242640605927,0.8968343662996818,0.7197392605313495
SO-00408,P0089,"[""D-T015-01"", ""D-T009-01"", ""D-T020-01""]",4563.936444091797,7501.5176155004,3664.958627952572,4563.936444091797,8226.570790729795,8526.570790729795,8526.570790729795,9557.577631322838,1.3070937614598002,0.5915331995438124
SO-00409,P0089,"[""D-T009-01""]",5439.204533691406,6158.850504067286,4540.226717552181,5439.204533691406,6883.903679296681,7183.903679296681,7183.903679296681,7939.593910733753,0.6293913389220236,0.8033152065868676
SO-00410,P0089,"[""D-T009-01"", ""D-T020-01""]",5439.204533691406,7501.5176155004,4540.226717552181,5439.204533691406,8226.570790729795,8526.570790729795,8526.570790729795,9448.928901450665,1.0396507340821417,0.6751091455993308
SO-00411,P0089,"[""D-T009-01"", ""D-T020-01"", ""D-T017-01""]",5439.204533691406,9216.42317828117,4540.226717552181,5439.204533691406,9941.476353510563,10241.476353510563,10241.476353510563,11376.709026278004,1.5636496560429323,0.5113594824865837
SO-00412,P0089,"[""D-T020-01""]",6824.100309010106,7501.5176155004,5925.122492870881,6824.100309010106,8226.570790729795,8526.570790729795,8526.570790729795,9277.019096007458,0.6164881360680945,0.8073474574787205
SO-00413,P0089,"[""D-T020-01"", ""D-T017-01""]",6824.100309010106,9216.42317828117,5925.122492870881,6824.100309010106,9941.476353510563,10241.476353510563,10241.476353510563,11204.799220834797,1.140487058028885,0.6435977943659734
SO-00414,P0089,"[""D-T020-01"", ""D-T017-01"", ""D-T016-01""]",6824.100309010106,9216.42317828117,5925.122492870881,6824.100309010106,9941.476353510563,10241.476353510563,10241.476353510563,11204.799220834797,1.140487058028885,0.6435977943659734
SO-00415,P0089,"[""D-T017-01""]",8007.340901692708,9216.42317828117,7108.363085553483,8007.340901692708,9941.476353510563,10241.476353510563,10241.476353510563,11057.92126531951,0.7789413213758678,0.7565808370700413
SO-00416,P0089,"[""D-T017-01"", ""D-T016-01""]",8007.340901692708,9216.42317828117,7108.363085553483,8007.340901692708,9941.476353510563,10241.476353510563,10241.476353510563,11057.92126531951,0.7789413213758678,0.7565808370700413
SO-00417,P0089,"[""D-T016-01""]",8657.740901692707,9202.37374957015,7758.763085553482,8657.740901692707,9927.426924799543,10227.426924799543,10227.426924799543,10961.39243703759,0.575915107047501,0.8200265290476559
SO-00418,P0090,"[""D-T022-01""]",744.4939412434896,1136.3442151690172,202.84543724279592,744.4939412434896,1501.379286349073,1801.379286349073,1801.379286349073,2388.1834492765547,0.2980592573599909,0.9068564820750029
SO-00419,P0090,"[""D-T018-01""]",2265.6252990722655,2673.791316545285,1723.9767950715718,2265.6252990722655,3038.8263877253407,3338.8263877253407,3338.8263877253407,3935.445490130611,0.3030446234439468,0.9052985551737667
SO-00420,P0091,"[""D-T022-01""]",744.4939412434896,1136.3442151690172,195.79834099035452,744.4939412434896,1515.9263826015144,1815.9263826015144,1815.9263826015144,2409.205991536646,0.3013483727924476,0.9058286335023601
SO-00421,P0091,"[""D-T018-01""]",2265.6252990722655,2673.791316545285,1716.9296988191304,2265.6252990722655,3053.373483977782,3353.373483977782,3353.373483977782,3956.4680323907014,0.30633373887640347,0.904270706601124
SO-00422,P0092,"[""D-T022-01""]",744.4939412434896,1136.3442151690172,158.29834099035452,744.4939412434896,1565.9263826015144,1865.9263826015144,1865.9263826015144,2485.4445983074784,0.31467591908874387,0.9016637752847676
SO-00423,P0092,"[""D-T018-01""]",2265.6252990722655,2673.791316545285,1679.4296988191304,2265.6252990722655,3103.373483977782,3403.373483977782,3403.373483977782,4032.7066391615344,0.31966128517269976,0.9001058483835314
SO-00424,P0094,"[""D-T022-01""]",744.4939412434896,1136.3442151690172,275.49616337001015,744.4939412434896,1422.2295495000162,1722.2295495000162,1722.2295495000162,2238.7034702430506,0.26233595974249374,0.9180200125804707
SO-00425,P0094,"[""D-T018-01""]",2265.6252990722655,2673.791316545285,1796.627521198786,2265.6252990722655,2959.676650876284,3259.676650876284,3259.676650876284,3785.9655110971066,0.26732132582644963,0.9164620856792345
SO-00426,P0094,"[""D-T016-01""]",8657.740901692707,9202.37374957015,8188.743123819228,8657.740901692707,9488.259083901148,9788.259083901148,9788.259083901148,10396.641271787132,0.3090195240055791,0.9034313987482565
SO-00427,P0095,"[""D-T022-01""]",744.4939412434896,1136.3442151690172,237.99616337001015,744.4939412434896,1472.2295495000162,1772.2295495000162,1772.2295495000162,2314.942077013884,0.27566350603879003,0.9138551543628781
SO-00428,P0095,"[""D-T018-01""]",2265.6252990722655,2673.791316545285,1759.127521198786,2265.6252990722655,3009.676650876284,3309.676650876284,3309.676650876284,3862.20411786794,0.2806488721227459,0.9122972274616419
SO-00429,P0095,"[""D-T016-01""]",8657.740901692707,9202.37374957015,8151.243123819228,8657.740901692707,9538.259083901148,9838.259083901148,9838.259083901148,10469.212581211284,0.32234707030187537,0.8992665405306639
SO-00430,P0096,"[""D-T018-01""]",2265.6252990722655,2673.791316545285,1790.502359021701,2265.6252990722655,2957.2453173868653,3257.2453173868653,3257.2453173868653,3793.7564901412898,0.27251361155780296,0.9148394963881866
SO-00431,P0097,"[""D-T018-01""]",2265.6252990722655,2673.791316545285,1785.9464991380746,2265.6252990722655,2969.3011772704913,3269.3011772704913,3269.3011772704913,3810.7937029707464,0.2750438225779076,0.9140488054444039
SO-00432,P0097,"[""D-T016-01""]",8657.740901692707,9202.37374957015,8178.062101758516,8657.740901692707,9497.883610295356,9797.883610295356,9797.883610295356,10421.469463660773,0.31674202075703706,0.901018118513426
SO-00433,P0098,"[""D-T022-01""]",744.4939412434896,1136.3442151690172,227.31514130929884,744.4939412434896,1481.8540758942236,1781.8540758942236,1781.8540758942236,2339.7702688875247,0.28338600279024806,0.9114418741280474
SO-00434,P0098,"[""D-T018-01""]",2265.6252990722655,2673.791316545285,1748.4464991380746,2265.6252990722655,3019.3011772704913,3319.3011772704913,3319.3011772704913,3887.03230974158,0.28837136887420395,0.9098839472268113
SO-00435,P0098,"[""D-T010-01""]",3795.4669311523435,4319.0751995308465,3278.2881312181526,3795.4669311523435,4664.585060256053,4964.585060256053,4964.585060256053,5596.06599993714,0.3236453899842128,0.8988608156299335
SO-00436,P0098,"[""D-T011-01""]",6783.520317382812,7398.670514035484,6266.341517448622,6783.520317382812,7744.180374760691,8044.180374760691,8044.180374760691,8687.024591996644,0.3516165347346533,0.8901198328954208
SO-00437,P0098,"[""D-T016-01""]",8657.740901692707,9202.37374957015,8140.562101758516,8657.740901692707,9547.883610295356,9847.883610295356,9847.883610295356,10481.974371910772,0.33006956705333335,0.8968532602958333
SO-00438,P0099,"[""D-T022-01""]",744.4939412434896,1136.3442151690172,185.2585025672472,744.4939412434896,1499.9442865153442,1799.9442865153442,1799.9442865153442,2413.372179746993,0.3115824219589329,0.9026304931378335
SO-00439,P0100,"[""D-T022-01""]",744.4939412434896,1136.3442151690172,215.2585025672472,744.4939412434896,1477.4442865153442,1777.4442865153442,1777.4442865153442,2375.1290156844934,0.30358589418115506,0.905129408068389
SO-00440,P0100,"[""D-T016-01""]",8657.740901692707,9202.37374957015,8128.505463016465,8657.740901692707,9543.473820916477,9843.473820916477,9843.473820916477,10485.770788409449,0.3502694584442404,0.8905407942361749
SO-00441,P0101,"[""D-T022-01""]",744.4939412434896,1136.3442151690172,182.26712378306752,744.4939412434896,1522.9356652995239,1822.9356652995239,1822.9356652995239,2444.1550026301225,0.3155399808663357,0.9013937559792701
SO-00442,P0101,"[""D-T016-01""]",8657.740901692707,9202.37374957015,8095.514084232285,8657.740901692707,9588.965199700657,9888.965199700657,9888.965199700657,10536.118514909484,0.362223545129421,0.886805142147056
SO-00443,P0102,"[""D-T022-01""]",744.4939412434896,1136.3442151690172,136.62931400689405,744.4939412434896,1549.1963502893204,1849.1963502893204,1849.1963502893204,2492.4632345783502,0.3526569459422266,0.8897947043930542
SO-00444,P0102,"[""D-T016-01""]",8657.740901692707,9202.37374957015,8049.876274456112,8657.740901692707,9615.225884690453,9915.225884690453,9915.225884690453,10577.457966961361,0.39934051020531186,0.8752060905608401
SO-00445,P0103,"[""D-T022-01""]",744.4939412434896,1136.3442151690172,139.61866464369416,744.4939412434896,1553.7069996525204,1853.7069996525204,1853.7069996525204,2497.0680187021517,0.3528886622760162,0.889722293038745
SO-00446,P0103,"[""D-T016-01""]",8657.740901692707,9202.37374957015,8052.865625092911,8657.740901692707,9619.736534053653,9919.736534053653,9919.736534053653,10582.062751085163,0.39957222653910146,0.8751336792065308
SO-00447,P0104,"[""D-T022-01""]",744.4939412434896,1136.3442151690172,102.11866464369416,744.4939412434896,1603.7069996525204,1903.7069996525204,1903.7069996525204,2552.482334385022,0.36621620857231246,0.8855574348211523
SO-00448,P0104,"[""D-T022-01"", ""D-T021-01""]",744.4939412434896,1545.4667051462607,102.11866464369416,744.4939412434896,2012.8294896297639,2312.829489629764,2312.829489629764,3012.389994559094,0.49122585828758136,0.8464919192851308
SO-00449,P0104,"[""D-T021-01""]",749.8744852701823,1545.4667051462607,107.49920867038679,749.8744852701823,2012.8294896297639,2312.829489629764,2312.829489629764,3011.7220971668917,0.4895818031683141,0.8470056865099018
SO-00450,P0104,"[""D-T016-01""]",8657.740901692707,9202.37374957015,8015.365625092911,8657.740901692707,9669.736534053653,9969.736534053653,9969.736534053653,10637.477066768033,0.41289977283539775,0.8709688209889382
SO-00451,P0105,"[""D-T004-01""]",750.5149475097656,1599.0794106485098,75.05651541444928,750.5149475097656,2077.710682607921,2377.710682607921,2377.710682607921,3097.8342846462147,0.541842712709645,0.8306741522782359
SO-00452,P0105,"[""D-T004-01"", ""D-T005-01""]",750.5149475097656,3180.1895581818935,75.05651541444928,750.5149475097656,3658.820830141305,3958.820830141305,3958.820830141305,4875.21070917376,1.0249597022337347,0.6797000930519579
SO-00453,P0105,"[""D-T005-01""]",2246.017937011719,3180.1895581818935,1570.5595049164026,2246.017937011719,3658.820830141305,3958.820830141305,3958.820830141305,4689.5710151644025,0.568000455441471,0.8224998576745404
SO-00454,P0105,"[""D-T016-01""]",8657.740901692707,9202.37374957015,7982.28246959739,8657.740901692707,9681.005021529561,9981.005021529561,9981.005021529561,10663.401001187329,0.44897471915758086,0.859695400263256
SO-00455,P0106,"[""D-T022-01""]",744.4939412434896,1136.3442151690172,57.34771923118109,744.4939412434896,1634.1632770454207,1934.1632770454207,1934.1632770454207,2599.5045745625994,0.40699396311920893,0.8728143865252472
SO-00456,P0106,"[""D-T022-01"", ""D-T004-01""]",744.4939412434896,1599.0794106485098,57.34771923118109,744.4939412434896,2096.8984725249134,2396.8984725249134,2396.8984725249134,3119.6799896198418,0.5483852728490539,0.8286296022346706
SO-00457,P0106,"[""D-T022-01"", ""D-T004-01"", ""D-T005-01""]",744.4939412434896,3180.1895581818935,57.34771923118109,744.4939412434896,3678.0086200582973,3978.0086200582973,3978.0086200582973,4897.056414147387,1.0315022623731434,0.6776555430083927
SO-00458,P0106,"[""D-T004-01""]",750.5149475097656,1599.0794106485098,63.36872549745709,750.5149475097656,2096.8984725249134,2396.8984725249134,2396.8984725249134,3118.9325904044963,0.5465455209343584,0.829204524708013
SO-00459,P0106,"[""D-T004-01"", ""D-T005-01""]",750.5149475097656,3180.1895581818935,63.36872549745709,750.5149475097656,3678.0086200582973,3978.0086200582973,3978.0086200582973,4896.3090149320415,1.029662510458448,0.678230465481735
SO-00460,P0106,"[""D-T005-01""]",2246.017937011719,3180.1895581818935,1558.8717149994104,2246.017937011719,3678.0086200582973,3978.0086200582973,3978.0086200582973,4710.669320922685,0.5727032636661844,0.8210302301043174
SO-00461,P0106,"[""D-T016-01""]",8657.740901692707,9202.37374957015,7970.594679680398,8657.740901692707,9700.192811446554,10000.192811446554,10000.192811446554,10684.49930694561,0.4536775273822942,0.8582257726930331
SO-00462,P0107,"[""D-T022-01""]",744.4939412434896,1136.3442151690172,19.847719231181145,744.4939412434896,1684.1632770454207,1984.1632770454207,1984.1632770454207,2654.91889024547,0.4203215094155052,0.8686495283076546
SO-00463,P0107,"[""D-T022-01"", ""D-T004-01""]",744.4939412434896,1599.0794106485098,19.847719231181145,744.4939412434896,2146.8984725249134,2446.8984725249134,2446.8984725249134,3175.0943053027117,0.5617128191453502,0.824464744017078
SO-00464,P0107,"[""D-T022-01"", ""D-T004-01"", ""D-T005-01""]",744.4939412434896,3180.1895581818935,19.847719231181145,744.4939412434896,3728.0086200582973,4028.0086200582973,4028.0086200582973,4952.470729830257,1.0448298086694396,0.6734906847908002
SO-00465,P0107,"[""D-T004-01""]",750.5149475097656,1599.0794106485098,25.86872549745715,750.5149475097656,2146.8984725249134,2446.8984725249134,2446.8984725249134,3174.3469060873667,0.5598730672306547,0.8250396664904205
SO-00466,P0107,"[""D-T004-01"", ""D-T005-01""]",750.5149475097656,3180.1895581818935,25.86872549745715,750.5149475097656,3728.0086200582973,4028.0086200582973,4028.0086200582973,4951.723330614912,1.0429900567547443,0.6740656072641424
SO-00467,P0107,"[""D-T005-01""]",2246.017937011719,3180.1895581818935,1521.3717149994104,2246.017937011719,3728.0086200582973,4028.0086200582973,4028.0086200582973,4766.0836366055555,0.5860308099624807,0.8168653718867248
SO-00468,P0107,"[""D-T015-01""]",4563.936444091797,5358.54501329219,3839.2902220794886,4563.936444091797,5906.364075168593,6206.364075168593,6206.364075168593,6927.114858702241,0.5433865440828252,0.8301917049741172
SO-00469,P0107,"[""D-T020-01""]",6824.100309010106,7501.5176155004,6099.454086997797,6824.100309010106,8049.336677376804,8349.336677376803,8349.336677376803,9055.540281598347,0.5075781026991839,0.841381842906505
SO-00470,P0107,"[""D-T020-01"", ""D-T017-01""]",6824.100309010106,9216.42317828117,6099.454086997797,6824.100309010106,9764.242240157573,10064.242240157573,10064.242240157573,10983.320406425688,1.0315770246599745,0.677632179793758
SO-00471,P0107,"[""D-T020-01"", ""D-T017-01"", ""D-T016-01""]",6824.100309010106,9216.42317828117,6099.454086997797,6824.100309010106,9764.242240157573,10064.242240157573,10064.242240157573,10983.320406425688,1.0315770246599745,0.677632179793758
SO-00472,P0107,"[""D-T017-01""]",8007.340901692708,9216.42317828117,7282.6946796803995,8007.340901692708,9764.242240157573,10064.242240157573,10064.242240157573,10836.4424509104,0.6700312880069572,0.7906152224978259
SO-00473,P0107,"[""D-T017-01"", ""D-T016-01""]",8007.340901692708,9216.42317828117,7282.6946796803995,8007.340901692708,9764.242240157573,10064.242240157573,10064.242240157573,10836.4424509104,0.6700312880069572,0.7906152224978259
SO-00474,P0107,"[""D-T016-01""]",8657.740901692707,9202.37374957015,7933.094679680398,8657.740901692707,9750.192811446554,10050.192811446554,10050.192811446554,10739.91362262848,0.4670050736785905,0.8540609144754405
SO-00475,P0108,"[""D-T023-01""]",2733.549129231771,3345.36584915296,2128.386647729168,2733.549129231771,3761.366898770797,4061.366898770797,4061.366898770797,4728.6992753764835,0.4118950808755355,0.8712827872263952
SO-00476,P0109,"[""D-T023-01""]",2733.549129231771,3345.36584915296,2135.1794944088556,2733.549129231771,3762.0740520911095,4062.0740520911095,4062.0740520911095,4729.029858811118,0.41096813961848255,0.8715724563692242
SO-00477,P0110,"[""D-T023-01""]",2733.549129231771,3345.36584915296,2097.6794944088556,2733.549129231771,3812.0740520911095,4112.0740520911095,4112.0740520911095,4784.444174493989,0.4242956859147789,0.8674075981516316
SO-00478,P0111,"[""D-T018-01""]",2265.6252990722655,2673.791316545285,1697.3881044884688,2265.6252990722655,3058.8540431521938,3358.8540431521938,3358.8540431521938,3993.2322140218103,0.330777035986748,0.8966321762541413
SO-00479,P0111,"[""D-T018-01"", ""D-T023-01""]",2265.6252990722655,3345.36584915296,1697.3881044884688,2265.6252990722655,3730.4285757598686,4030.4285757598686,4030.4285757598686,4748.170599201445,0.5359803653946487,0.8325061358141723
SO-00480,P0111,"[""D-T023-01""]",2733.549129231771,3345.36584915296,2165.3119346479743,2733.549129231771,3730.4285757598686,4030.4285757598686,4030.4285757598686,4690.086304311853,0.39300363951257755,0.8771863626523195
SO-00481,P0112,"[""D-T018-01""]",2265.6252990722655,2673.791316545285,1674.8881044884688,2265.6252990722655,3088.8540431521938,3388.8540431521938,3388.8540431521938,4026.4808034315324,0.3387735637645258,0.8941332613235857
SO-00482,P0112,"[""D-T018-01"", ""D-T023-01""]",2265.6252990722655,3345.36584915296,1674.8881044884688,2265.6252990722655,3760.4285757598686,4060.4285757598686,4060.4285757598686,4781.419188611167,0.5439768931724265,0.8300072208836167
SO-00483,P0112,"[""D-T023-01""]",2733.549129231771,3345.36584915296,2142.8119346479743,2733.549129231771,3760.4285757598686,4060.4285757598686,4060.4285757598686,4723.334893721575,0.4010001672903553,0.874687447721764
SO-00484,P0113,"[""D-T022-01""]",744.4939412434896,1136.3442151690172,116.25674665969291,744.4939412434896,1601.4069417759258,1901.4069417759258,1901.4069417759258,2542.4227127665276,0.34711574397686623,0.8915263300072294
SO-00485,P0113,"[""D-T022-01"", ""D-T021-01""]",744.4939412434896,1545.4667051462607,116.25674665969291,744.4939412434896,2010.5294317531693,2310.5294317531693,2310.5294317531693,3002.3303729405993,0.47212539369213513,0.8524608144712078
SO-00486,P0113,"[""D-T022-01"", ""D-T021-01"", ""D-T018-01""]",744.4939412434896,2673.791316545285,116.25674665969291,744.4939412434896,3138.8540431521938,3438.8540431521938,3438.8540431521938,4270.716112317106,0.8168912471751704,0.7447214852577593
SO-00487,P0113,"[""D-T021-01""]",749.8744852701823,1545.4667051462607,121.63729068638554,749.8744852701823,2010.5294317531693,2310.5294317531693,2310.5294317531693,3001.6624755483967,0.4704813385728679,0.8529745816959788
SO-00488,P0113,"[""D-T021-01"", ""D-T018-01""]",749.8744852701823,2673.791316545285,121.63729068638554,749.8744852701823,3138.8540431521938,3438.8540431521938,3438.8540431521938,4270.048214924905,0.8152471920559031,0.7452352524825303
SO-00489,P0113,"[""D-T021-01"", ""D-T018-01"", ""D-T023-01""]",749.8744852701823,3345.36584915296,121.63729068638554,749.8744852701823,3810.4285757598686,4110.428575759868,4110.428575759868,5024.986600104538,1.0204505214638038,0.6811092120425614
SO-00490,P0113,"[""D-T018-01""]",2265.6252990722655,2673.791316545285,1637.3881044884688,2265.6252990722655,3138.8540431521938,3438.8540431521938,3438.8540431521938,4081.8951191144024,0.3521011100608221,0.8899684031059931
SO-00491,P0113,"[""D-T018-01"", ""D-T023-01""]",2265.6252990722655,3345.36584915296,1637.3881044884688,2265.6252990722655,3810.4285757598686,4110.428575759868,4110.428575759868,4836.833504294037,0.5573044394687228,0.8258423626660242
SO-00492,P0113,"[""D-T023-01""]",2733.549129231771,3345.36584915296,2105.3119346479743,2733.549129231771,3810.4285757598686,4110.428575759868,4110.428575759868,4778.7492094044455,0.41432771358665166,0.8705225895041714
SO-00493,P0113,"[""D-T016-01""]",8657.740901692707,9202.37374957015,8029.50370710891,8657.740901692707,9667.43647617706,9967.43647617706,9967.43647617706,10627.41744514954,0.3937993082399515,0.8769377161750151
SO-00494,P0114,"[""D-T022-01""]",744.4939412434896,1136.3442151690172,168.77131932486196,744.4939412434896,1528.3604019476709,1828.3604019476709,1828.3604019476709,2462.839895076706,0.3310264446253179,0.8965542360545882
SO-00495,P0114,"[""D-T018-01""]",2265.6252990722655,2673.791316545285,1689.9026771536378,2265.6252990722655,3065.807503323939,3365.807503323939,3365.807503323939,4002.312301424581,0.3360118107092738,0.8949963091533519
SO-00496,P0114,"[""D-T018-01"", ""D-T023-01""]",2265.6252990722655,3345.36584915296,1689.9026771536378,2265.6252990722655,3737.3820359316137,4037.3820359316137,4037.3820359316137,4757.250686604216,0.5412151401171745,0.830870268713383
SO-00497,P0114,"[""D-T023-01""]",2733.549129231771,3345.36584915296,2157.8265073131433,2733.549129231771,3737.3820359316137,4037.3820359316137,4037.3820359316137,4699.166391714624,0.3982384142351033,0.8755504955515302
SO-00498,P0115,"[""D-T022-01""]",744.4939412434896,1136.3442151690172,146.27131932486196,744.4939412434896,1558.3604019476709,1858.3604019476709,1858.3604019476709,2496.0884844864286,0.33902297240309565,0.8940553211240326
SO-00499,P0115,"[""D-T018-01""]",2265.6252990722655,2673.791316545285,1667.4026771536378,2265.6252990722655,3095.807503323939,3395.807503323939,3395.807503323939,4035.560890834304,0.34400833848705153,0.8924973942227964
SO-00500,P0115,"[""D-T018-01"", ""D-T023-01""]",2265.6252990722655,3345.36584915296,1667.4026771536378,2265.6252990722655,3767.3820359316137,4067.3820359316137,4067.3820359316137,4790.499276013938,0.5492116678949522,0.8283713537828274
SO-00501,P0115,"[""D-T023-01""]",2733.549129231771,3345.36584915296,2135.3265073131433,2733.549129231771,3767.3820359316137,4067.3820359316137,4067.3820359316137,4732.414981124347,0.4062349420128811,0.8730515806209747
SO-00502,P0116,"[""D-T022-01""]",744.4939412434896,1136.3442151690172,108.77131932486196,744.4939412434896,1608.3604019476709,1908.3604019476709,1908.3604019476709,2551.502800169299,0.35235051869939193,0.88989046290644
SO-00503,P0116,"[""D-T022-01"", ""D-T021-01""]",744.4939412434896,1545.4667051462607,108.77131932486196,744.4939412434896,2017.4828919249144,2317.4828919249144,2317.4828919249144,3011.4104603433702,0.47736016841466083,0.8508249473704185
SO-00504,P0116,"[""D-T022-01"", ""D-T021-01"", ""D-T018-01""]",744.4939412434896,2673.791316545285,108.77131932486196,744.4939412434896,3145.807503323939,3445.807503323939,3445.807503323939,4279.796199719878,0.8221260218976961,0.74308561815697
SO-00505,P0116,"[""D-T021-01""]",749.8744852701823,1545.4667051462607,114.1518633515546,749.8744852701823,2017.4828919249144,2317.4828919249144,2317.4828919249144,3010.742562951168,0.47571611329539365,0.8513387145951895
SO-00506,P0116,"[""D-T021-01"", ""D-T018-01""]",749.8744852701823,2673.791316545285,114.1518633515546,749.8744852701823,3145.807503323939,3445.807503323939,3445.807503323939,4279.128302327676,0.8204819667784289,0.743599385381741
SO-00507,P0116,"[""D-T018-01""]",2265.6252990722655,2673.791316545285,1629.9026771536378,2265.6252990722655,3145.807503323939,3445.807503323939,3445.807503323939,4090.975206517174,0.3573358847833479,0.8883325360052038
SO-00508,P0116,"[""D-T016-01""]",8657.740901692707,9202.37374957015,8022.01827977408,8657.740901692707,9674.389936348804,9974.389936348804,9974.389936348804,10636.49753255231,0.3990340829624772,0.8753018490742259
SO-00509,P0117,"[""D-T022-01""]",744.4939412434896,1136.3442151690172,133.37843555104263,744.4939412434896,1555.4759394283587,1855.4759394283587,1855.4759394283587,2499.37535492873,0.35421394584706706,0.8893081419227915
SO-00510,P0117,"[""D-T018-01""]",2265.6252990722655,2673.791316545285,1654.5097933798186,2265.6252990722655,3092.923040804627,3392.923040804627,3392.923040804627,4038.847761276605,0.35919931193102295,0.8877502150215554
SO-00511,P0118,"[""D-T022-01""]",744.4939412434896,1136.3442151690172,130.21730273854263,744.4939412434896,1566.1370722408587,1866.1370722408587,1866.1370722408587,2510.891780421758,0.3563192816760601,0.8886502244762312
SO-00512,P0118,"[""D-T018-01""]",2265.6252990722655,2673.791316545285,1651.3486605673186,2265.6252990722655,3103.584173617127,3403.584173617127,3403.584173617127,4050.3641867696333,0.36130464776001603,0.887092297574995
SO-00513,P0119,"[""D-T022-01""]",744.4939412434896,1136.3442151690172,92.71730273854263,744.4939412434896,1616.1370722408587,1916.1370722408587,1916.1370722408587,2566.3060961046285,0.3696468279723564,0.8844853662586386
SO-00514,P0119,"[""D-T022-01"", ""D-T021-01""]",744.4939412434896,1545.4667051462607,92.71730273854263,744.4939412434896,2025.2595622181022,2325.2595622181025,2325.2595622181025,3026.2137562787,0.4946564776876253,0.8454198507226172
SO-00515,P0119,"[""D-T022-01"", ""D-T021-01"", ""D-T018-01""]",744.4939412434896,2673.791316545285,92.71730273854263,744.4939412434896,3153.584173617127,3453.584173617127,3453.584173617127,4294.599495655208,0.8394223311706606,0.7376805215091686
SO-00516,P0119,"[""D-T021-01""]",749.8744852701823,1545.4667051462607,98.09784676523526,749.8744852701823,2025.2595622181022,2325.2595622181025,2325.2595622181025,3025.5458588864976,0.4930124225683581,0.8459336179473881
SO-00517,P0119,"[""D-T021-01"", ""D-T018-01""]",749.8744852701823,2673.791316545285,98.09784676523526,749.8744852701823,3153.584173617127,3453.584173617127,3453.584173617127,4293.931598263005,0.8377782760513933,0.7381942887339397
SO-00518,P0119,"[""D-T018-01""]",2265.6252990722655,2673.791316545285,1613.8486605673186,2265.6252990722655,3153.584173617127,3453.584173617127,3453.584173617127,4105.778502452504,0.3746321940563123,0.8829274393574024
SO-00519,P0119,"[""D-T016-01""]",8657.740901692707,9202.37374957015,8005.96426318776,8657.740901692707,9682.166606641991,9982.166606641991,9982.166606641991,10651.30082848764,0.41633039223544166,0.8698967524264245
SO-00520,P0120,"[""D-T021-01""]",749.8744852701823,1545.4667051462607,59.167162970622655,749.8744852701823,2043.0261326500845,2343.0261326500845,2343.0261326500845,3055.352152411612,0.5226486640283761,0.8366722924911325
SO-00521,P0121,"[""D-T022-01""]",744.4939412434896,1136.3442151690172,70.88293242049252,744.4939412434896,1624.3073291962787,1924.3073291962787,1924.3073291962787,2584.8643926248456,0.39521738690108826,0.87649456659341
SO-00522,P0121,"[""D-T022-01"", ""D-T021-01""]",744.4939412434896,1545.4667051462607,70.88293242049252,744.4939412434896,2033.429819173522,2333.429819173522,2333.429819173522,3044.7720527989172,0.5202270366163572,0.8374290510573884
SO-00523,P0121,"[""D-T021-01""]",749.8744852701823,1545.4667051462607,76.26347644718516,749.8744852701823,2033.429819173522,2333.429819173522,2333.429819173522,3044.1041554067147,0.5185829814970899,0.8379428182821594
SO-00524,P0122,"[""D-T022-01""]",744.4939412434896,1136.3442151690172,33.38293242049252,744.4939412434896,1674.3073291962787,1974.3073291962787,1974.3073291962787,2640.2787083077164,0.40854493319738455,0.8723297083758174
SO-00525,P0122,"[""D-T022-01"", ""D-T021-01""]",744.4939412434896,1545.4667051462607,33.38293242049252,744.4939412434896,2083.429819173522,2383.429819173522,2383.429819173522,3100.186368481787,0.5335545829126535,0.8332641928397958
SO-00526,P0122,"[""D-T022-01"", ""D-T021-01"", ""D-T004-01""]",744.4939412434896,1599.0794106485098,33.38293242049252,744.4939412434896,2137.0425246757713,2437.0425246757713,2437.0425246757713,3160.4541233649584,0.5499362429272295,0.8281449240852408
SO-00527,P0122,"[""D-T021-01""]",749.8744852701823,1545.4667051462607,38.763476447185155,749.8744852701823,2083.429819173522,2383.429819173522,2383.429819173522,3099.518471089585,0.5319105277933862,0.8337779600645668
SO-00528,P0122,"[""D-T021-01"", ""D-T004-01""]",749.8744852701823,1599.0794106485098,38.763476447185155,749.8744852701823,2137.0425246757713,2437.0425246757713,2437.0425246757713,3159.7862259727563,0.5482921878079623,0.8286586913100118
SO-00529,P0122,"[""D-T021-01"", ""D-T004-01"", ""D-T005-01""]",749.8744852701823,3180.1895581818935,38.763476447185155,749.8744852701823,3718.152672209155,4018.152672209155,4018.152672209155,4937.1626505003005,1.0314091773320517,0.6776846320837339
SO-00530,P0122,"[""D-T004-01""]",750.5149475097656,1599.0794106485098,39.40393868676853,750.5149475097656,2137.0425246757713,2437.0425246757713,2437.0425246757713,3159.7067241496134,0.5480964910125341,0.8287198465585831
SO-00531,P0122,"[""D-T004-01"", ""D-T005-01""]",750.5149475097656,3180.1895581818935,39.40393868676853,750.5149475097656,3718.152672209155,4018.152672209155,4018.152672209155,4937.083148677158,1.0312134805366235,0.6777457873323052
SO-00532,P0122,"[""D-T005-01""]",2246.017937011719,3180.1895581818935,1534.9069281887218,2246.017937011719,3718.152672209155,4018.152672209155,4018.152672209155,4751.443454667801,0.5742542337443601,0.8205455519548874
SO-00533,P0123,"[""D-T005-01""]",2246.017937011719,3180.1895581818935,1363.5644365682565,2246.017937011719,3893.37374964505,4193.37374964505,4193.37374964505,4969.796184184323,0.6804244542505163,0.7873673580467137
SO-00534,P0123,"[""D-T005-01"", ""D-T008-01""]",2246.017937011719,3775.212635139854,1363.5644365682565,2246.017937011719,4488.39682660301,4788.39682660301,4788.39682660301,5638.68063267439,0.862237061098782,0.7305509184066307
SO-00535,P0123,"[""D-T005-01"", ""D-T008-01"", ""D-T015-01""]",2246.017937011719,5358.54501329219,1363.5644365682565,2246.017937011719,6071.729204755346,6371.729204755346,6371.729204755346,7418.555137628622,1.346033065534218,0.5793646670205569
SO-00536,P0123,"[""D-T008-01""]",3138.8371114095053,3775.212635139854,2256.383610966043,3138.8371114095053,4488.39682660301,4788.39682660301,4788.39682660301,5527.853252519109,0.5894312022550139,0.8158027492953082
SO-00537,P0123,"[""D-T008-01"", ""D-T015-01""]",3138.8371114095053,5358.54501329219,2256.383610966043,3138.8371114095053,6071.729204755346,6371.729204755346,6371.729204755346,7307.727757473341,1.0732272066904498,0.6646164979092344
SO-00538,P0123,"[""D-T008-01"", ""D-T015-01"", ""D-T009-01""]",3138.8371114095053,6158.850504067286,2256.383610966043,3138.8371114095053,6872.034695530442,7172.034695530442,7172.034695530442,8207.376724967915,1.317764995538396,0.5881984388942512
SO-00539,P0123,"[""D-T015-01""]",4563.936444091797,5358.54501329219,3681.4829436483346,4563.936444091797,6071.729204755346,6371.729204755346,6371.729204755346,7130.827406281008,0.6377801883708607,0.800693691134106
SO-00540,P0123,"[""D-T015-01"", ""D-T009-01""]",4563.936444091797,6158.850504067286,3681.4829436483346,4563.936444091797,6872.034695530442,7172.034695530442,7172.034695530442,8030.476373775582,0.8823179772188069,0.7242756321191228
SO-00541,P0123,"[""D-T015-01"", ""D-T009-01"", ""D-T020-01""]",4563.936444091797,7501.5176155004,3681.4829436483346,4563.936444091797,8214.701806963556,8514.701806963556,8514.701806963556,9539.811364492494,1.2925773723789251,0.596069571131586
SO-00542,P0123,"[""D-T009-01""]",5439.204533691406,6158.850504067286,4556.751033247944,5439.204533691406,6872.034695530442,7172.034695530442,7172.034695530442,7921.827643903409,0.6148749498411485,0.8078515781746411
SO-00543,P0123,"[""D-T009-01"", ""D-T020-01""]",5439.204533691406,7501.5176155004,4556.751033247944,5439.204533691406,8214.701806963556,8514.701806963556,8514.701806963556,9431.162634620321,1.0251343450012667,0.6796455171871042
SO-00544,P0123,"[""D-T009-01"", ""D-T020-01"", ""D-T017-01""]",5439.204533691406,9216.42317828117,4556.751033247944,5439.204533691406,9929.607369744326,10229.607369744326,10229.607369744326,11358.942759447662,1.5491332669620574,0.515895854074357
SO-00545,P0123,"[""D-T020-01""]",6824.100309010106,7501.5176155004,5941.646808566644,6824.100309010106,8214.701806963556,8514.701806963556,8514.701806963556,9259.252829177114,0.6019717469872196,0.8118838290664939
SO-00546,P0123,"[""D-T020-01"", ""D-T017-01""]",6824.100309010106,9216.42317828117,5941.646808566644,6824.100309010106,9929.607369744326,10229.607369744326,10229.607369744326,11187.032954004455,1.1259706689480102,0.6481341659537468
SO-00547,P0123,"[""D-T020-01"", ""D-T017-01"", ""D-T016-01""]",6824.100309010106,9216.42317828117,5941.646808566644,6824.100309010106,9929.607369744326,10229.607369744326,10229.607369744326,11187.032954004455,1.1259706689480102,0.6481341659537468
SO-00548,P0123,"[""D-T017-01""]",8007.340901692708,9216.42317828117,7124.887401249246,8007.340901692708,9929.607369744326,10229.607369744326,10229.607369744326,11040.154998489166,0.7644249322949929,0.7611172086578147
SO-00549,P0123,"[""D-T017-01"", ""D-T016-01""]",8007.340901692708,9216.42317828117,7124.887401249246,8007.340901692708,9929.607369744326,10229.607369744326,10229.607369744326,11040.154998489166,0.7644249322949929,0.7611172086578147
SO-00550,P0123,"[""D-T016-01""]",8657.740901692707,9202.37374957015,7775.287401249245,8657.740901692707,9915.557941033307,10215.557941033307,10215.557941033307,10943.626170207248,0.5613987179666261,0.8245629006354294
SO-00551,P0124,"[""D-T023-01""]",2733.549129231771,3345.36584915296,1892.7509399634318,2733.549129231771,3986.9969366248315,4286.9969366248315,4286.9969366248315,4995.550076034308,0.5133615739310209,0.839574508146556
SO-00552,P0125,"[""D-T023-01""]",2733.549129231771,3345.36584915296,1922.7509399634318,2733.549129231771,3964.4969366248315,4264.4969366248315,4264.4969366248315,4969.801486624587,0.5053650461532431,0.8420734230771115
SO-00553,P0126,"[""D-T023-01""]",2733.549129231771,3345.36584915296,1972.7509399634318,2733.549129231771,3926.9969366248315,4226.9969366248315,4226.9969366248315,4926.887170941716,0.4920374998569468,0.8462382812947041
SO-00554,P0127,"[""D-T023-01""]",2733.549129231771,3345.36584915296,1949.1137821985017,2733.549129231771,3938.2708525583,4238.2708525583,4238.2708525583,4937.711611523007,0.4909310989900484,0.8465840315656099
SO-00555,P0128,"[""D-T023-01""]",2733.549129231771,3345.36584915296,1979.1137821985017,2733.549129231771,3915.7708525583,4215.7708525583,4215.7708525583,4911.963022113285,0.48293457121227057,0.8490829464961654
SO-00556,P0129,"[""D-T023-01""]",2733.549129231771,3345.36584915296,2029.1137821985017,2733.549129231771,3878.2708525583,4178.2708525583,4178.2708525583,4869.048706430414,0.4696070249159743,0.853247804713758
SO-00557,P0130,"[""D-T022-01""]",744.4939412434896,1136.3442151690172,41.79123187590284,744.4939412434896,1664.1501182011548,1964.1501182011548,1964.1501182011548,2628.1132519566295,0.4036015600134761,0.8738745124957887
SO-00558,P0130,"[""D-T022-01"", ""D-T021-01""]",744.4939412434896,1545.4667051462607,41.79123187590284,744.4939412434896,2073.2726081783985,2373.2726081783985,2373.2726081783985,3088.020912130701,0.528611209728745,0.8348089969597672
SO-00559,P0130,"[""D-T022-01"", ""D-T021-01"", ""D-T018-01""]",744.4939412434896,2673.791316545285,41.79123187590284,744.4939412434896,3201.597219577423,3501.597219577423,3501.597219577423,4356.406651507209,0.8733770632117802,0.7270696677463186
SO-00560,P0130,"[""D-T021-01""]",749.8744852701823,1545.4667051462607,47.17177590259547,749.8744852701823,2073.2726081783985,2373.2726081783985,2373.2726081783985,3087.353014738499,0.5269671546094777,0.8353227641845382
SO-00561,P0130,"[""D-T021-01"", ""D-T018-01""]",749.8744852701823,2673.791316545285,47.17177590259547,749.8744852701823,3201.597219577423,3501.597219577423,3501.597219577423,4355.7387541150065,0.871733008092513,0.7275834349710897
SO-00562,P0130,"[""D-T021-01"", ""D-T018-01"", ""D-T023-01""]",749.8744852701823,3345.36584915296,47.17177590259547,749.8744852701823,3873.171752185098,4173.171752185098,4173.171752185098,5110.677139294641,1.0769363375004137,0.6634573945311207
SO-00563,P0130,"[""D-T018-01""]",2265.6252990722655,2673.791316545285,1562.9225897046788,2265.6252990722655,3201.597219577423,3501.597219577423,3501.597219577423,4167.585658304504,0.40858692609743197,0.8723165855945525
SO-00564,P0130,"[""D-T018-01"", ""D-T023-01""]",2265.6252990722655,3345.36584915296,1562.9225897046788,2265.6252990722655,3873.171752185098,4173.171752185098,4173.171752185098,4922.524043484139,0.6137902555053327,0.8081905451545836
SO-00565,P0130,"[""D-T023-01""]",2733.549129231771,3345.36584915296,2030.846419864184,2733.549129231771,3873.171752185098,4173.171752185098,4173.171752185098,4864.439748594548,0.4708135296232615,0.8528707719927308
SO-00566,P0131,"[""D-T022-01""]",744.4939412434896,1136.3442151690172,22.45879881112421,744.4939412434896,1690.9825512659336,1990.9825512659336,1990.9825512659336,2657.80226969207,0.4106331530489503,0.8716771396722031
SO-00567,P0131,"[""D-T022-01"", ""D-T021-01""]",744.4939412434896,1545.4667051462607,22.45879881112421,744.4939412434896,2100.105041243177,2400.105041243177,2400.105041243177,3117.709929866141,0.5356428027642192,0.8326116241361815
SO-00568,P0131,"[""D-T022-01"", ""D-T021-01"", ""D-T018-01""]",744.4939412434896,2673.791316545285,22.45879881112421,744.4939412434896,3228.4296526422013,3528.4296526422013,3528.4296526422013,4386.095669242648,0.8804086562472544,0.7248722949227331
SO-00569,P0131,"[""D-T021-01""]",749.8744852701823,1545.4667051462607,27.839342837816844,749.8744852701823,2100.105041243177,2400.105041243177,2400.105041243177,3117.0420324739384,0.5339987476449519,0.8331253913609525
SO-00570,P0131,"[""D-T021-01"", ""D-T018-01""]",749.8744852701823,2673.791316545285,27.839342837816844,749.8744852701823,3228.4296526422013,3528.4296526422013,3528.4296526422013,4385.427771850446,0.8787646011279873,0.725386062147504
SO-00571,P0131,"[""D-T021-01"", ""D-T018-01"", ""D-T023-01""]",749.8744852701823,3345.36584915296,27.839342837816844,749.8744852701823,3900.004185249876,4200.004185249876,4200.004185249876,5140.366157030081,1.0839679305358878,0.6612600217075351
SO-00572,P0131,"[""D-T018-01""]",2265.6252990722655,2673.791316545285,1543.5901566399002,2265.6252990722655,3228.4296526422013,3528.4296526422013,3528.4296526422013,4197.274676039944,0.4156185191329062,0.8701192127709668
SO-00573,P0131,"[""D-T018-01"", ""D-T023-01""]",2265.6252990722655,3345.36584915296,1543.5901566399002,2265.6252990722655,3900.004185249876,4200.004185249876,4200.004185249876,4952.213061219579,0.6208218485408069,0.8059931723309979
SO-00574,P0131,"[""D-T023-01""]",2733.549129231771,3345.36584915296,2011.5139867994058,2733.549129231771,3900.004185249876,4200.004185249876,4200.004185249876,4894.128766329987,0.47784512265873574,0.8506733991691451
SO-00575,P0132,"[""D-T018-01""]",2265.6252990722655,2673.791316545285,1506.0901566399002,2265.6252990722655,3278.4296526422013,3578.4296526422013,3578.4296526422013,4252.6889917228145,0.4289460654292025,0.8659543545533742
SO-00576,P0132,"[""D-T018-01"", ""D-T023-01""]",2265.6252990722655,3345.36584915296,1506.0901566399002,2265.6252990722655,3950.004185249876,4250.004185249876,4250.004185249876,5007.627376902449,0.6341493948371032,0.8018283141134053
SO-00577,P0132,"[""D-T023-01""]",2733.549129231771,3345.36584915296,1974.0139867994058,2733.549129231771,3950.004185249876,4250.004185249876,4250.004185249876,4949.543082012858,0.49117266895503203,0.8465085409515525
SO-00578,P0132,"[""D-T016-01""]",8657.740901692707,9202.37374957015,7898.205759260341,8657.740901692707,9807.012085667066,10107.012085667066,10107.012085667066,10798.21131775795,0.4706442636083319,0.8529236676223964
SO-00579,P0133,"[""D-T021-01""]",749.8744852701823,1545.4667051462607,23.573010010725397,749.8744852701823,2086.695475836219,2386.695475836219,2386.695475836219,3107.3314866489854,0.5431040266160398,0.8302799916824876
SO-00580,P0134,"[""D-T022-01""]",744.4939412434896,1136.3442151690172,21.57994767348589,744.4939412434896,1681.6855041695221,1981.6855041695221,1981.6855041695221,2652.2491059164995,0.4198488658387141,0.8687972294254018
SO-00581,P0134,"[""D-T022-01"", ""D-T021-01""]",744.4939412434896,1545.4667051462607,21.57994767348589,744.4939412434896,2090.807994146766,2390.807994146766,2390.807994146766,3112.1567660905716,0.544858515553983,0.8297317138893803
SO-00582,P0134,"[""D-T022-01"", ""D-T021-01"", ""D-T018-01""]",744.4939412434896,2673.791316545285,21.57994767348589,744.4939412434896,3219.1326055457903,3519.1326055457903,3519.1326055457903,4380.542505467079,0.8896243690370182,0.7219923846759317
SO-00583,P0134,"[""D-T021-01""]",749.8744852701823,1545.4667051462607,26.960491700178522,749.8744852701823,2090.807994146766,2390.807994146766,2390.807994146766,3111.488868698369,0.5432144604347158,0.8302454811141513
SO-00584,P0134,"[""D-T021-01"", ""D-T018-01""]",749.8744852701823,2673.791316545285,26.960491700178522,749.8744852701823,3219.1326055457903,3519.1326055457903,3519.1326055457903,4379.874608074877,0.887980313917751,0.7225061519007028
SO-00585,P0134,"[""D-T018-01""]",2265.6252990722655,2673.791316545285,1542.711305502262,2265.6252990722655,3219.1326055457903,3519.1326055457903,3519.1326055457903,4191.721512264375,0.42483423192267,0.8672393025241656
SO-00586,P0135,"[""D-T018-01""]",2265.6252990722655,2673.791316545285,1505.211305502262,2265.6252990722655,3269.1326055457903,3569.1326055457903,3569.1326055457903,4247.135827947245,0.4381617782189663,0.863074444306573
SO-00587,P0135,"[""D-T018-01"", ""D-T023-01""]",2265.6252990722655,3345.36584915296,1505.211305502262,2265.6252990722655,3940.707138153465,4240.707138153465,4240.707138153465,5002.07421312688,0.6433651076268669,0.7989484038666042
SO-00588,P0135,"[""D-T023-01""]",2733.549129231771,3345.36584915296,1973.1351356617674,2733.549129231771,3940.707138153465,4240.707138153465,4240.707138153465,4943.989918237288,0.5003883817447958,0.8436286307047514
