candidate_id,demand_id,covered,sample_count,failed_sample_t_s,backhaul_available,backhaul_margin_db
P0001,D-T004-01,False,426,750.5149475097656,True,1.626649821382344
P0001,D-T005-01,False,469,2246.017937011719,True,1.626649821382344
P0001,D-T006-01,False,513,5874.491058349609,True,1.626649821382344
P0001,D-T007-01,False,644,3953.5092700195314,True,1.626649821382344
P0001,D-T008-01,False,320,3138.8371114095053,True,1.626649821382344
P0001,D-T009-01,False,362,5439.204533691406,True,1.626649821382344
P0001,D-T010-01,False,264,3795.4669311523435,True,1.626649821382344
P0001,D-T011-01,False,310,6783.520317382812,True,1.626649821382344
P0001,D-T014-01,False,215,2131.391058349609,True,1.626649821382344
P0001,D-T015-01,False,400,4563.936444091797,True,1.626649821382344
P0001,D-T016-01,False,275,8657.740901692707,True,1.626649821382344
P0001,D-T017-01,False,609,8007.340901692708,True,1.626649821382344
P0001,D-T018-01,False,207,2265.6252990722655,True,1.626649821382344
P0001,D-T020-01,False,342,6824.100309010106,True,1.626649821382344
P0001,D-T021-01,False,401,749.8744852701823,True,1.626649821382344
P0001,D-T022-01,False,198,744.4939412434896,True,1.626649821382344
P0001,D-T023-01,False,309,2733.549129231771,True,1.626649821382344
P0001,D-T024-01,False,316,5562.833085123698,True,1.626649821382344
P0001,D-T025-01,False,423,3812.691058349609,True,1.626649821382344
P0002,D-T004-01,False,426,750.5149475097656,True,1.6219860428895458
P0002,D-T005-01,False,469,2246.017937011719,True,1.6219860428895458
P0002,D-T006-01,False,513,5874.491058349609,True,1.6219860428895458
P0002,D-T007-01,False,644,3953.5092700195314,True,1.6219860428895458
P0002,D-T008-01,False,320,3138.8371114095053,True,1.6219860428895458
P0002,D-T009-01,False,362,5439.204533691406,True,1.6219860428895458
P0002,D-T010-01,False,264,3795.4669311523435,True,1.6219860428895458
P0002,D-T011-01,False,310,6783.520317382812,True,1.6219860428895458
P0002,D-T014-01,False,215,2131.391058349609,True,1.6219860428895458
P0002,D-T015-01,False,400,4563.936444091797,True,1.6219860428895458
P0002,D-T016-01,False,275,8657.740901692707,True,1.6219860428895458
P0002,D-T017-01,False,609,8007.340901692708,True,1.6219860428895458
P0002,D-T018-01,False,207,2265.6252990722655,True,1.6219860428895458
P0002,D-T020-01,False,342,6824.100309010106,True,1.6219860428895458
P0002,D-T021-01,False,401,749.8744852701823,True,1.6219860428895458
P0002,D-T022-01,False,198,744.4939412434896,True,1.6219860428895458
P0002,D-T023-01,False,309,2733.549129231771,True,1.6219860428895458
P0002,D-T024-01,False,316,5562.833085123698,True,1.6219860428895458
P0002,D-T025-01,False,423,3812.691058349609,True,1.6219860428895458
P0003,D-T004-01,False,426,750.5149475097656,True,1.6084612585428886
P0003,D-T005-01,False,469,2246.017937011719,True,1.6084612585428886
P0003,D-T006-01,False,513,5874.491058349609,True,1.6084612585428886
P0003,D-T007-01,False,644,3953.5092700195314,True,1.6084612585428886
P0003,D-T008-01,False,320,3138.8371114095053,True,1.6084612585428886
P0003,D-T009-01,False,362,5439.204533691406,True,1.6084612585428886
P0003,D-T010-01,False,264,3795.4669311523435,True,1.6084612585428886
P0003,D-T011-01,False,310,6783.520317382812,True,1.6084612585428886
P0003,D-T014-01,False,215,2131.391058349609,True,1.6084612585428886
P0003,D-T015-01,False,400,4563.936444091797,True,1.6084612585428886
P0003,D-T016-01,False,275,8657.740901692707,True,1.6084612585428886
P0003,D-T017-01,False,609,8007.340901692708,True,1.6084612585428886
P0003,D-T018-01,False,207,2265.6252990722655,True,1.6084612585428886
P0003,D-T020-01,False,342,6824.100309010106,True,1.6084612585428886
P0003,D-T021-01,False,401,749.8744852701823,True,1.6084612585428886
P0003,D-T022-01,False,198,744.4939412434896,True,1.6084612585428886
P0003,D-T023-01,False,309,2733.549129231771,True,1.6084612585428886
P0003,D-T024-01,False,316,5570.833085123698,True,1.6084612585428886
P0003,D-T025-01,False,423,3812.691058349609,True,1.6084612585428886
P0004,D-T004-01,False,426,750.5149475097656,True,2.189872002701378
P0004,D-T005-01,False,469,2246.017937011719,True,2.189872002701378
P0004,D-T006-01,False,513,5874.491058349609,True,2.189872002701378
P0004,D-T007-01,False,644,3953.5092700195314,True,2.189872002701378
P0004,D-T008-01,False,320,3138.8371114095053,True,2.189872002701378
P0004,D-T009-01,False,362,5439.204533691406,True,2.189872002701378
P0004,D-T010-01,False,264,3795.4669311523435,True,2.189872002701378
P0004,D-T011-01,False,310,6783.520317382812,True,2.189872002701378
P0004,D-T014-01,False,215,2131.391058349609,True,2.189872002701378
P0004,D-T015-01,False,400,4563.936444091797,True,2.189872002701378
P0004,D-T016-01,False,275,8657.740901692707,True,2.189872002701378
P0004,D-T017-01,False,609,8007.340901692708,True,2.189872002701378
P0004,D-T018-01,False,207,2265.6252990722655,True,2.189872002701378
P0004,D-T020-01,False,342,6824.100309010106,True,2.189872002701378
P0004,D-T021-01,False,401,749.8744852701823,True,2.189872002701378
P0004,D-T022-01,False,198,744.4939412434896,True,2.189872002701378
P0004,D-T023-01,False,309,2733.549129231771,True,2.189872002701378
P0004,D-T024-01,False,316,5562.833085123698,True,2.189872002701378
P0004,D-T025-01,False,423,3812.691058349609,True,2.189872002701378
P0005,D-T004-01,False,426,750.5149475097656,True,2.179546185636468
P0005,D-T005-01,False,469,2246.017937011719,True,2.179546185636468
P0005,D-T006-01,False,513,5874.491058349609,True,2.179546185636468
P0005,D-T007-01,False,644,3953.5092700195314,True,2.179546185636468
P0005,D-T008-01,False,320,3138.8371114095053,True,2.179546185636468
P0005,D-T009-01,False,362,5439.204533691406,True,2.179546185636468
P0005,D-T010-01,False,264,3795.4669311523435,True,2.179546185636468
P0005,D-T011-01,False,310,6783.520317382812,True,2.179546185636468
P0005,D-T014-01,False,215,2131.391058349609,True,2.179546185636468
P0005,D-T015-01,False,400,4563.936444091797,True,2.179546185636468
P0005,D-T016-01,False,275,8657.740901692707,True,2.179546185636468
P0005,D-T017-01,False,609,8007.340901692708,True,2.179546185636468
P0005,D-T018-01,False,207,2265.6252990722655,True,2.179546185636468
P0005,D-T020-01,False,342,6824.100309010106,True,2.179546185636468
P0005,D-T021-01,False,401,749.8744852701823,True,2.179546185636468
P0005,D-T022-01,False,198,744.4939412434896,True,2.179546185636468
P0005,D-T023-01,False,309,2733.549129231771,True,2.179546185636468
P0005,D-T024-01,False,316,5562.833085123698,True,2.179546185636468
P0005,D-T025-01,False,423,3812.691058349609,True,2.179546185636468
P0006,D-T004-01,False,426,750.5149475097656,True,2.155853214198075
P0006,D-T005-01,False,469,2246.017937011719,True,2.155853214198075
P0006,D-T006-01,False,513,5874.491058349609,True,2.155853214198075
P0006,D-T007-01,False,644,3953.5092700195314,True,2.155853214198075
P0006,D-T008-01,False,320,3138.8371114095053,True,2.155853214198075
P0006,D-T009-01,False,362,5439.204533691406,True,2.155853214198075
P0006,D-T010-01,False,264,3795.4669311523435,True,2.155853214198075
P0006,D-T011-01,False,310,6783.520317382812,True,2.155853214198075
P0006,D-T014-01,False,215,2131.391058349609,True,2.155853214198075
P0006,D-T015-01,False,400,4565.936444091797,True,2.155853214198075
P0006,D-T016-01,False,275,8657.740901692707,True,2.155853214198075
P0006,D-T017-01,False,609,8007.340901692708,True,2.155853214198075
P0006,D-T018-01,False,207,2265.6252990722655,True,2.155853214198075
P0006,D-T020-01,False,342,6824.100309010106,True,2.155853214198075
P0006,D-T021-01,False,401,749.8744852701823,True,2.155853214198075
P0006,D-T022-01,False,198,744.4939412434896,True,2.155853214198075
P0006,D-T023-01,False,309,2733.549129231771,True,2.155853214198075
P0006,D-T024-01,False,316,5562.833085123698,True,2.155853214198075
P0006,D-T025-01,False,423,3812.691058349609,True,2.155853214198075
P0007,D-T004-01,False,426,750.5149475097656,True,1.9772923738458559
P0007,D-T005-01,False,469,2246.017937011719,True,1.9772923738458559
P0007,D-T006-01,False,513,6289.200266598318,True,1.9772923738458559
P0007,D-T007-01,False,644,4424.417219926769,True,1.9772923738458559
P0007,D-T008-01,False,320,3138.8371114095053,True,1.9772923738458559
P0007,D-T009-01,False,362,5439.204533691406,True,1.9772923738458559
P0007,D-T010-01,False,264,3795.4669311523435,True,1.9772923738458559
P0007,D-T011-01,False,310,6783.520317382812,True,1.9772923738458559
P0007,D-T014-01,True,215,,True,1.9772923738458559
P0007,D-T015-01,False,400,4563.936444091797,True,1.9772923738458559
P0007,D-T016-01,False,275,8657.740901692707,True,1.9772923738458559
P0007,D-T017-01,False,609,8007.340901692708,True,1.9772923738458559
P0007,D-T018-01,False,207,2265.6252990722655,True,1.9772923738458559
P0007,D-T020-01,False,342,6824.100309010106,True,1.9772923738458559
P0007,D-T021-01,False,401,749.8744852701823,True,1.9772923738458559
P0007,D-T022-01,False,198,744.4939412434896,True,1.9772923738458559
P0007,D-T023-01,False,309,2733.549129231771,True,1.9772923738458559
P0007,D-T024-01,False,316,5562.833085123698,True,1.9772923738458559
P0007,D-T025-01,False,423,4183.522387773448,True,1.9772923738458559
P0008,D-T004-01,False,426,750.5149475097656,True,1.9654724122397624
P0008,D-T005-01,False,469,2246.017937011719,True,1.9654724122397624
P0008,D-T006-01,False,513,6289.200266598318,True,1.9654724122397624
P0008,D-T007-01,False,644,4424.417219926769,True,1.9654724122397624
P0008,D-T008-01,False,320,3138.8371114095053,True,1.9654724122397624
P0008,D-T009-01,False,362,5439.204533691406,True,1.9654724122397624
P0008,D-T010-01,False,264,3795.4669311523435,True,1.9654724122397624
P0008,D-T011-01,False,310,6783.520317382812,True,1.9654724122397624
P0008,D-T014-01,True,215,,True,1.9654724122397624
P0008,D-T015-01,False,400,4563.936444091797,True,1.9654724122397624
P0008,D-T016-01,False,275,8657.740901692707,True,1.9654724122397624
P0008,D-T017-01,False,609,8007.340901692708,True,1.9654724122397624
P0008,D-T018-01,False,207,2265.6252990722655,True,1.9654724122397624
P0008,D-T020-01,False,342,6824.100309010106,True,1.9654724122397624
P0008,D-T021-01,False,401,749.8744852701823,True,1.9654724122397624
P0008,D-T022-01,False,198,744.4939412434896,True,1.9654724122397624
P0008,D-T023-01,False,309,2733.549129231771,True,1.9654724122397624
P0008,D-T024-01,False,316,5562.833085123698,True,1.9654724122397624
P0008,D-T025-01,False,423,4183.522387773448,True,1.9654724122397624
P0009,D-T004-01,False,426,750.5149475097656,True,11.939623795788407
P0009,D-T005-01,False,469,2246.017937011719,True,11.939623795788407
P0009,D-T006-01,True,513,,True,11.939623795788407
P0009,D-T007-01,True,644,,True,11.939623795788407
P0009,D-T008-01,False,320,3138.8371114095053,True,11.939623795788407
P0009,D-T009-01,False,362,5439.204533691406,True,11.939623795788407
P0009,D-T010-01,False,264,3946.8412843290234,True,11.939623795788407
P0009,D-T011-01,False,310,6923.019799924156,True,11.939623795788407
P0009,D-T014-01,True,215,,True,11.939623795788407
P0009,D-T015-01,False,400,4625.936444091797,True,11.939623795788407
P0009,D-T016-01,False,275,8657.740901692707,True,11.939623795788407
P0009,D-T017-01,False,609,8007.340901692708,True,11.939623795788407
P0009,D-T018-01,False,207,2265.6252990722655,True,11.939623795788407
P0009,D-T020-01,False,342,6824.100309010106,True,11.939623795788407
P0009,D-T021-01,False,401,749.8744852701823,True,11.939623795788407
P0009,D-T022-01,False,198,744.4939412434896,True,11.939623795788407
P0009,D-T023-01,False,309,2733.549129231771,True,11.939623795788407
P0009,D-T024-01,True,316,,True,11.939623795788407
P0009,D-T025-01,True,423,,True,11.939623795788407
P0010,D-T004-01,False,426,750.5149475097656,True,1.0990437613485682
P0010,D-T005-01,False,469,2246.017937011719,True,1.0990437613485682
P0010,D-T006-01,True,513,,True,1.0990437613485682
P0010,D-T007-01,True,644,,True,1.0990437613485682
P0010,D-T008-01,False,320,3138.8371114095053,True,1.0990437613485682
P0010,D-T009-01,False,362,5439.204533691406,True,1.0990437613485682
P0010,D-T010-01,False,264,3795.4669311523435,True,1.0990437613485682
P0010,D-T011-01,False,310,6783.520317382812,True,1.0990437613485682
P0010,D-T014-01,True,215,,True,1.0990437613485682
P0010,D-T015-01,False,400,4563.936444091797,True,1.0990437613485682
P0010,D-T016-01,False,275,8657.740901692707,True,1.0990437613485682
P0010,D-T017-01,False,609,8007.340901692708,True,1.0990437613485682
P0010,D-T018-01,False,207,2265.6252990722655,True,1.0990437613485682
P0010,D-T020-01,False,342,6824.100309010106,True,1.0990437613485682
P0010,D-T021-01,False,401,749.8744852701823,True,1.0990437613485682
P0010,D-T022-01,False,198,744.4939412434896,True,1.0990437613485682
P0010,D-T023-01,False,309,2733.549129231771,True,1.0990437613485682
P0010,D-T024-01,False,316,5700.833085123698,True,1.0990437613485682
P0010,D-T025-01,False,423,4285.522387773448,True,1.0990437613485682
P0011,D-T004-01,False,426,750.5149475097656,True,1.0923695275787395
P0011,D-T005-01,False,469,2246.017937011719,True,1.0923695275787395
P0011,D-T006-01,True,513,,True,1.0923695275787395
P0011,D-T007-01,True,644,,True,1.0923695275787395
P0011,D-T008-01,False,320,3138.8371114095053,True,1.0923695275787395
P0011,D-T009-01,False,362,5439.204533691406,True,1.0923695275787395
P0011,D-T010-01,False,264,3795.4669311523435,True,1.0923695275787395
P0011,D-T011-01,False,310,6783.520317382812,True,1.0923695275787395
P0011,D-T014-01,True,215,,True,1.0923695275787395
P0011,D-T015-01,False,400,4563.936444091797,True,1.0923695275787395
P0011,D-T016-01,False,275,8657.740901692707,True,1.0923695275787395
P0011,D-T017-01,False,609,8007.340901692708,True,1.0923695275787395
P0011,D-T018-01,False,207,2265.6252990722655,True,1.0923695275787395
P0011,D-T020-01,False,342,6824.100309010106,True,1.0923695275787395
P0011,D-T021-01,False,401,749.8744852701823,True,1.0923695275787395
P0011,D-T022-01,False,198,744.4939412434896,True,1.0923695275787395
P0011,D-T023-01,False,309,2733.549129231771,True,1.0923695275787395
P0011,D-T024-01,False,316,5704.833085123698,True,1.0923695275787395
P0011,D-T025-01,False,423,4285.522387773448,True,1.0923695275787395
P0012,D-T004-01,False,426,750.5149475097656,True,1.0761707656660349
P0012,D-T005-01,False,469,2246.017937011719,True,1.0761707656660349
P0012,D-T006-01,True,513,,True,1.0761707656660349
P0012,D-T007-01,True,644,,True,1.0761707656660349
P0012,D-T008-01,False,320,3138.8371114095053,True,1.0761707656660349
P0012,D-T009-01,False,362,5439.204533691406,True,1.0761707656660349
P0012,D-T010-01,False,264,3821.4669311523435,True,1.0761707656660349
P0012,D-T011-01,False,310,6805.520317382812,True,1.0761707656660349
P0012,D-T014-01,True,215,,True,1.0761707656660349
P0012,D-T015-01,False,400,4563.936444091797,True,1.0761707656660349
P0012,D-T016-01,False,275,8657.740901692707,True,1.0761707656660349
P0012,D-T017-01,False,609,8007.340901692708,True,1.0761707656660349
P0012,D-T018-01,False,207,2265.6252990722655,True,1.0761707656660349
P0012,D-T020-01,False,342,6824.100309010106,True,1.0761707656660349
P0012,D-T021-01,False,401,749.8744852701823,True,1.0761707656660349
P0012,D-T022-01,False,198,744.4939412434896,True,1.0761707656660349
P0012,D-T023-01,False,309,2733.549129231771,True,1.0761707656660349
P0012,D-T024-01,True,316,,True,1.0761707656660349
P0012,D-T025-01,True,423,,True,1.0761707656660349
P0013,D-T004-01,False,426,750.5149475097656,True,4.256220328907972
P0013,D-T005-01,False,469,2246.017937011719,True,4.256220328907972
P0013,D-T006-01,False,513,5874.491058349609,True,4.256220328907972
P0013,D-T007-01,False,644,3953.5092700195314,True,4.256220328907972
P0013,D-T008-01,False,320,3138.8371114095053,True,4.256220328907972
P0013,D-T009-01,False,362,5439.204533691406,True,4.256220328907972
P0013,D-T010-01,False,264,3795.4669311523435,True,4.256220328907972
P0013,D-T011-01,False,310,6783.520317382812,True,4.256220328907972
P0013,D-T014-01,False,215,2131.391058349609,True,4.256220328907972
P0013,D-T015-01,False,400,4563.936444091797,True,4.256220328907972
P0013,D-T016-01,False,275,8657.740901692707,True,4.256220328907972
P0013,D-T017-01,False,609,8007.340901692708,True,4.256220328907972
P0013,D-T018-01,False,207,2265.6252990722655,True,4.256220328907972
P0013,D-T020-01,False,342,6824.100309010106,True,4.256220328907972
P0013,D-T021-01,False,401,749.8744852701823,True,4.256220328907972
P0013,D-T022-01,False,198,744.4939412434896,True,4.256220328907972
P0013,D-T023-01,False,309,2733.549129231771,True,4.256220328907972
P0013,D-T024-01,False,316,5564.833085123698,True,4.256220328907972
P0013,D-T025-01,False,423,3812.691058349609,True,4.256220328907972
P0014,D-T004-01,False,426,750.5149475097656,True,4.242709942650421
P0014,D-T005-01,False,469,2246.017937011719,True,4.242709942650421
P0014,D-T006-01,False,513,5874.491058349609,True,4.242709942650421
P0014,D-T007-01,False,644,3953.5092700195314,True,4.242709942650421
P0014,D-T008-01,False,320,3138.8371114095053,True,4.242709942650421
P0014,D-T009-01,False,362,5439.204533691406,True,4.242709942650421
P0014,D-T010-01,False,264,3795.4669311523435,True,4.242709942650421
P0014,D-T011-01,False,310,6783.520317382812,True,4.242709942650421
P0014,D-T014-01,False,215,2131.391058349609,True,4.242709942650421
P0014,D-T015-01,False,400,4563.936444091797,True,4.242709942650421
P0014,D-T016-01,False,275,8657.740901692707,True,4.242709942650421
P0014,D-T017-01,False,609,8007.340901692708,True,4.242709942650421
P0014,D-T018-01,False,207,2265.6252990722655,True,4.242709942650421
P0014,D-T020-01,False,342,6824.100309010106,True,4.242709942650421
P0014,D-T021-01,False,401,749.8744852701823,True,4.242709942650421
P0014,D-T022-01,False,198,744.4939412434896,True,4.242709942650421
P0014,D-T023-01,False,309,2733.549129231771,True,4.242709942650421
P0014,D-T024-01,False,316,5574.833085123698,True,4.242709942650421
P0014,D-T025-01,False,423,3812.691058349609,True,4.242709942650421
P0015,D-T004-01,False,426,750.5149475097656,True,14.20978987526037
P0015,D-T005-01,False,469,2246.017937011719,True,14.20978987526037
P0015,D-T006-01,False,513,5874.491058349609,True,14.20978987526037
P0015,D-T007-01,False,644,3953.5092700195314,True,14.20978987526037
P0015,D-T008-01,False,320,3138.8371114095053,True,14.20978987526037
P0015,D-T009-01,False,362,5439.204533691406,True,14.20978987526037
P0015,D-T010-01,False,264,3795.4669311523435,True,14.20978987526037
P0015,D-T011-01,False,310,6783.520317382812,True,14.20978987526037
P0015,D-T014-01,False,215,2131.391058349609,True,14.20978987526037
P0015,D-T015-01,False,400,4563.936444091797,True,14.20978987526037
P0015,D-T016-01,False,275,8657.740901692707,True,14.20978987526037
P0015,D-T017-01,False,609,8007.340901692708,True,14.20978987526037
P0015,D-T018-01,False,207,2265.6252990722655,True,14.20978987526037
P0015,D-T020-01,False,342,6824.100309010106,True,14.20978987526037
P0015,D-T021-01,False,401,749.8744852701823,True,14.20978987526037
P0015,D-T022-01,False,198,744.4939412434896,True,14.20978987526037
P0015,D-T023-01,False,309,2733.549129231771,True,14.20978987526037
P0015,D-T024-01,False,316,5674.833085123698,True,14.20978987526037
P0015,D-T025-01,False,423,3812.691058349609,True,14.20978987526037
P0016,D-T004-01,False,426,750.5149475097656,True,5.376612141769314
P0016,D-T005-01,False,469,2246.017937011719,True,5.376612141769314
P0016,D-T006-01,False,513,5874.491058349609,True,5.376612141769314
P0016,D-T007-01,False,644,3953.5092700195314,True,5.376612141769314
P0016,D-T008-01,False,320,3138.8371114095053,True,5.376612141769314
P0016,D-T009-01,False,362,5439.204533691406,True,5.376612141769314
P0016,D-T010-01,False,264,3795.4669311523435,True,5.376612141769314
P0016,D-T011-01,False,310,6783.520317382812,True,5.376612141769314
P0016,D-T014-01,False,215,2131.391058349609,True,5.376612141769314
P0016,D-T015-01,False,400,4563.936444091797,True,5.376612141769314
P0016,D-T016-01,False,275,8657.740901692707,True,5.376612141769314
P0016,D-T017-01,False,609,8007.340901692708,True,5.376612141769314
P0016,D-T018-01,False,207,2265.6252990722655,True,5.376612141769314
P0016,D-T020-01,False,342,6824.100309010106,True,5.376612141769314
P0016,D-T021-01,False,401,749.8744852701823,True,5.376612141769314
P0016,D-T022-01,False,198,744.4939412434896,True,5.376612141769314
P0016,D-T023-01,False,309,2733.549129231771,True,5.376612141769314
P0016,D-T024-01,False,316,5562.833085123698,True,5.376612141769314
P0016,D-T025-01,False,423,3812.691058349609,True,5.376612141769314
P0017,D-T004-01,False,426,750.5149475097656,True,5.360769763163987
P0017,D-T005-01,False,469,2246.017937011719,True,5.360769763163987
P0017,D-T006-01,False,513,5874.491058349609,True,5.360769763163987
P0017,D-T007-01,False,644,3953.5092700195314,True,5.360769763163987
P0017,D-T008-01,False,320,3138.8371114095053,True,5.360769763163987
P0017,D-T009-01,False,362,5439.204533691406,True,5.360769763163987
P0017,D-T010-01,False,264,3891.4669311523435,True,5.360769763163987
P0017,D-T011-01,False,310,6859.520317382812,True,5.360769763163987
P0017,D-T014-01,False,215,2131.391058349609,True,5.360769763163987
P0017,D-T015-01,False,400,4589.936444091797,True,5.360769763163987
P0017,D-T016-01,False,275,8657.740901692707,True,5.360769763163987
P0017,D-T017-01,False,609,8007.340901692708,True,5.360769763163987
P0017,D-T018-01,False,207,2265.6252990722655,True,5.360769763163987
P0017,D-T020-01,False,342,6824.100309010106,True,5.360769763163987
P0017,D-T021-01,False,401,749.8744852701823,True,5.360769763163987
P0017,D-T022-01,False,198,744.4939412434896,True,5.360769763163987
P0017,D-T023-01,False,309,2733.549129231771,True,5.360769763163987
P0017,D-T024-01,False,316,5562.833085123698,True,5.360769763163987
P0017,D-T025-01,False,423,3812.691058349609,True,5.360769763163987
P0018,D-T004-01,False,426,750.5149475097656,True,5.320932901439704
P0018,D-T005-01,False,469,2246.017937011719,True,5.320932901439704
P0018,D-T006-01,False,513,5874.491058349609,True,5.320932901439704
P0018,D-T007-01,False,644,3953.5092700195314,True,5.320932901439704
P0018,D-T008-01,False,320,3138.8371114095053,True,5.320932901439704
P0018,D-T009-01,False,362,5439.204533691406,True,5.320932901439704
P0018,D-T010-01,False,264,3889.4669311523435,True,5.320932901439704
P0018,D-T011-01,False,310,6859.520317382812,True,5.320932901439704
P0018,D-T014-01,False,215,2131.391058349609,True,5.320932901439704
P0018,D-T015-01,False,400,4647.936444091797,True,5.320932901439704
P0018,D-T016-01,False,275,8657.740901692707,True,5.320932901439704
P0018,D-T017-01,False,609,8007.340901692708,True,5.320932901439704
P0018,D-T018-01,False,207,2265.6252990722655,True,5.320932901439704
P0018,D-T020-01,False,342,6842.100309010106,True,5.320932901439704
P0018,D-T021-01,False,401,749.8744852701823,True,5.320932901439704
P0018,D-T022-01,False,198,744.4939412434896,True,5.320932901439704
P0018,D-T023-01,False,309,2733.549129231771,True,5.320932901439704
P0018,D-T024-01,False,316,5662.833085123698,True,5.320932901439704
P0018,D-T025-01,False,423,3812.691058349609,True,5.320932901439704
P0019,D-T004-01,False,426,750.5149475097656,True,4.9369189772342
P0019,D-T005-01,False,469,2246.017937011719,True,4.9369189772342
P0019,D-T006-01,False,513,6231.200266598318,True,4.9369189772342
P0019,D-T007-01,False,644,4366.417219926769,True,4.9369189772342
P0019,D-T008-01,False,320,3138.8371114095053,True,4.9369189772342
P0019,D-T009-01,False,362,5439.204533691406,True,4.9369189772342
P0019,D-T010-01,False,264,3795.4669311523435,True,4.9369189772342
P0019,D-T011-01,False,310,6783.520317382812,True,4.9369189772342
P0019,D-T014-01,True,215,,True,4.9369189772342
P0019,D-T015-01,False,400,4563.936444091797,True,4.9369189772342
P0019,D-T016-01,False,275,8657.740901692707,True,4.9369189772342
P0019,D-T017-01,False,609,8007.340901692708,True,4.9369189772342
P0019,D-T018-01,False,207,2265.6252990722655,True,4.9369189772342
P0019,D-T020-01,False,342,6824.100309010106,True,4.9369189772342
P0019,D-T021-01,False,401,749.8744852701823,True,4.9369189772342
P0019,D-T022-01,False,198,744.4939412434896,True,4.9369189772342
P0019,D-T023-01,False,309,2733.549129231771,True,4.9369189772342
P0019,D-T024-01,False,316,5562.833085123698,True,4.9369189772342
P0019,D-T025-01,False,423,4195.522387773448,True,4.9369189772342
P0020,D-T004-01,False,426,832.5149475097656,True,4.915068977397112
P0020,D-T005-01,False,469,2312.017937011719,True,4.915068977397112
P0020,D-T006-01,False,513,6231.200266598318,True,4.915068977397112
P0020,D-T007-01,False,644,4366.417219926769,True,4.915068977397112
P0020,D-T008-01,False,320,3138.8371114095053,True,4.915068977397112
P0020,D-T009-01,False,362,5439.204533691406,True,4.915068977397112
P0020,D-T010-01,False,264,3795.4669311523435,True,4.915068977397112
P0020,D-T011-01,False,310,6783.520317382812,True,4.915068977397112
P0020,D-T014-01,True,215,,True,4.915068977397112
P0020,D-T015-01,False,400,4563.936444091797,True,4.915068977397112
P0020,D-T016-01,False,275,8729.740901692707,True,4.915068977397112
P0020,D-T017-01,False,609,8065.340901692708,True,4.915068977397112
P0020,D-T018-01,False,207,2265.6252990722655,True,4.915068977397112
P0020,D-T020-01,False,342,6946.100309010106,True,4.915068977397112
P0020,D-T021-01,False,401,749.8744852701823,True,4.915068977397112
P0020,D-T022-01,False,198,744.4939412434896,True,4.915068977397112
P0020,D-T023-01,False,309,2733.549129231771,True,4.915068977397112
P0020,D-T024-01,False,316,5644.833085123698,True,4.915068977397112
P0020,D-T025-01,False,423,4195.522387773448,True,4.915068977397112
P0021,D-T004-01,False,426,832.5149475097656,True,14.866682805190706
P0021,D-T005-01,False,469,2312.017937011719,True,14.866682805190706
P0021,D-T006-01,True,513,,True,14.866682805190706
P0021,D-T007-01,True,644,,True,14.866682805190706
P0021,D-T008-01,False,320,3148.8371114095053,True,14.866682805190706
P0021,D-T009-01,False,362,5447.204533691406,True,14.866682805190706
P0021,D-T010-01,False,264,3950.8412843290234,True,14.866682805190706
P0021,D-T011-01,False,310,6929.019799924156,True,14.866682805190706
P0021,D-T014-01,True,215,,True,14.866682805190706
P0021,D-T015-01,False,400,4757.936444091797,True,14.866682805190706
P0021,D-T016-01,False,275,8729.740901692707,True,14.866682805190706
P0021,D-T017-01,False,609,8065.340901692708,True,14.866682805190706
P0021,D-T018-01,False,207,2265.6252990722655,True,14.866682805190706
P0021,D-T020-01,False,342,6948.100309010106,True,14.866682805190706
P0021,D-T021-01,False,401,749.8744852701823,True,14.866682805190706
P0021,D-T022-01,False,198,744.4939412434896,True,14.866682805190706
P0021,D-T023-01,False,309,2733.549129231771,True,14.866682805190706
P0021,D-T024-01,True,316,,True,14.866682805190706
P0021,D-T025-01,True,423,,True,14.866682805190706
P0022,D-T004-01,False,426,912.5149475097656,True,3.330048929354092
P0022,D-T005-01,False,469,2376.017937011719,True,3.330048929354092
P0022,D-T006-01,False,513,6337.200266598318,True,3.330048929354092
P0022,D-T007-01,False,644,4472.417219926769,True,3.330048929354092
P0022,D-T008-01,False,320,3150.8371114095053,True,3.330048929354092
P0022,D-T009-01,False,362,5447.204533691406,True,3.330048929354092
P0022,D-T010-01,False,264,3879.4669311523435,True,3.330048929354092
P0022,D-T011-01,False,310,6851.520317382812,True,3.330048929354092
P0022,D-T014-01,True,215,,True,3.330048929354092
P0022,D-T015-01,False,400,4567.936444091797,True,3.330048929354092
P0022,D-T016-01,False,275,8802.52376584619,True,3.330048929354092
P0022,D-T017-01,False,609,8123.167193015494,True,3.330048929354092
P0022,D-T018-01,False,207,2265.6252990722655,True,3.330048929354092
P0022,D-T020-01,False,342,6824.100309010106,True,3.330048929354092
P0022,D-T021-01,False,401,755.8744852701823,True,3.330048929354092
P0022,D-T022-01,False,198,744.4939412434896,True,3.330048929354092
P0022,D-T023-01,False,309,2733.549129231771,True,3.330048929354092
P0022,D-T024-01,True,316,,True,3.330048929354092
P0022,D-T025-01,True,423,,True,3.330048929354092
P0023,D-T004-01,False,426,912.5149475097656,True,3.31537942388168
P0023,D-T005-01,False,469,2376.017937011719,True,3.31537942388168
P0023,D-T006-01,False,513,6373.355452105718,True,3.31537942388168
P0023,D-T007-01,False,644,4512.572405434168,True,3.31537942388168
P0023,D-T008-01,False,320,3264.8371114095053,True,3.31537942388168
P0023,D-T009-01,False,362,5539.204533691406,True,3.31537942388168
P0023,D-T010-01,False,264,3938.8412843290234,True,3.31537942388168
P0023,D-T011-01,False,310,6913.019799924156,True,3.31537942388168
P0023,D-T014-01,True,215,,True,3.31537942388168
P0023,D-T015-01,False,400,4627.936444091797,True,3.31537942388168
P0023,D-T016-01,False,275,8801.740901692707,True,3.31537942388168
P0023,D-T017-01,False,609,8123.167193015494,True,3.31537942388168
P0023,D-T018-01,False,207,2265.6252990722655,True,3.31537942388168
P0023,D-T020-01,False,342,6824.100309010106,True,3.31537942388168
P0023,D-T021-01,False,401,755.8744852701823,True,3.31537942388168
P0023,D-T022-01,False,198,744.4939412434896,True,3.31537942388168
P0023,D-T023-01,False,309,2733.549129231771,True,3.31537942388168
P0023,D-T024-01,True,316,,True,3.31537942388168
P0023,D-T025-01,True,423,,True,3.31537942388168
P0024,D-T004-01,False,426,910.5149475097656,True,13.282563855608075
P0024,D-T005-01,False,469,2374.017937011719,True,13.282563855608075
P0024,D-T006-01,True,513,,True,13.282563855608075
P0024,D-T007-01,True,644,,True,13.282563855608075
P0024,D-T008-01,False,320,3264.8371114095053,True,13.282563855608075
P0024,D-T009-01,False,362,5539.204533691406,True,13.282563855608075
P0024,D-T010-01,True,264,,True,13.282563855608075
P0024,D-T011-01,True,310,,True,13.282563855608075
P0024,D-T014-01,True,215,,True,13.282563855608075
P0024,D-T015-01,False,400,4783.936444091797,True,13.282563855608075
P0024,D-T016-01,False,275,8801.740901692707,True,13.282563855608075
P0024,D-T017-01,False,609,8123.167193015494,True,13.282563855608075
P0024,D-T018-01,False,207,2265.6252990722655,True,13.282563855608075
P0024,D-T020-01,False,342,6996.7079031794365,True,13.282563855608075
P0024,D-T021-01,False,401,753.8744852701823,True,13.282563855608075
P0024,D-T022-01,False,198,744.4939412434896,True,13.282563855608075
P0024,D-T023-01,False,309,2733.549129231771,True,13.282563855608075
P0024,D-T024-01,True,316,,True,13.282563855608075
P0024,D-T025-01,True,423,,True,13.282563855608075
P0025,D-T004-01,False,426,750.5149475097656,True,1.3995972106804686
P0025,D-T005-01,False,469,2246.017937011719,True,1.3995972106804686
P0025,D-T006-01,False,513,6241.200266598318,True,1.3995972106804686
P0025,D-T007-01,False,644,4376.417219926769,True,1.3995972106804686
P0025,D-T008-01,False,320,3138.8371114095053,True,1.3995972106804686
P0025,D-T009-01,False,362,5439.204533691406,True,1.3995972106804686
P0025,D-T010-01,False,264,3795.4669311523435,True,1.3995972106804686
P0025,D-T011-01,False,310,6783.520317382812,True,1.3995972106804686
P0025,D-T014-01,True,215,,True,1.3995972106804686
P0025,D-T015-01,False,400,4563.936444091797,True,1.3995972106804686
P0025,D-T016-01,False,275,8657.740901692707,True,1.3995972106804686
P0025,D-T017-01,False,609,8007.340901692708,True,1.3995972106804686
P0025,D-T018-01,False,207,2265.6252990722655,True,1.3995972106804686
P0025,D-T020-01,False,342,6824.100309010106,True,1.3995972106804686
P0025,D-T021-01,False,401,749.8744852701823,True,1.3995972106804686
P0025,D-T022-01,False,198,744.4939412434896,True,1.3995972106804686
P0025,D-T023-01,False,309,2733.549129231771,True,1.3995972106804686
P0025,D-T024-01,True,316,,True,1.3995972106804686
P0025,D-T025-01,True,423,,True,1.3995972106804686
P0026,D-T004-01,False,426,978.5149475097656,True,1.3875117928295992
P0026,D-T005-01,False,469,2430.017937011719,True,1.3875117928295992
P0026,D-T006-01,False,513,6243.200266598318,True,1.3875117928295992
P0026,D-T007-01,False,644,4378.417219926769,True,1.3875117928295992
P0026,D-T008-01,False,320,3342.7443233722756,True,1.3875117928295992
P0026,D-T009-01,False,362,5624.730303261622,True,1.3875117928295992
P0026,D-T010-01,True,264,,True,1.3875117928295992
P0026,D-T011-01,True,310,,True,1.3875117928295992
P0026,D-T014-01,True,215,,True,1.3875117928295992
P0026,D-T015-01,False,400,4665.936444091797,True,1.3875117928295992
P0026,D-T016-01,True,275,,True,1.3875117928295992
P0026,D-T017-01,False,609,8673.049728822785,True,1.3875117928295992
P0026,D-T018-01,False,207,2265.6252990722655,True,1.3875117928295992
P0026,D-T020-01,False,342,6850.100309010106,True,1.3875117928295992
P0026,D-T021-01,False,401,749.8744852701823,True,1.3875117928295992
P0026,D-T022-01,False,198,744.4939412434896,True,1.3875117928295992
P0026,D-T023-01,False,309,2733.549129231771,True,1.3875117928295992
P0026,D-T024-01,True,316,,True,1.3875117928295992
P0026,D-T025-01,True,423,,True,1.3875117928295992
P0027,D-T004-01,False,426,978.5149475097656,True,11.361999072587182
P0027,D-T005-01,False,469,2428.017937011719,True,11.361999072587182
P0027,D-T006-01,True,513,,True,11.361999072587182
P0027,D-T007-01,True,644,,True,11.361999072587182
P0027,D-T008-01,False,320,3346.7443233722756,True,11.361999072587182
P0027,D-T009-01,False,362,5630.730303261622,True,11.361999072587182
P0027,D-T010-01,True,264,,True,11.361999072587182
P0027,D-T011-01,True,310,,True,11.361999072587182
P0027,D-T014-01,True,215,,True,11.361999072587182
P0027,D-T015-01,True,400,,True,11.361999072587182
P0027,D-T016-01,True,275,,True,11.361999072587182
P0027,D-T017-01,True,609,,True,11.361999072587182
P0027,D-T018-01,False,207,2265.6252990722655,True,11.361999072587182
P0027,D-T020-01,True,342,,True,11.361999072587182
P0027,D-T021-01,False,401,749.8744852701823,True,11.361999072587182
P0027,D-T022-01,False,198,744.4939412434896,True,11.361999072587182
P0027,D-T023-01,False,309,2733.549129231771,True,11.361999072587182
P0027,D-T024-01,True,316,,True,11.361999072587182
P0027,D-T025-01,True,423,,True,11.361999072587182
P0028,D-T004-01,False,426,1030.5149475097655,True,9.570551557066366
P0028,D-T005-01,False,469,2470.017937011719,True,9.570551557066366
P0028,D-T006-01,False,513,6225.200266598318,True,9.570551557066366
P0028,D-T007-01,False,644,4360.417219926769,True,9.570551557066366
P0028,D-T008-01,False,320,3350.7443233722756,True,9.570551557066366
P0028,D-T009-01,False,362,5636.730303261622,True,9.570551557066366
P0028,D-T010-01,True,264,,True,9.570551557066366
P0028,D-T011-01,True,310,,True,9.570551557066366
P0028,D-T014-01,True,215,,True,9.570551557066366
P0028,D-T015-01,True,400,,True,9.570551557066366
P0028,D-T016-01,True,275,,True,9.570551557066366
P0028,D-T017-01,True,609,,True,9.570551557066366
P0028,D-T018-01,False,207,2265.6252990722655,True,9.570551557066366
P0028,D-T020-01,True,342,,True,9.570551557066366
P0028,D-T021-01,False,401,749.8744852701823,True,9.570551557066366
P0028,D-T022-01,False,198,744.4939412434896,True,9.570551557066366
P0028,D-T023-01,False,309,2733.549129231771,True,9.570551557066366
P0028,D-T024-01,True,316,,True,9.570551557066366
P0028,D-T025-01,True,423,,True,9.570551557066366
P0029,D-T004-01,False,426,1028.5149475097655,True,9.548883927379165
P0029,D-T005-01,False,469,2468.017937011719,True,9.548883927379165
P0029,D-T006-01,False,513,6287.200266598318,True,9.548883927379165
P0029,D-T007-01,False,644,4422.417219926769,True,9.548883927379165
P0029,D-T008-01,False,320,3354.7443233722756,True,9.548883927379165
P0029,D-T009-01,False,362,5642.730303261622,True,9.548883927379165
P0029,D-T010-01,True,264,,True,9.548883927379165
P0029,D-T011-01,True,310,,True,9.548883927379165
P0029,D-T014-01,True,215,,True,9.548883927379165
P0029,D-T015-01,True,400,,True,9.548883927379165
P0029,D-T016-01,True,275,,True,9.548883927379165
P0029,D-T017-01,True,609,,True,9.548883927379165
P0029,D-T018-01,False,207,2265.6252990722655,True,9.548883927379165
P0029,D-T020-01,True,342,,True,9.548883927379165
P0029,D-T021-01,False,401,749.8744852701823,True,9.548883927379165
P0029,D-T022-01,False,198,744.4939412434896,True,9.548883927379165
P0029,D-T023-01,False,309,2733.549129231771,True,9.548883927379165
P0029,D-T024-01,True,316,,True,9.548883927379165
P0029,D-T025-01,True,423,,True,9.548883927379165
P0030,D-T004-01,False,426,750.5149475097656,True,6.595625524836564
P0030,D-T005-01,False,469,2246.017937011719,True,6.595625524836564
P0030,D-T006-01,False,513,5874.491058349609,True,6.595625524836564
P0030,D-T007-01,False,644,3953.5092700195314,True,6.595625524836564
P0030,D-T008-01,True,320,,True,6.595625524836564
P0030,D-T009-01,True,362,,True,6.595625524836564
P0030,D-T010-01,True,264,,True,6.595625524836564
P0030,D-T011-01,True,310,,True,6.595625524836564
P0030,D-T014-01,False,215,2131.391058349609,True,6.595625524836564
P0030,D-T015-01,True,400,,True,6.595625524836564
P0030,D-T016-01,False,275,8657.740901692707,True,6.595625524836564
P0030,D-T017-01,False,609,8007.340901692708,True,6.595625524836564
P0030,D-T018-01,False,207,2265.6252990722655,True,6.595625524836564
P0030,D-T020-01,True,342,,True,6.595625524836564
P0030,D-T021-01,False,401,749.8744852701823,True,6.595625524836564
P0030,D-T022-01,False,198,744.4939412434896,True,6.595625524836564
P0030,D-T023-01,False,309,2733.549129231771,True,6.595625524836564
P0030,D-T024-01,False,316,5592.833085123698,True,6.595625524836564
P0030,D-T025-01,False,423,3812.691058349609,True,6.595625524836564
P0031,D-T004-01,False,426,750.5149475097656,True,7.533199139376876
P0031,D-T005-01,False,469,2246.017937011719,True,7.533199139376876
P0031,D-T006-01,False,513,5874.491058349609,True,7.533199139376876
P0031,D-T007-01,False,644,3953.5092700195314,True,7.533199139376876
P0031,D-T008-01,False,320,3138.8371114095053,True,7.533199139376876
P0031,D-T009-01,False,362,5439.204533691406,True,7.533199139376876
P0031,D-T010-01,False,264,3815.4669311523435,True,7.533199139376876
P0031,D-T011-01,False,310,6799.520317382812,True,7.533199139376876
P0031,D-T014-01,False,215,2131.391058349609,True,7.533199139376876
P0031,D-T015-01,False,400,4565.936444091797,True,7.533199139376876
P0031,D-T016-01,False,275,8657.740901692707,True,7.533199139376876
P0031,D-T017-01,False,609,8007.340901692708,True,7.533199139376876
P0031,D-T018-01,False,207,2265.6252990722655,True,7.533199139376876
P0031,D-T020-01,False,342,6824.100309010106,True,7.533199139376876
P0031,D-T021-01,False,401,749.8744852701823,True,7.533199139376876
P0031,D-T022-01,False,198,744.4939412434896,True,7.533199139376876
P0031,D-T023-01,False,309,2751.549129231771,True,7.533199139376876
P0031,D-T024-01,False,316,5690.833085123698,True,7.533199139376876
P0031,D-T025-01,False,423,3812.691058349609,True,7.533199139376876
P0032,D-T004-01,False,426,750.5149475097656,True,17.507521494614323
P0032,D-T005-01,False,469,2246.017937011719,True,17.507521494614323
P0032,D-T006-01,False,513,5874.491058349609,True,17.507521494614323
P0032,D-T007-01,False,644,3953.5092700195314,True,17.507521494614323
P0032,D-T008-01,False,320,3138.8371114095053,True,17.507521494614323
P0032,D-T009-01,False,362,5439.204533691406,True,17.507521494614323
P0032,D-T010-01,False,264,3815.4669311523435,True,17.507521494614323
P0032,D-T011-01,False,310,6799.520317382812,True,17.507521494614323
P0032,D-T014-01,False,215,2131.391058349609,True,17.507521494614323
P0032,D-T015-01,False,400,4565.936444091797,True,17.507521494614323
P0032,D-T016-01,False,275,8657.740901692707,True,17.507521494614323
P0032,D-T017-01,False,609,8007.340901692708,True,17.507521494614323
P0032,D-T018-01,False,207,2265.6252990722655,True,17.507521494614323
P0032,D-T020-01,False,342,6824.100309010106,True,17.507521494614323
P0032,D-T021-01,False,401,749.8744852701823,True,17.507521494614323
P0032,D-T022-01,False,198,744.4939412434896,True,17.507521494614323
P0032,D-T023-01,False,309,2751.549129231771,True,17.507521494614323
P0032,D-T024-01,False,316,5694.833085123698,True,17.507521494614323
P0032,D-T025-01,False,423,3812.691058349609,True,17.507521494614323
P0033,D-T004-01,False,426,750.5149475097656,True,17.442933655974556
P0033,D-T005-01,False,469,2246.017937011719,True,17.442933655974556
P0033,D-T006-01,False,513,5874.491058349609,True,17.442933655974556
P0033,D-T007-01,False,644,3953.5092700195314,True,17.442933655974556
P0033,D-T008-01,False,320,3138.8371114095053,True,17.442933655974556
P0033,D-T009-01,False,362,5439.204533691406,True,17.442933655974556
P0033,D-T010-01,False,264,3815.4669311523435,True,17.442933655974556
P0033,D-T011-01,False,310,6799.520317382812,True,17.442933655974556
P0033,D-T014-01,False,215,2131.391058349609,True,17.442933655974556
P0033,D-T015-01,False,400,4563.936444091797,True,17.442933655974556
P0033,D-T016-01,False,275,8657.740901692707,True,17.442933655974556
P0033,D-T017-01,False,609,8007.340901692708,True,17.442933655974556
P0033,D-T018-01,False,207,2265.6252990722655,True,17.442933655974556
P0033,D-T020-01,False,342,6824.100309010106,True,17.442933655974556
P0033,D-T021-01,False,401,749.8744852701823,True,17.442933655974556
P0033,D-T022-01,False,198,744.4939412434896,True,17.442933655974556
P0033,D-T023-01,False,309,2751.549129231771,True,17.442933655974556
P0033,D-T024-01,False,316,5694.833085123698,True,17.442933655974556
P0033,D-T025-01,False,423,3812.691058349609,True,17.442933655974556
P0034,D-T004-01,False,426,750.5149475097656,True,10.424602309260337
P0034,D-T005-01,False,469,2246.017937011719,True,10.424602309260337
P0034,D-T006-01,False,513,5874.491058349609,True,10.424602309260337
P0034,D-T007-01,False,644,3953.5092700195314,True,10.424602309260337
P0034,D-T008-01,False,320,3138.8371114095053,True,10.424602309260337
P0034,D-T009-01,False,362,5439.204533691406,True,10.424602309260337
P0034,D-T010-01,False,264,3795.4669311523435,True,10.424602309260337
P0034,D-T011-01,False,310,6783.520317382812,True,10.424602309260337
P0034,D-T014-01,False,215,2131.391058349609,True,10.424602309260337
P0034,D-T015-01,False,400,4563.936444091797,True,10.424602309260337
P0034,D-T016-01,False,275,8657.740901692707,True,10.424602309260337
P0034,D-T017-01,False,609,8007.340901692708,True,10.424602309260337
P0034,D-T018-01,False,207,2293.6252990722655,True,10.424602309260337
P0034,D-T020-01,False,342,6824.100309010106,True,10.424602309260337
P0034,D-T021-01,False,401,793.8744852701823,True,10.424602309260337
P0034,D-T022-01,False,198,778.4939412434896,True,10.424602309260337
P0034,D-T023-01,False,309,2765.549129231771,True,10.424602309260337
P0034,D-T024-01,False,316,5672.833085123698,True,10.424602309260337
P0034,D-T025-01,False,423,3812.691058349609,True,10.424602309260337
P0035,D-T004-01,False,426,840.5149475097656,True,10.398170253459725
P0035,D-T005-01,False,469,2318.017937011719,True,10.398170253459725
P0035,D-T006-01,False,513,5874.491058349609,True,10.398170253459725
P0035,D-T007-01,False,644,3953.5092700195314,True,10.398170253459725
P0035,D-T008-01,False,320,3138.8371114095053,True,10.398170253459725
P0035,D-T009-01,False,362,5439.204533691406,True,10.398170253459725
P0035,D-T010-01,False,264,3918.8412843290234,True,10.398170253459725
P0035,D-T011-01,False,310,6887.019799924156,True,10.398170253459725
P0035,D-T014-01,False,215,2131.391058349609,True,10.398170253459725
P0035,D-T015-01,False,400,4669.936444091797,True,10.398170253459725
P0035,D-T016-01,False,275,8743.740901692707,True,10.398170253459725
P0035,D-T017-01,False,609,8075.340901692708,True,10.398170253459725
P0035,D-T018-01,False,207,2295.6252990722655,True,10.398170253459725
P0035,D-T020-01,False,342,6860.100309010106,True,10.398170253459725
P0035,D-T021-01,False,401,793.8744852701823,True,10.398170253459725
P0035,D-T022-01,False,198,778.4939412434896,True,10.398170253459725
P0035,D-T023-01,False,309,2765.549129231771,True,10.398170253459725
P0035,D-T024-01,False,316,5732.833085123698,True,10.398170253459725
P0035,D-T025-01,False,423,3812.691058349609,True,10.398170253459725
P0036,D-T004-01,False,426,840.5149475097656,True,10.3115365567036
P0036,D-T005-01,False,469,2318.017937011719,True,10.3115365567036
P0036,D-T006-01,False,513,5874.491058349609,True,10.3115365567036
P0036,D-T007-01,False,644,3953.5092700195314,True,10.3115365567036
P0036,D-T008-01,False,320,3138.8371114095053,True,10.3115365567036
P0036,D-T009-01,False,362,5439.204533691406,True,10.3115365567036
P0036,D-T010-01,False,264,3944.8412843290234,True,10.3115365567036
P0036,D-T011-01,False,310,6921.019799924156,True,10.3115365567036
P0036,D-T014-01,False,215,2131.391058349609,True,10.3115365567036
P0036,D-T015-01,False,400,4669.936444091797,True,10.3115365567036
P0036,D-T016-01,False,275,8743.740901692707,True,10.3115365567036
P0036,D-T017-01,False,609,8075.340901692708,True,10.3115365567036
P0036,D-T018-01,False,207,2295.6252990722655,True,10.3115365567036
P0036,D-T020-01,False,342,6860.100309010106,True,10.3115365567036
P0036,D-T021-01,False,401,793.8744852701823,True,10.3115365567036
P0036,D-T022-01,False,198,778.4939412434896,True,10.3115365567036
P0036,D-T023-01,False,309,2765.549129231771,True,10.3115365567036
P0036,D-T024-01,True,316,,True,10.3115365567036
P0036,D-T025-01,False,423,3812.691058349609,True,10.3115365567036
P0037,D-T004-01,False,426,940.5149475097656,True,9.182194370532926
P0037,D-T005-01,False,469,2398.017937011719,True,9.182194370532926
P0037,D-T006-01,False,513,5888.491058349609,True,9.182194370532926
P0037,D-T007-01,False,644,3967.5092700195314,True,9.182194370532926
P0037,D-T008-01,False,320,3220.8371114095053,True,9.182194370532926
P0037,D-T009-01,False,362,5505.204533691406,True,9.182194370532926
P0037,D-T010-01,False,264,3932.8412843290234,True,9.182194370532926
P0037,D-T011-01,False,310,6907.019799924156,True,9.182194370532926
P0037,D-T014-01,False,215,2147.391058349609,True,9.182194370532926
P0037,D-T015-01,False,400,4693.936444091797,True,9.182194370532926
P0037,D-T016-01,True,275,,True,9.182194370532926
P0037,D-T017-01,False,609,8655.049728822785,True,9.182194370532926
P0037,D-T018-01,False,207,2307.6252990722655,True,9.182194370532926
P0037,D-T020-01,False,342,6962.100309010106,True,9.182194370532926
P0037,D-T021-01,False,401,843.8744852701823,True,9.182194370532926
P0037,D-T022-01,True,198,,True,9.182194370532926
P0037,D-T023-01,False,309,2753.549129231771,True,9.182194370532926
P0037,D-T024-01,False,316,5737.066806594623,True,9.182194370532926
P0037,D-T025-01,False,423,3826.691058349609,True,9.182194370532926
P0038,D-T004-01,False,426,940.5149475097656,True,19.145666729136096
P0038,D-T005-01,False,469,2398.017937011719,True,19.145666729136096
P0038,D-T006-01,False,513,5924.553875810558,True,19.145666729136096
P0038,D-T007-01,False,644,4007.5720874804792,True,19.145666729136096
P0038,D-T008-01,False,320,3220.8371114095053,True,19.145666729136096
P0038,D-T009-01,False,362,5505.204533691406,True,19.145666729136096
P0038,D-T010-01,False,264,3944.8412843290234,True,19.145666729136096
P0038,D-T011-01,False,310,6919.019799924156,True,19.145666729136096
P0038,D-T014-01,False,215,2190.969580175794,True,19.145666729136096
P0038,D-T015-01,False,400,4773.936444091797,True,19.145666729136096
P0038,D-T016-01,True,275,,True,19.145666729136096
P0038,D-T017-01,False,609,8655.049728822785,True,19.145666729136096
P0038,D-T018-01,False,207,2307.6252990722655,True,19.145666729136096
P0038,D-T020-01,False,342,6962.100309010106,True,19.145666729136096
P0038,D-T021-01,False,401,843.8744852701823,True,19.145666729136096
P0038,D-T022-01,True,198,,True,19.145666729136096
P0038,D-T023-01,False,309,2755.549129231771,True,19.145666729136096
P0038,D-T024-01,False,316,5763.066806594623,True,19.145666729136096
P0038,D-T025-01,False,423,3862.753875810557,True,19.145666729136096
P0039,D-T004-01,False,426,940.5149475097656,True,19.053365957823047
P0039,D-T005-01,False,469,2398.017937011719,True,19.053365957823047
P0039,D-T006-01,False,513,5974.553875810558,True,19.053365957823047
P0039,D-T007-01,False,644,4069.5720874804792,True,19.053365957823047
P0039,D-T008-01,False,320,3220.8371114095053,True,19.053365957823047
P0039,D-T009-01,False,362,5505.204533691406,True,19.053365957823047
P0039,D-T010-01,False,264,3952.8412843290234,True,19.053365957823047
P0039,D-T011-01,False,310,6931.019799924156,True,19.053365957823047
P0039,D-T014-01,False,215,2240.969580175794,True,19.053365957823047
P0039,D-T015-01,False,400,4773.936444091797,True,19.053365957823047
P0039,D-T016-01,True,275,,True,19.053365957823047
P0039,D-T017-01,False,609,8655.049728822785,True,19.053365957823047
P0039,D-T018-01,False,207,2307.6252990722655,True,19.053365957823047
P0039,D-T020-01,False,342,6962.100309010106,True,19.053365957823047
P0039,D-T021-01,False,401,843.8744852701823,True,19.053365957823047
P0039,D-T022-01,True,198,,True,19.053365957823047
P0039,D-T023-01,False,309,2755.549129231771,True,19.053365957823047
P0039,D-T024-01,True,316,,True,19.053365957823047
P0039,D-T025-01,False,423,3912.753875810557,True,19.053365957823047
P0040,D-T004-01,False,426,958.5149475097656,True,5.774959534285998
P0040,D-T005-01,False,469,2412.017937011719,True,5.774959534285998
P0040,D-T006-01,False,513,5916.553875810558,True,5.774959534285998
P0040,D-T007-01,False,644,3997.5720874804792,True,5.774959534285998
P0040,D-T008-01,False,320,3306.7443233722756,True,5.774959534285998
P0040,D-T009-01,False,362,5580.730303261622,True,5.774959534285998
P0040,D-T010-01,False,264,3912.8412843290234,True,5.774959534285998
P0040,D-T011-01,False,310,6881.019799924156,True,5.774959534285998
P0040,D-T014-01,False,215,2182.969580175794,True,5.774959534285998
P0040,D-T015-01,False,400,4663.936444091797,True,5.774959534285998
P0040,D-T016-01,False,275,8818.52376584619,True,5.774959534285998
P0040,D-T017-01,False,609,8139.167193015494,True,5.774959534285998
P0040,D-T018-01,False,207,2293.6252990722655,True,5.774959534285998
P0040,D-T020-01,False,342,6876.100309010106,True,5.774959534285998
P0040,D-T021-01,False,401,877.8744852701823,True,5.774959534285998
P0040,D-T022-01,True,198,,True,5.774959534285998
P0040,D-T023-01,False,309,2733.549129231771,True,5.774959534285998
P0040,D-T024-01,False,316,5664.833085123698,True,5.774959534285998
P0040,D-T025-01,False,423,3854.753875810557,True,5.774959534285998
P0041,D-T004-01,False,426,1036.5149475097655,True,5.758298407505052
P0041,D-T005-01,False,469,2474.017937011719,True,5.758298407505052
P0041,D-T006-01,False,513,5974.553875810558,True,5.758298407505052
P0041,D-T007-01,False,644,4069.5720874804792,True,5.758298407505052
P0041,D-T008-01,False,320,3324.7443233722756,True,5.758298407505052
P0041,D-T009-01,False,362,5604.730303261622,True,5.758298407505052
P0041,D-T010-01,False,264,3942.8412843290234,True,5.758298407505052
P0041,D-T011-01,False,310,6917.019799924156,True,5.758298407505052
P0041,D-T014-01,False,215,2240.969580175794,True,5.758298407505052
P0041,D-T015-01,False,400,4829.73816962357,True,5.758298407505052
P0041,D-T016-01,True,275,,True,5.758298407505052
P0041,D-T017-01,False,609,8747.331922991456,True,5.758298407505052
P0041,D-T018-01,False,207,2293.6252990722655,True,5.758298407505052
P0041,D-T020-01,False,342,7032.7079031794365,True,5.758298407505052
P0041,D-T021-01,False,401,877.8744852701823,True,5.758298407505052
P0041,D-T022-01,True,198,,True,5.758298407505052
P0041,D-T023-01,False,309,2733.549129231771,True,5.758298407505052
P0041,D-T024-01,False,316,5664.833085123698,True,5.758298407505052
P0041,D-T025-01,False,423,3912.753875810557,True,5.758298407505052
P0042,D-T004-01,False,426,1036.5149475097655,True,15.715817459794039
P0042,D-T005-01,False,469,2474.017937011719,True,15.715817459794039
P0042,D-T006-01,False,513,6341.200266598318,True,15.715817459794039
P0042,D-T007-01,False,644,4476.417219926769,True,15.715817459794039
P0042,D-T008-01,False,320,3338.7443233722756,True,15.715817459794039
P0042,D-T009-01,False,362,5622.730303261622,True,15.715817459794039
P0042,D-T010-01,True,264,,True,15.715817459794039
P0042,D-T011-01,True,310,,True,15.715817459794039
P0042,D-T014-01,True,215,,True,15.715817459794039
P0042,D-T015-01,False,400,4833.73816962357,True,15.715817459794039
P0042,D-T016-01,True,275,,True,15.715817459794039
P0042,D-T017-01,False,609,8751.331922991456,True,15.715817459794039
P0042,D-T018-01,False,207,2293.6252990722655,True,15.715817459794039
P0042,D-T020-01,False,342,7036.7079031794365,True,15.715817459794039
P0042,D-T021-01,False,401,877.8744852701823,True,15.715817459794039
P0042,D-T022-01,True,198,,True,15.715817459794039
P0042,D-T023-01,False,309,2733.549129231771,True,15.715817459794039
P0042,D-T024-01,False,316,5761.066806594623,True,15.715817459794039
P0042,D-T025-01,False,423,4267.522387773448,True,15.715817459794039
P0043,D-T004-01,False,426,976.5149475097656,True,2.8130681042175354
P0043,D-T005-01,False,469,2426.017937011719,True,2.8130681042175354
P0043,D-T006-01,False,513,5874.491058349609,True,2.8130681042175354
P0043,D-T007-01,False,644,3953.5092700195314,True,2.8130681042175354
P0043,D-T008-01,False,320,3326.7443233722756,True,2.8130681042175354
P0043,D-T009-01,False,362,5606.730303261622,True,2.8130681042175354
P0043,D-T010-01,True,264,,True,2.8130681042175354
P0043,D-T011-01,True,310,,True,2.8130681042175354
P0043,D-T014-01,False,215,2131.391058349609,True,2.8130681042175354
P0043,D-T015-01,False,400,4829.73816962357,True,2.8130681042175354
P0043,D-T016-01,False,275,8771.740901692707,True,2.8130681042175354
P0043,D-T017-01,False,609,8099.340901692708,True,2.8130681042175354
P0043,D-T018-01,False,207,2265.6252990722655,True,2.8130681042175354
P0043,D-T020-01,False,342,7032.7079031794365,True,2.8130681042175354
P0043,D-T021-01,False,401,893.8744852701823,True,2.8130681042175354
P0043,D-T022-01,True,198,,True,2.8130681042175354
P0043,D-T023-01,False,309,2733.549129231771,True,2.8130681042175354
P0043,D-T024-01,False,316,5718.833085123698,True,2.8130681042175354
P0043,D-T025-01,False,423,3812.691058349609,True,2.8130681042175354
P0044,D-T004-01,False,426,1047.2665261270254,True,2.803140160846965
P0044,D-T005-01,False,469,2487.4191999055265,True,2.803140160846965
P0044,D-T006-01,False,513,5918.553875810558,True,2.803140160846965
P0044,D-T007-01,False,644,3999.5720874804792,True,2.803140160846965
P0044,D-T008-01,False,320,3340.7443233722756,True,2.803140160846965
P0044,D-T009-01,False,362,5622.730303261622,True,2.803140160846965
P0044,D-T010-01,True,264,,True,2.803140160846965
P0044,D-T011-01,True,310,,True,2.803140160846965
P0044,D-T014-01,False,215,2184.969580175794,True,2.803140160846965
P0044,D-T015-01,False,400,4831.73816962357,True,2.803140160846965
P0044,D-T016-01,True,275,,True,2.803140160846965
P0044,D-T017-01,False,609,8749.331922991456,True,2.803140160846965
P0044,D-T018-01,False,207,2265.6252990722655,True,2.803140160846965
P0044,D-T020-01,False,342,7034.7079031794365,True,2.803140160846965
P0044,D-T021-01,False,401,893.8744852701823,True,2.803140160846965
P0044,D-T022-01,True,198,,True,2.803140160846965
P0044,D-T023-01,False,309,2733.549129231771,True,2.803140160846965
P0044,D-T024-01,False,316,5720.833085123698,True,2.803140160846965
P0044,D-T025-01,False,423,3856.753875810557,True,2.803140160846965
P0045,D-T004-01,True,426,,True,12.77909647573479
P0045,D-T005-01,True,469,,True,12.77909647573479
P0045,D-T006-01,False,513,6209.200266598318,True,12.77909647573479
P0045,D-T007-01,False,644,4344.417219926769,True,12.77909647573479
P0045,D-T008-01,False,320,3348.7443233722756,True,12.77909647573479
P0045,D-T009-01,False,362,5634.730303261622,True,12.77909647573479
P0045,D-T010-01,True,264,,True,12.77909647573479
P0045,D-T011-01,True,310,,True,12.77909647573479
P0045,D-T014-01,True,215,,True,12.77909647573479
P0045,D-T015-01,False,400,4837.73816962357,True,12.77909647573479
P0045,D-T016-01,True,275,,True,12.77909647573479
P0045,D-T017-01,False,609,8755.331922991456,True,12.77909647573479
P0045,D-T018-01,False,207,2265.6252990722655,True,12.77909647573479
P0045,D-T020-01,False,342,7040.7079031794365,True,12.77909647573479
P0045,D-T021-01,False,401,891.8744852701823,True,12.77909647573479
P0045,D-T022-01,True,198,,True,12.77909647573479
P0045,D-T023-01,False,309,2733.549129231771,True,12.77909647573479
P0045,D-T024-01,True,316,,True,12.77909647573479
P0045,D-T025-01,False,423,4249.522387773448,True,12.77909647573479
P0046,D-T004-01,False,426,750.5149475097656,True,0.47950274083268596
P0046,D-T005-01,False,469,2246.017937011719,True,0.47950274083268596
P0046,D-T006-01,False,513,5874.491058349609,True,0.47950274083268596
P0046,D-T007-01,False,644,3953.5092700195314,True,0.47950274083268596
P0046,D-T008-01,False,320,3322.7443233722756,True,0.47950274083268596
P0046,D-T009-01,False,362,5602.730303261622,True,0.47950274083268596
P0046,D-T010-01,False,264,3795.4669311523435,True,0.47950274083268596
P0046,D-T011-01,False,310,6783.520317382812,True,0.47950274083268596
P0046,D-T014-01,False,215,2131.391058349609,True,0.47950274083268596
P0046,D-T015-01,False,400,4827.73816962357,True,0.47950274083268596
P0046,D-T016-01,False,275,8657.740901692707,True,0.47950274083268596
P0046,D-T017-01,False,609,8007.340901692708,True,0.47950274083268596
P0046,D-T018-01,False,207,2265.6252990722655,True,0.47950274083268596
P0046,D-T020-01,False,342,7030.7079031794365,True,0.47950274083268596
P0046,D-T021-01,False,401,871.8744852701823,True,0.47950274083268596
P0046,D-T022-01,False,198,744.4939412434896,True,0.47950274083268596
P0046,D-T023-01,False,309,2733.549129231771,True,0.47950274083268596
P0046,D-T024-01,False,316,5562.833085123698,True,0.47950274083268596
P0046,D-T025-01,False,423,3812.691058349609,True,0.47950274083268596
P0047,D-T004-01,False,426,908.5149475097656,True,0.47485825662124626
P0047,D-T005-01,False,469,2374.017937011719,True,0.47485825662124626
P0047,D-T006-01,False,513,5874.491058349609,True,0.47485825662124626
P0047,D-T007-01,False,644,3953.5092700195314,True,0.47485825662124626
P0047,D-T008-01,False,320,3332.7443233722756,True,0.47485825662124626
P0047,D-T009-01,False,362,5614.730303261622,True,0.47485825662124626
P0047,D-T010-01,True,264,,True,0.47485825662124626
P0047,D-T011-01,True,310,,True,0.47485825662124626
P0047,D-T014-01,False,215,2131.391058349609,True,0.47485825662124626
P0047,D-T015-01,False,400,4831.73816962357,True,0.47485825662124626
P0047,D-T016-01,False,275,8808.52376584619,True,0.47485825662124626
P0047,D-T017-01,False,609,8129.167193015494,True,0.47485825662124626
P0047,D-T018-01,False,207,2265.6252990722655,True,0.47485825662124626
P0047,D-T020-01,False,342,7034.7079031794365,True,0.47485825662124626
P0047,D-T021-01,False,401,871.8744852701823,True,0.47485825662124626
P0047,D-T022-01,False,198,744.4939412434896,True,0.47485825662124626
P0047,D-T023-01,False,309,2733.549129231771,True,0.47485825662124626
P0047,D-T024-01,False,316,5616.833085123698,True,0.47485825662124626
P0047,D-T025-01,False,423,3812.691058349609,True,0.47485825662124626
P0048,D-T004-01,True,426,,True,10.462702578096867
P0048,D-T005-01,True,469,,True,10.462702578096867
P0048,D-T006-01,False,513,5878.491058349609,True,10.462702578096867
P0048,D-T007-01,False,644,3957.5092700195314,True,10.462702578096867
P0048,D-T008-01,False,320,3344.7443233722756,True,10.462702578096867
P0048,D-T009-01,False,362,5628.730303261622,True,10.462702578096867
P0048,D-T010-01,True,264,,True,10.462702578096867
P0048,D-T011-01,True,310,,True,10.462702578096867
P0048,D-T014-01,False,215,2135.391058349609,True,10.462702578096867
P0048,D-T015-01,False,400,4841.73816962357,True,10.462702578096867
P0048,D-T016-01,False,275,8826.52376584619,True,10.462702578096867
P0048,D-T017-01,False,609,8147.167193015494,True,10.462702578096867
P0048,D-T018-01,False,207,2265.6252990722655,True,10.462702578096867
P0048,D-T020-01,False,342,7044.7079031794365,True,10.462702578096867
P0048,D-T021-01,False,401,871.8744852701823,True,10.462702578096867
P0048,D-T022-01,False,198,744.4939412434896,True,10.462702578096867
P0048,D-T023-01,False,309,2733.549129231771,True,10.462702578096867
P0048,D-T024-01,False,316,5632.833085123698,True,10.462702578096867
P0048,D-T025-01,False,423,3816.691058349609,True,10.462702578096867
P0049,D-T004-01,True,426,,True,8.582900937274545
P0049,D-T005-01,True,469,,True,8.582900937274545
P0049,D-T006-01,False,513,5874.491058349609,True,8.582900937274545
P0049,D-T007-01,False,644,3953.5092700195314,True,8.582900937274545
P0049,D-T008-01,False,320,3348.7443233722756,True,8.582900937274545
P0049,D-T009-01,False,362,5634.730303261622,True,8.582900937274545
P0049,D-T010-01,True,264,,True,8.582900937274545
P0049,D-T011-01,True,310,,True,8.582900937274545
P0049,D-T014-01,False,215,2131.391058349609,True,8.582900937274545
P0049,D-T015-01,True,400,,True,8.582900937274545
P0049,D-T016-01,False,275,8812.52376584619,True,8.582900937274545
P0049,D-T017-01,False,609,8133.167193015494,True,8.582900937274545
P0049,D-T018-01,False,207,2265.6252990722655,True,8.582900937274545
P0049,D-T020-01,True,342,,True,8.582900937274545
P0049,D-T021-01,False,401,749.8744852701823,True,8.582900937274545
P0049,D-T022-01,False,198,744.4939412434896,True,8.582900937274545
P0049,D-T023-01,False,309,2733.549129231771,True,8.582900937274545
P0049,D-T024-01,False,316,5620.833085123698,True,8.582900937274545
P0049,D-T025-01,False,423,3812.691058349609,True,8.582900937274545
P0050,D-T004-01,False,426,750.5149475097656,True,10.372560979590062
P0050,D-T005-01,False,469,2246.017937011719,True,10.372560979590062
P0050,D-T006-01,False,513,5874.491058349609,True,10.372560979590062
P0050,D-T007-01,False,644,3953.5092700195314,True,10.372560979590062
P0050,D-T008-01,False,320,3138.8371114095053,True,10.372560979590062
P0050,D-T009-01,False,362,5439.204533691406,True,10.372560979590062
P0050,D-T010-01,False,264,3795.4669311523435,True,10.372560979590062
P0050,D-T011-01,False,310,6783.520317382812,True,10.372560979590062
P0050,D-T014-01,False,215,2131.391058349609,True,10.372560979590062
P0050,D-T015-01,False,400,4563.936444091797,True,10.372560979590062
P0050,D-T016-01,False,275,8657.740901692707,True,10.372560979590062
P0050,D-T017-01,False,609,8007.340901692708,True,10.372560979590062
P0050,D-T018-01,False,207,2265.6252990722655,True,10.372560979590062
P0050,D-T020-01,False,342,6824.100309010106,True,10.372560979590062
P0050,D-T021-01,False,401,749.8744852701823,True,10.372560979590062
P0050,D-T022-01,False,198,744.4939412434896,True,10.372560979590062
P0050,D-T023-01,False,309,2733.549129231771,True,10.372560979590062
P0050,D-T024-01,False,316,5562.833085123698,True,10.372560979590062
P0050,D-T025-01,False,423,3812.691058349609,True,10.372560979590062
P0051,D-T004-01,False,426,788.5149475097656,True,10.343913002870735
P0051,D-T005-01,False,469,2276.017937011719,True,10.343913002870735
P0051,D-T006-01,False,513,5874.491058349609,True,10.343913002870735
P0051,D-T007-01,False,644,3953.5092700195314,True,10.343913002870735
P0051,D-T008-01,False,320,3138.8371114095053,True,10.343913002870735
P0051,D-T009-01,False,362,5439.204533691406,True,10.343913002870735
P0051,D-T010-01,False,264,3833.4669311523435,True,10.343913002870735
P0051,D-T011-01,False,310,6813.520317382812,True,10.343913002870735
P0051,D-T014-01,False,215,2131.391058349609,True,10.343913002870735
P0051,D-T015-01,False,400,4565.936444091797,True,10.343913002870735
P0051,D-T016-01,False,275,8695.740901692707,True,10.343913002870735
P0051,D-T017-01,False,609,8039.340901692708,True,10.343913002870735
P0051,D-T018-01,False,207,2265.6252990722655,True,10.343913002870735
P0051,D-T020-01,False,342,6824.100309010106,True,10.343913002870735
P0051,D-T021-01,False,401,795.8744852701823,True,10.343913002870735
P0051,D-T022-01,False,198,744.4939412434896,True,10.343913002870735
P0051,D-T023-01,False,309,2733.549129231771,True,10.343913002870735
P0051,D-T024-01,False,316,5644.833085123698,True,10.343913002870735
P0051,D-T025-01,False,423,3812.691058349609,True,10.343913002870735
P0052,D-T004-01,False,426,788.5149475097656,True,20.254213442054848
P0052,D-T005-01,False,469,2276.017937011719,True,20.254213442054848
P0052,D-T006-01,False,513,5874.491058349609,True,20.254213442054848
P0052,D-T007-01,False,644,3953.5092700195314,True,20.254213442054848
P0052,D-T008-01,False,320,3138.8371114095053,True,20.254213442054848
P0052,D-T009-01,False,362,5439.204533691406,True,20.254213442054848
P0052,D-T010-01,False,264,3833.4669311523435,True,20.254213442054848
P0052,D-T011-01,False,310,6813.520317382812,True,20.254213442054848
P0052,D-T014-01,False,215,2131.391058349609,True,20.254213442054848
P0052,D-T015-01,False,400,4565.936444091797,True,20.254213442054848
P0052,D-T016-01,False,275,8695.740901692707,True,20.254213442054848
P0052,D-T017-01,False,609,8039.340901692708,True,20.254213442054848
P0052,D-T018-01,False,207,2344.408991919634,True,20.254213442054848
P0052,D-T020-01,False,342,6824.100309010106,True,20.254213442054848
P0052,D-T021-01,False,401,795.8744852701823,True,20.254213442054848
P0052,D-T022-01,False,198,815.5242111000066,True,20.254213442054848
P0052,D-T023-01,False,309,2856.6710981763977,True,20.254213442054848
P0052,D-T024-01,False,316,5644.833085123698,True,20.254213442054848
P0052,D-T025-01,False,423,3812.691058349609,True,20.254213442054848
P0053,D-T004-01,False,426,904.5149475097656,True,31.79033179579669
P0053,D-T005-01,False,469,2370.017937011719,True,31.79033179579669
P0053,D-T006-01,False,513,5874.491058349609,True,31.79033179579669
P0053,D-T007-01,False,644,3953.5092700195314,True,31.79033179579669
P0053,D-T008-01,False,320,3138.8371114095053,True,31.79033179579669
P0053,D-T009-01,False,362,5439.204533691406,True,31.79033179579669
P0053,D-T010-01,False,264,3914.8412843290234,True,31.79033179579669
P0053,D-T011-01,False,310,6883.019799924156,True,31.79033179579669
P0053,D-T014-01,False,215,2131.391058349609,True,31.79033179579669
P0053,D-T015-01,False,400,4665.936444091797,True,31.79033179579669
P0053,D-T016-01,False,275,8818.52376584619,True,31.79033179579669
P0053,D-T017-01,False,609,8139.167193015494,True,31.79033179579669
P0053,D-T018-01,False,207,2265.6252990722655,True,31.79033179579669
P0053,D-T020-01,False,342,6852.100309010106,True,31.79033179579669
P0053,D-T021-01,False,401,813.8744852701823,True,31.79033179579669
P0053,D-T022-01,False,198,819.5242111000066,True,31.79033179579669
P0053,D-T023-01,False,309,2733.549129231771,True,31.79033179579669
P0053,D-T024-01,False,316,5682.833085123698,True,31.79033179579669
P0053,D-T025-01,False,423,3812.691058349609,True,31.79033179579669
P0054,D-T004-01,False,426,904.5149475097656,True,31.472493054744177
P0054,D-T005-01,False,469,2370.017937011719,True,31.472493054744177
P0054,D-T006-01,False,513,5874.491058349609,True,31.472493054744177
P0054,D-T007-01,False,644,3953.5092700195314,True,31.472493054744177
P0054,D-T008-01,False,320,3138.8371114095053,True,31.472493054744177
P0054,D-T009-01,False,362,5439.204533691406,True,31.472493054744177
P0054,D-T010-01,False,264,3930.8412843290234,True,31.472493054744177
P0054,D-T011-01,False,310,6905.019799924156,True,31.472493054744177
P0054,D-T014-01,False,215,2131.391058349609,True,31.472493054744177
P0054,D-T015-01,False,400,4665.936444091797,True,31.472493054744177
P0054,D-T016-01,False,275,8826.52376584619,True,31.472493054744177
P0054,D-T017-01,False,609,8147.167193015494,True,31.472493054744177
P0054,D-T018-01,False,207,2330.408991919634,True,31.472493054744177
P0054,D-T020-01,False,342,6852.100309010106,True,31.472493054744177
P0054,D-T021-01,False,401,871.8744852701823,True,31.472493054744177
P0054,D-T022-01,False,198,821.5242111000066,True,31.472493054744177
P0054,D-T023-01,False,309,2827.549129231771,True,31.472493054744177
P0054,D-T024-01,False,316,5728.833085123698,True,31.472493054744177
P0054,D-T025-01,False,423,3812.691058349609,True,31.472493054744177
P0055,D-T004-01,False,426,904.5149475097656,True,30.516825651602375
P0055,D-T005-01,False,469,2370.017937011719,True,30.516825651602375
P0055,D-T006-01,False,513,5878.491058349609,True,30.516825651602375
P0055,D-T007-01,False,644,3957.5092700195314,True,30.516825651602375
P0055,D-T008-01,False,320,3138.8371114095053,True,30.516825651602375
P0055,D-T009-01,False,362,5439.204533691406,True,30.516825651602375
P0055,D-T010-01,False,264,3952.8412843290234,True,30.516825651602375
P0055,D-T011-01,False,310,6931.019799924156,True,30.516825651602375
P0055,D-T014-01,False,215,2137.391058349609,True,30.516825651602375
P0055,D-T015-01,False,400,4665.936444091797,True,30.516825651602375
P0055,D-T016-01,True,275,,True,30.516825651602375
P0055,D-T017-01,False,609,8423.049728822785,True,30.516825651602375
P0055,D-T018-01,False,207,2346.408991919634,True,30.516825651602375
P0055,D-T020-01,False,342,6852.100309010106,True,30.516825651602375
P0055,D-T021-01,False,401,871.8744852701823,True,30.516825651602375
P0055,D-T022-01,True,198,,True,30.516825651602375
P0055,D-T023-01,False,309,2838.6710981763977,True,30.516825651602375
P0055,D-T024-01,False,316,5755.066806594623,True,30.516825651602375
P0055,D-T025-01,False,423,3816.691058349609,True,30.516825651602375
P0056,D-T004-01,False,426,1016.5149475097656,True,24.429120367764725
P0056,D-T005-01,False,469,2458.017937011719,True,24.429120367764725
P0056,D-T006-01,False,513,5922.553875810558,True,24.429120367764725
P0056,D-T007-01,False,644,4003.5720874804792,True,24.429120367764725
P0056,D-T008-01,False,320,3258.8371114095053,True,24.429120367764725
P0056,D-T009-01,False,362,5533.204533691406,True,24.429120367764725
P0056,D-T010-01,False,264,3912.8412843290234,True,24.429120367764725
P0056,D-T011-01,False,310,6879.019799924156,True,24.429120367764725
P0056,D-T014-01,False,215,2188.969580175794,True,24.429120367764725
P0056,D-T015-01,False,400,4695.936444091797,True,24.429120367764725
P0056,D-T016-01,False,275,8799.740901692707,True,24.429120367764725
P0056,D-T017-01,False,609,8121.340901692708,True,24.429120367764725
P0056,D-T018-01,False,207,2332.408991919634,True,24.429120367764725
P0056,D-T020-01,False,342,6950.100309010106,True,24.429120367764725
P0056,D-T021-01,False,401,933.8744852701823,True,24.429120367764725
P0056,D-T022-01,False,198,744.4939412434896,True,24.429120367764725
P0056,D-T023-01,False,309,2842.6710981763977,True,24.429120367764725
P0056,D-T024-01,False,316,5652.833085123698,True,24.429120367764725
P0056,D-T025-01,False,423,3860.753875810557,True,24.429120367764725
P0057,D-T004-01,False,426,1016.5149475097656,True,24.360568466712564
P0057,D-T005-01,False,469,2458.017937011719,True,24.360568466712564
P0057,D-T006-01,False,513,5942.553875810558,True,24.360568466712564
P0057,D-T007-01,False,644,4027.5720874804792,True,24.360568466712564
P0057,D-T008-01,False,320,3258.8371114095053,True,24.360568466712564
P0057,D-T009-01,False,362,5533.204533691406,True,24.360568466712564
P0057,D-T010-01,False,264,3940.8412843290234,True,24.360568466712564
P0057,D-T011-01,False,310,6915.019799924156,True,24.360568466712564
P0057,D-T014-01,False,215,2208.969580175794,True,24.360568466712564
P0057,D-T015-01,False,400,4763.936444091797,True,24.360568466712564
P0057,D-T016-01,True,275,,True,24.360568466712564
P0057,D-T017-01,False,609,8655.049728822785,True,24.360568466712564
P0057,D-T018-01,False,207,2336.408991919634,True,24.360568466712564
P0057,D-T020-01,False,342,6950.100309010106,True,24.360568466712564
P0057,D-T021-01,False,401,933.8744852701823,True,24.360568466712564
P0057,D-T022-01,True,198,,True,24.360568466712564
P0057,D-T023-01,False,309,2846.6710981763977,True,24.360568466712564
P0057,D-T024-01,False,316,5662.833085123698,True,24.360568466712564
P0057,D-T025-01,False,423,3880.753875810557,True,24.360568466712564
P0058,D-T004-01,False,426,1016.5149475097656,True,24.144160668448237
P0058,D-T005-01,False,469,2458.017937011719,True,24.144160668448237
P0058,D-T006-01,False,513,5966.553875810558,True,24.144160668448237
P0058,D-T007-01,False,644,4057.5720874804792,True,24.144160668448237
P0058,D-T008-01,False,320,3258.8371114095053,True,24.144160668448237
P0058,D-T009-01,False,362,5533.204533691406,True,24.144160668448237
P0058,D-T010-01,False,264,3956.2416017118358,True,24.144160668448237
P0058,D-T011-01,False,310,6935.270196652672,True,24.144160668448237
P0058,D-T014-01,False,215,2232.969580175794,True,24.144160668448237
P0058,D-T015-01,False,400,4763.936444091797,True,24.144160668448237
P0058,D-T016-01,True,275,,True,24.144160668448237
P0058,D-T017-01,False,609,8655.049728822785,True,24.144160668448237
P0058,D-T018-01,False,207,2342.408991919634,True,24.144160668448237
P0058,D-T020-01,False,342,6950.100309010106,True,24.144160668448237
P0058,D-T021-01,False,401,933.8744852701823,True,24.144160668448237
P0058,D-T022-01,True,198,,True,24.144160668448237
P0058,D-T023-01,False,309,2856.6710981763977,True,24.144160668448237
P0058,D-T024-01,False,316,5724.833085123698,True,24.144160668448237
P0058,D-T025-01,False,423,3904.753875810557,True,24.144160668448237
P0059,D-T004-01,False,426,1008.5149475097656,True,7.446169988094908
P0059,D-T005-01,False,469,2452.017937011719,True,7.446169988094908
P0059,D-T006-01,False,513,5926.553875810558,True,7.446169988094908
P0059,D-T007-01,False,644,4009.5720874804792,True,7.446169988094908
P0059,D-T008-01,False,320,3294.7443233722756,True,7.446169988094908
P0059,D-T009-01,False,362,5564.730303261622,True,7.446169988094908
P0059,D-T010-01,False,264,3914.8412843290234,True,7.446169988094908
P0059,D-T011-01,False,310,6883.019799924156,True,7.446169988094908
P0059,D-T014-01,False,215,2192.969580175794,True,7.446169988094908
P0059,D-T015-01,False,400,4701.936444091797,True,7.446169988094908
P0059,D-T016-01,False,275,8814.52376584619,True,7.446169988094908
P0059,D-T017-01,False,609,8135.167193015494,True,7.446169988094908
P0059,D-T018-01,False,207,2334.408991919634,True,7.446169988094908
P0059,D-T020-01,False,342,6960.100309010106,True,7.446169988094908
P0059,D-T021-01,False,401,992.0828375518597,True,7.446169988094908
P0059,D-T022-01,True,198,,True,7.446169988094908
P0059,D-T023-01,False,309,2815.549129231771,True,7.446169988094908
P0059,D-T024-01,False,316,5632.833085123698,True,7.446169988094908
P0059,D-T025-01,False,423,3864.753875810557,True,7.446169988094908
P0060,D-T004-01,False,426,1045.2665261270254,True,17.429171338901554
P0060,D-T005-01,False,469,2485.4191999055265,True,17.429171338901554
P0060,D-T006-01,False,513,5950.553875810558,True,17.429171338901554
P0060,D-T007-01,False,644,4039.5720874804792,True,17.429171338901554
P0060,D-T008-01,False,320,3324.7443233722756,True,17.429171338901554
P0060,D-T009-01,False,362,5604.730303261622,True,17.429171338901554
P0060,D-T010-01,False,264,3954.8412843290234,True,17.429171338901554
P0060,D-T011-01,False,310,6933.019799924156,True,17.429171338901554
P0060,D-T014-01,False,215,2216.969580175794,True,17.429171338901554
P0060,D-T015-01,False,400,4821.73816962357,True,17.429171338901554
P0060,D-T016-01,True,275,,True,17.429171338901554
P0060,D-T017-01,False,609,8739.331922991456,True,17.429171338901554
P0060,D-T018-01,False,207,2338.408991919634,True,17.429171338901554
P0060,D-T020-01,False,342,7024.7079031794365,True,17.429171338901554
P0060,D-T021-01,False,401,1002.0828375518597,True,17.429171338901554
P0060,D-T022-01,True,198,,True,17.429171338901554
P0060,D-T023-01,False,309,2815.549129231771,True,17.429171338901554
P0060,D-T024-01,False,316,5658.833085123698,True,17.429171338901554
P0060,D-T025-01,False,423,3888.753875810557,True,17.429171338901554
P0061,D-T004-01,False,426,1067.2665261270254,True,17.379184221595366
P0061,D-T005-01,False,469,2511.4191999055265,True,17.379184221595366
P0061,D-T006-01,False,513,5974.553875810558,True,17.379184221595366
P0061,D-T007-01,False,644,4067.5720874804792,True,17.379184221595366
P0061,D-T008-01,False,320,3336.7443233722756,True,17.379184221595366
P0061,D-T009-01,False,362,5620.730303261622,True,17.379184221595366
P0061,D-T010-01,True,264,,True,17.379184221595366
P0061,D-T011-01,True,310,,True,17.379184221595366
P0061,D-T014-01,False,215,2240.969580175794,True,17.379184221595366
P0061,D-T015-01,False,400,4825.73816962357,True,17.379184221595366
P0061,D-T016-01,True,275,,True,17.379184221595366
P0061,D-T017-01,False,609,8743.331922991456,True,17.379184221595366
P0061,D-T018-01,False,207,2344.408991919634,True,17.379184221595366
P0061,D-T020-01,False,342,7028.7079031794365,True,17.379184221595366
P0061,D-T021-01,False,401,1016.0828375518597,True,17.379184221595366
P0061,D-T022-01,True,198,,True,17.379184221595366
P0061,D-T023-01,False,309,2815.549129231771,True,17.379184221595366
P0061,D-T024-01,False,316,5714.833085123698,True,17.379184221595366
P0061,D-T025-01,False,423,3912.753875810557,True,17.379184221595366
P0062,D-T004-01,False,426,840.5149475097656,True,3.5814633097388935
P0062,D-T005-01,False,469,2318.017937011719,True,3.5814633097388935
P0062,D-T006-01,False,513,5920.553875810558,True,3.5814633097388935
P0062,D-T007-01,False,644,4001.5720874804792,True,3.5814633097388935
P0062,D-T008-01,False,320,3304.7443233722756,True,3.5814633097388935
P0062,D-T009-01,False,362,5578.730303261622,True,3.5814633097388935
P0062,D-T010-01,True,264,,True,3.5814633097388935
P0062,D-T011-01,True,310,,True,3.5814633097388935
P0062,D-T014-01,False,215,2186.969580175794,True,3.5814633097388935
P0062,D-T015-01,False,400,4819.73816962357,True,3.5814633097388935
P0062,D-T016-01,False,275,8721.740901692707,True,3.5814633097388935
P0062,D-T017-01,False,609,8059.340901692708,True,3.5814633097388935
P0062,D-T018-01,False,207,2334.408991919634,True,3.5814633097388935
P0062,D-T020-01,False,342,7022.7079031794365,True,3.5814633097388935
P0062,D-T021-01,False,401,957.8744852701823,True,3.5814633097388935
P0062,D-T022-01,True,198,,True,3.5814633097388935
P0062,D-T023-01,False,309,2743.549129231771,True,3.5814633097388935
P0062,D-T024-01,False,316,5634.833085123698,True,3.5814633097388935
P0062,D-T025-01,False,423,3858.753875810557,True,3.5814633097388935
P0063,D-T004-01,False,426,1059.2665261270254,True,13.574151849277612
P0063,D-T005-01,False,469,2503.4191999055265,True,13.574151849277612
P0063,D-T006-01,False,513,5938.553875810558,True,13.574151849277612
P0063,D-T007-01,False,644,4025.5720874804792,True,13.574151849277612
P0063,D-T008-01,False,320,3334.7443233722756,True,13.574151849277612
P0063,D-T009-01,False,362,5614.730303261622,True,13.574151849277612
P0063,D-T010-01,True,264,,True,13.574151849277612
P0063,D-T011-01,True,310,,True,13.574151849277612
P0063,D-T014-01,False,215,2204.969580175794,True,13.574151849277612
P0063,D-T015-01,False,400,4821.73816962357,True,13.574151849277612
P0063,D-T016-01,False,275,8814.52376584619,True,13.574151849277612
P0063,D-T017-01,False,609,8135.167193015494,True,13.574151849277612
P0063,D-T018-01,False,207,2340.408991919634,True,13.574151849277612
P0063,D-T020-01,False,342,7024.7079031794365,True,13.574151849277612
P0063,D-T021-01,False,401,984.0828375518597,True,13.574151849277612
P0063,D-T022-01,True,198,,True,13.574151849277612
P0063,D-T023-01,False,309,2743.549129231771,True,13.574151849277612
P0063,D-T024-01,False,316,5658.833085123698,True,13.574151849277612
P0063,D-T025-01,False,423,3876.753875810557,True,13.574151849277612
P0064,D-T004-01,True,426,,True,13.55297231036542
P0064,D-T005-01,True,469,,True,13.55297231036542
P0064,D-T006-01,False,513,5970.553875810558,True,13.55297231036542
P0064,D-T007-01,False,644,4063.5720874804792,True,13.55297231036542
P0064,D-T008-01,False,320,3340.7443233722756,True,13.55297231036542
P0064,D-T009-01,False,362,5622.730303261622,True,13.55297231036542
P0064,D-T010-01,True,264,,True,13.55297231036542
P0064,D-T011-01,True,310,,True,13.55297231036542
P0064,D-T014-01,False,215,2236.969580175794,True,13.55297231036542
P0064,D-T015-01,False,400,4827.73816962357,True,13.55297231036542
P0064,D-T016-01,True,275,,True,13.55297231036542
P0064,D-T017-01,False,609,8745.331922991456,True,13.55297231036542
P0064,D-T018-01,False,207,2346.408991919634,True,13.55297231036542
P0064,D-T020-01,False,342,7030.7079031794365,True,13.55297231036542
P0064,D-T021-01,False,401,1000.0828375518597,True,13.55297231036542
P0064,D-T022-01,True,198,,True,13.55297231036542
P0064,D-T023-01,False,309,2745.549129231771,True,13.55297231036542
P0064,D-T024-01,False,316,5676.833085123698,True,13.55297231036542
P0064,D-T025-01,False,423,3908.753875810557,True,13.55297231036542
P0065,D-T004-01,False,426,750.5149475097656,True,0.9081657948649706
P0065,D-T005-01,False,469,2246.017937011719,True,0.9081657948649706
P0065,D-T006-01,False,513,5886.491058349609,True,0.9081657948649706
P0065,D-T007-01,False,644,3965.5092700195314,True,0.9081657948649706
P0065,D-T008-01,False,320,3290.7443233722756,True,0.9081657948649706
P0065,D-T009-01,False,362,5560.730303261622,True,0.9081657948649706
P0065,D-T010-01,True,264,,True,0.9081657948649706
P0065,D-T011-01,True,310,,True,0.9081657948649706
P0065,D-T014-01,False,215,2147.391058349609,True,0.9081657948649706
P0065,D-T015-01,False,400,4821.73816962357,True,0.9081657948649706
P0065,D-T016-01,False,275,8657.740901692707,True,0.9081657948649706
P0065,D-T017-01,False,609,8007.340901692708,True,0.9081657948649706
P0065,D-T018-01,False,207,2265.6252990722655,True,0.9081657948649706
P0065,D-T020-01,False,342,7024.7079031794365,True,0.9081657948649706
P0065,D-T021-01,False,401,859.8744852701823,True,0.9081657948649706
P0065,D-T022-01,False,198,792.4939412434896,True,0.9081657948649706
P0065,D-T023-01,False,309,2733.549129231771,True,0.9081657948649706
P0065,D-T024-01,False,316,5634.833085123698,True,0.9081657948649706
P0065,D-T025-01,False,423,3824.691058349609,True,0.9081657948649706
P0066,D-T004-01,False,426,912.5149475097656,True,0.9035831613578154
P0066,D-T005-01,False,469,2376.017937011719,True,0.9035831613578154
P0066,D-T006-01,False,513,5908.491058349609,True,0.9035831613578154
P0066,D-T007-01,False,644,3987.5092700195314,True,0.9035831613578154
P0066,D-T008-01,False,320,3332.7443233722756,True,0.9035831613578154
P0066,D-T009-01,False,362,5614.730303261622,True,0.9035831613578154
P0066,D-T010-01,True,264,,True,0.9035831613578154
P0066,D-T011-01,True,310,,True,0.9035831613578154
P0066,D-T014-01,False,215,2173.391058349609,True,0.9035831613578154
P0066,D-T015-01,False,400,4829.73816962357,True,0.9035831613578154
P0066,D-T016-01,False,275,8812.52376584619,True,0.9035831613578154
P0066,D-T017-01,False,609,8133.167193015494,True,0.9035831613578154
P0066,D-T018-01,False,207,2269.6252990722655,True,0.9035831613578154
P0066,D-T020-01,False,342,7032.7079031794365,True,0.9035831613578154
P0066,D-T021-01,False,401,1024.0828375518597,True,0.9035831613578154
P0066,D-T022-01,True,198,,True,0.9035831613578154
P0066,D-T023-01,False,309,2733.549129231771,True,0.9035831613578154
P0066,D-T024-01,False,316,5648.833085123698,True,0.9035831613578154
P0066,D-T025-01,False,423,3846.691058349609,True,0.9035831613578154
P0067,D-T004-01,True,426,,True,10.891071212328313
P0067,D-T005-01,True,469,,True,10.891071212328313
P0067,D-T006-01,False,513,5936.553875810558,True,10.891071212328313
P0067,D-T007-01,False,644,4021.5720874804792,True,10.891071212328313
P0067,D-T008-01,False,320,3348.7443233722756,True,10.891071212328313
P0067,D-T009-01,False,362,5634.730303261622,True,10.891071212328313
P0067,D-T010-01,True,264,,True,10.891071212328313
P0067,D-T011-01,True,310,,True,10.891071212328313
P0067,D-T014-01,False,215,2202.969580175794,True,10.891071212328313
P0067,D-T015-01,False,400,4835.73816962357,True,10.891071212328313
P0067,D-T016-01,True,275,,True,10.891071212328313
P0067,D-T017-01,False,609,8753.331922991456,True,10.891071212328313
P0067,D-T018-01,False,207,2269.6252990722655,True,10.891071212328313
P0067,D-T020-01,False,342,7038.7079031794365,True,10.891071212328313
P0067,D-T021-01,False,401,1028.0828375518597,True,10.891071212328313
P0067,D-T022-01,True,198,,True,10.891071212328313
P0067,D-T023-01,False,309,2733.549129231771,True,10.891071212328313
P0067,D-T024-01,False,316,5650.833085123698,True,10.891071212328313
P0067,D-T025-01,False,423,3874.753875810557,True,10.891071212328313
P0068,D-T004-01,True,426,,True,8.852608745592178
P0068,D-T005-01,True,469,,True,8.852608745592178
P0068,D-T006-01,False,513,5896.491058349609,True,8.852608745592178
P0068,D-T007-01,False,644,3975.5092700195314,True,8.852608745592178
P0068,D-T008-01,True,320,,True,8.852608745592178
P0068,D-T009-01,True,362,,True,8.852608745592178
P0068,D-T010-01,True,264,,True,8.852608745592178
P0068,D-T011-01,True,310,,True,8.852608745592178
P0068,D-T014-01,False,215,2159.391058349609,True,8.852608745592178
P0068,D-T015-01,True,400,,True,8.852608745592178
P0068,D-T016-01,True,275,,True,8.852608745592178
P0068,D-T017-01,True,609,,True,8.852608745592178
P0068,D-T018-01,False,207,2265.6252990722655,True,8.852608745592178
P0068,D-T020-01,True,342,,True,8.852608745592178
P0068,D-T021-01,False,401,1026.0828375518597,True,8.852608745592178
P0068,D-T022-01,False,198,744.4939412434896,True,8.852608745592178
P0068,D-T023-01,False,309,2733.549129231771,True,8.852608745592178
P0068,D-T024-01,False,316,5640.833085123698,True,8.852608745592178
P0068,D-T025-01,False,423,3834.691058349609,True,8.852608745592178
P0069,D-T004-01,True,426,,True,7.198180076509914
P0069,D-T005-01,True,469,,True,7.198180076509914
P0069,D-T006-01,False,513,5874.491058349609,True,7.198180076509914
P0069,D-T007-01,False,644,3953.5092700195314,True,7.198180076509914
P0069,D-T008-01,True,320,,True,7.198180076509914
P0069,D-T009-01,True,362,,True,7.198180076509914
P0069,D-T010-01,True,264,,True,7.198180076509914
P0069,D-T011-01,True,310,,True,7.198180076509914
P0069,D-T014-01,False,215,2131.391058349609,True,7.198180076509914
P0069,D-T015-01,True,400,,True,7.198180076509914
P0069,D-T016-01,True,275,,True,7.198180076509914
P0069,D-T017-01,True,609,,True,7.198180076509914
P0069,D-T018-01,False,207,2265.6252990722655,True,7.198180076509914
P0069,D-T020-01,True,342,,True,7.198180076509914
P0069,D-T021-01,False,401,749.8744852701823,True,7.198180076509914
P0069,D-T022-01,False,198,744.4939412434896,True,7.198180076509914
P0069,D-T023-01,False,309,2733.549129231771,True,7.198180076509914
P0069,D-T024-01,False,316,5634.833085123698,True,7.198180076509914
P0069,D-T025-01,False,423,3812.691058349609,True,7.198180076509914
P0070,D-T004-01,False,426,750.5149475097656,True,9.10325491304556
P0070,D-T005-01,False,469,2246.017937011719,True,9.10325491304556
P0070,D-T006-01,False,513,5874.491058349609,True,9.10325491304556
P0070,D-T007-01,False,644,3953.5092700195314,True,9.10325491304556
P0070,D-T008-01,False,320,3138.8371114095053,True,9.10325491304556
P0070,D-T009-01,False,362,5439.204533691406,True,9.10325491304556
P0070,D-T010-01,False,264,3795.4669311523435,True,9.10325491304556
P0070,D-T011-01,False,310,6783.520317382812,True,9.10325491304556
P0070,D-T014-01,False,215,2131.391058349609,True,9.10325491304556
P0070,D-T015-01,False,400,4563.936444091797,True,9.10325491304556
P0070,D-T016-01,False,275,8657.740901692707,True,9.10325491304556
P0070,D-T017-01,False,609,8007.340901692708,True,9.10325491304556
P0070,D-T018-01,False,207,2265.6252990722655,True,9.10325491304556
P0070,D-T020-01,False,342,6824.100309010106,True,9.10325491304556
P0070,D-T021-01,False,401,749.8744852701823,True,9.10325491304556
P0070,D-T022-01,False,198,744.4939412434896,True,9.10325491304556
P0070,D-T023-01,False,309,2733.549129231771,True,9.10325491304556
P0070,D-T024-01,False,316,5562.833085123698,True,9.10325491304556
P0070,D-T025-01,False,423,3812.691058349609,True,9.10325491304556
P0071,D-T004-01,False,426,750.5149475097656,True,9.066391731502819
P0071,D-T005-01,False,469,2246.017937011719,True,9.066391731502819
P0071,D-T006-01,False,513,5874.491058349609,True,9.066391731502819
P0071,D-T007-01,False,644,3953.5092700195314,True,9.066391731502819
P0071,D-T008-01,False,320,3138.8371114095053,True,9.066391731502819
P0071,D-T009-01,False,362,5439.204533691406,True,9.066391731502819
P0071,D-T010-01,False,264,3795.4669311523435,True,9.066391731502819
P0071,D-T011-01,False,310,6783.520317382812,True,9.066391731502819
P0071,D-T014-01,False,215,2131.391058349609,True,9.066391731502819
P0071,D-T015-01,False,400,4563.936444091797,True,9.066391731502819
P0071,D-T016-01,False,275,8657.740901692707,True,9.066391731502819
P0071,D-T017-01,False,609,8007.340901692708,True,9.066391731502819
P0071,D-T018-01,False,207,2265.6252990722655,True,9.066391731502819
P0071,D-T020-01,False,342,6824.100309010106,True,9.066391731502819
P0071,D-T021-01,False,401,849.8744852701823,True,9.066391731502819
P0071,D-T022-01,False,198,815.5242111000066,True,9.066391731502819
P0071,D-T023-01,False,309,2733.549129231771,True,9.066391731502819
P0071,D-T024-01,False,316,5576.833085123698,True,9.066391731502819
P0071,D-T025-01,False,423,3812.691058349609,True,9.066391731502819
P0072,D-T004-01,False,426,814.5149475097656,True,8.97412650884553
P0072,D-T005-01,False,469,2298.017937011719,True,8.97412650884553
P0072,D-T006-01,False,513,5880.491058349609,True,8.97412650884553
P0072,D-T007-01,False,644,3959.5092700195314,True,8.97412650884553
P0072,D-T008-01,False,320,3138.8371114095053,True,8.97412650884553
P0072,D-T009-01,False,362,5439.204533691406,True,8.97412650884553
P0072,D-T010-01,False,264,3821.4669311523435,True,8.97412650884553
P0072,D-T011-01,False,310,6803.520317382812,True,8.97412650884553
P0072,D-T014-01,False,215,2137.391058349609,True,8.97412650884553
P0072,D-T015-01,False,400,4563.936444091797,True,8.97412650884553
P0072,D-T016-01,False,275,8727.740901692707,True,8.97412650884553
P0072,D-T017-01,False,609,8063.340901692708,True,8.97412650884553
P0072,D-T018-01,True,207,,True,8.97412650884553
P0072,D-T020-01,False,342,6824.100309010106,True,8.97412650884553
P0072,D-T021-01,False,401,849.8744852701823,True,8.97412650884553
P0072,D-T022-01,True,198,,True,8.97412650884553
P0072,D-T023-01,False,309,2870.6710981763977,True,8.97412650884553
P0072,D-T024-01,False,316,5576.833085123698,True,8.97412650884553
P0072,D-T025-01,False,423,3818.691058349609,True,8.97412650884553
P0073,D-T004-01,False,426,942.5149475097656,True,14.228751715664416
P0073,D-T005-01,False,469,2400.017937011719,True,14.228751715664416
P0073,D-T006-01,False,513,5932.553875810558,True,14.228751715664416
P0073,D-T007-01,False,644,4015.5720874804792,True,14.228751715664416
P0073,D-T008-01,False,320,3138.8371114095053,True,14.228751715664416
P0073,D-T009-01,False,362,5439.204533691406,True,14.228751715664416
P0073,D-T010-01,False,264,3956.2416017118358,True,14.228751715664416
P0073,D-T011-01,False,310,6935.019799924156,True,14.228751715664416
P0073,D-T014-01,False,215,2198.969580175794,True,14.228751715664416
P0073,D-T015-01,False,400,4637.936444091797,True,14.228751715664416
P0073,D-T016-01,False,275,8759.740901692707,True,14.228751715664416
P0073,D-T017-01,False,609,8089.340901692708,True,14.228751715664416
P0073,D-T018-01,False,207,2265.6252990722655,True,14.228751715664416
P0073,D-T020-01,False,342,6824.100309010106,True,14.228751715664416
P0073,D-T021-01,False,401,795.8744852701823,True,14.228751715664416
P0073,D-T022-01,False,198,744.4939412434896,True,14.228751715664416
P0073,D-T023-01,False,309,2733.549129231771,True,14.228751715664416
P0073,D-T024-01,False,316,5668.833085123698,True,14.228751715664416
P0073,D-T025-01,False,423,3870.753875810557,True,14.228751715664416
P0074,D-T004-01,False,426,942.5149475097656,True,24.11523633312227
P0074,D-T005-01,False,469,2400.017937011719,True,24.11523633312227
P0074,D-T006-01,False,513,5940.553875810558,True,24.11523633312227
P0074,D-T007-01,False,644,4025.5720874804792,True,24.11523633312227
P0074,D-T008-01,False,320,3138.8371114095053,True,24.11523633312227
P0074,D-T009-01,False,362,5439.204533691406,True,24.11523633312227
P0074,D-T010-01,True,264,,True,24.11523633312227
P0074,D-T011-01,True,310,,True,24.11523633312227
P0074,D-T014-01,False,215,2206.969580175794,True,24.11523633312227
P0074,D-T015-01,False,400,4637.936444091797,True,24.11523633312227
P0074,D-T016-01,False,275,8827.53284787744,True,24.11523633312227
P0074,D-T017-01,False,609,8148.176275046744,True,24.11523633312227
P0074,D-T018-01,False,207,2338.408991919634,True,24.11523633312227
P0074,D-T020-01,False,342,6824.100309010106,True,24.11523633312227
P0074,D-T021-01,False,401,937.8744852701823,True,24.11523633312227
P0074,D-T022-01,False,198,819.5242111000066,True,24.11523633312227
P0074,D-T023-01,False,309,2832.6710981763977,True,24.11523633312227
P0074,D-T024-01,False,316,5668.833085123698,True,24.11523633312227
P0074,D-T025-01,False,423,3878.753875810557,True,24.11523633312227
P0075,D-T004-01,False,426,942.5149475097656,True,23.835151153351603
P0075,D-T005-01,False,469,2400.017937011719,True,23.835151153351603
P0075,D-T006-01,False,513,5954.553875810558,True,23.835151153351603
P0075,D-T007-01,False,644,4043.5720874804792,True,23.835151153351603
P0075,D-T008-01,False,320,3138.8371114095053,True,23.835151153351603
P0075,D-T009-01,False,362,5439.204533691406,True,23.835151153351603
P0075,D-T010-01,True,264,,True,23.835151153351603
P0075,D-T011-01,True,310,,True,23.835151153351603
P0075,D-T014-01,False,215,2220.969580175794,True,23.835151153351603
P0075,D-T015-01,False,400,4637.936444091797,True,23.835151153351603
P0075,D-T016-01,True,275,,True,23.835151153351603
P0075,D-T017-01,False,609,8473.049728822785,True,23.835151153351603
P0075,D-T018-01,True,207,,True,23.835151153351603
P0075,D-T020-01,False,342,6824.100309010106,True,23.835151153351603
P0075,D-T021-01,False,401,937.8744852701823,True,23.835151153351603
P0075,D-T022-01,True,198,,True,23.835151153351603
P0075,D-T023-01,False,309,2844.6710981763977,True,23.835151153351603
P0075,D-T024-01,False,316,5670.833085123698,True,23.835151153351603
P0075,D-T025-01,False,423,3892.753875810557,True,23.835151153351603
P0076,D-T004-01,False,426,750.5149475097656,True,21.770035164542477
P0076,D-T005-01,False,469,2246.017937011719,True,21.770035164542477
P0076,D-T006-01,False,513,5940.553875810558,True,21.770035164542477
P0076,D-T007-01,False,644,4025.5720874804792,True,21.770035164542477
P0076,D-T008-01,False,320,3138.8371114095053,True,21.770035164542477
P0076,D-T009-01,False,362,5439.204533691406,True,21.770035164542477
P0076,D-T010-01,False,264,3795.4669311523435,True,21.770035164542477
P0076,D-T011-01,False,310,6783.520317382812,True,21.770035164542477
P0076,D-T014-01,False,215,2206.969580175794,True,21.770035164542477
P0076,D-T015-01,False,400,4623.936444091797,True,21.770035164542477
P0076,D-T016-01,False,275,8657.740901692707,True,21.770035164542477
P0076,D-T017-01,False,609,8007.340901692708,True,21.770035164542477
P0076,D-T018-01,False,207,2265.6252990722655,True,21.770035164542477
P0076,D-T020-01,False,342,6852.100309010106,True,21.770035164542477
P0076,D-T021-01,False,401,749.8744852701823,True,21.770035164542477
P0076,D-T022-01,False,198,780.4939412434896,True,21.770035164542477
P0076,D-T023-01,False,309,2745.549129231771,True,21.770035164542477
P0076,D-T024-01,False,316,5646.833085123698,True,21.770035164542477
P0076,D-T025-01,False,423,3878.753875810557,True,21.770035164542477
P0077,D-T004-01,False,426,1053.2665261270254,True,21.734488785034372
P0077,D-T005-01,False,469,2493.4191999055265,True,21.734488785034372
P0077,D-T006-01,False,513,5952.553875810558,True,21.734488785034372
P0077,D-T007-01,False,644,4039.5720874804792,True,21.734488785034372
P0077,D-T008-01,False,320,3264.8371114095053,True,21.734488785034372
P0077,D-T009-01,False,362,5539.204533691406,True,21.734488785034372
P0077,D-T010-01,True,264,,True,21.734488785034372
P0077,D-T011-01,True,310,,True,21.734488785034372
P0077,D-T014-01,False,215,2218.969580175794,True,21.734488785034372
P0077,D-T015-01,False,400,4729.936444091797,True,21.734488785034372
P0077,D-T016-01,False,275,8824.52376584619,True,21.734488785034372
P0077,D-T017-01,False,609,8145.167193015494,True,21.734488785034372
P0077,D-T018-01,False,207,2334.408991919634,True,21.734488785034372
P0077,D-T020-01,False,342,6916.100309010106,True,21.734488785034372
P0077,D-T021-01,False,401,755.8744852701823,True,21.734488785034372
P0077,D-T022-01,True,198,,True,21.734488785034372
P0077,D-T023-01,False,309,2832.6710981763977,True,21.734488785034372
P0077,D-T024-01,False,316,5682.833085123698,True,21.734488785034372
P0077,D-T025-01,False,423,3890.753875810557,True,21.734488785034372
P0078,D-T004-01,False,426,1059.2665261270254,True,21.617782043528408
P0078,D-T005-01,False,469,2503.4191999055265,True,21.617782043528408
P0078,D-T006-01,False,513,5966.553875810558,True,21.617782043528408
P0078,D-T007-01,False,644,4059.5720874804792,True,21.617782043528408
P0078,D-T008-01,False,320,3264.8371114095053,True,21.617782043528408
P0078,D-T009-01,False,362,5539.204533691406,True,21.617782043528408
P0078,D-T010-01,True,264,,True,21.617782043528408
P0078,D-T011-01,True,310,,True,21.617782043528408
P0078,D-T014-01,False,215,2232.969580175794,True,21.617782043528408
P0078,D-T015-01,False,400,4729.936444091797,True,21.617782043528408
P0078,D-T016-01,True,275,,True,21.617782043528408
P0078,D-T017-01,False,609,8625.049728822785,True,21.617782043528408
P0078,D-T018-01,False,207,2344.408991919634,True,21.617782043528408
P0078,D-T020-01,False,342,6916.100309010106,True,21.617782043528408
P0078,D-T021-01,False,401,1010.0828375518597,True,21.617782043528408
P0078,D-T022-01,True,198,,True,21.617782043528408
P0078,D-T023-01,False,309,2844.6710981763977,True,21.617782043528408
P0078,D-T024-01,False,316,5741.066806594623,True,21.617782043528408
P0078,D-T025-01,False,423,3904.753875810557,True,21.617782043528408
P0079,D-T004-01,False,426,1032.5149475097655,True,6.770325370620753
P0079,D-T005-01,False,469,2472.017937011719,True,6.770325370620753
P0079,D-T006-01,False,513,5942.553875810558,True,6.770325370620753
P0079,D-T007-01,False,644,4029.5720874804792,True,6.770325370620753
P0079,D-T008-01,False,320,3218.8371114095053,True,6.770325370620753
P0079,D-T009-01,False,362,5503.204533691406,True,6.770325370620753
P0079,D-T010-01,False,264,3916.8412843290234,True,6.770325370620753
P0079,D-T011-01,False,310,6885.019799924156,True,6.770325370620753
P0079,D-T014-01,False,215,2208.969580175794,True,6.770325370620753
P0079,D-T015-01,False,400,4817.73816962357,True,6.770325370620753
P0079,D-T016-01,False,275,8810.52376584619,True,6.770325370620753
P0079,D-T017-01,False,609,8131.167193015494,True,6.770325370620753
P0079,D-T018-01,False,207,2330.408991919634,True,6.770325370620753
P0079,D-T020-01,False,342,7020.7079031794365,True,6.770325370620753
P0079,D-T021-01,False,401,927.8744852701823,True,6.770325370620753
P0079,D-T022-01,True,198,,True,6.770325370620753
P0079,D-T023-01,False,309,2809.549129231771,True,6.770325370620753
P0079,D-T024-01,False,316,5650.833085123698,True,6.770325370620753
P0079,D-T025-01,False,423,3880.753875810557,True,6.770325370620753
P0080,D-T004-01,False,426,1059.2665261270254,True,6.75912577467075
P0080,D-T005-01,False,469,2501.4191999055265,True,6.75912577467075
P0080,D-T006-01,False,513,5956.553875810558,True,6.75912577467075
P0080,D-T007-01,False,644,4045.5720874804792,True,6.75912577467075
P0080,D-T008-01,False,320,3292.7443233722756,True,6.75912577467075
P0080,D-T009-01,False,362,5564.730303261622,True,6.75912577467075
P0080,D-T010-01,False,264,3946.8412843290234,True,6.75912577467075
P0080,D-T011-01,False,310,6923.019799924156,True,6.75912577467075
P0080,D-T014-01,False,215,2222.969580175794,True,6.75912577467075
P0080,D-T015-01,False,400,4827.73816962357,True,6.75912577467075
P0080,D-T016-01,True,275,,True,6.75912577467075
P0080,D-T017-01,False,609,8745.331922991456,True,6.75912577467075
P0080,D-T018-01,False,207,2336.408991919634,True,6.75912577467075
P0080,D-T020-01,False,342,7030.7079031794365,True,6.75912577467075
P0080,D-T021-01,False,401,939.8744852701823,True,6.75912577467075
P0080,D-T022-01,True,198,,True,6.75912577467075
P0080,D-T023-01,False,309,2809.549129231771,True,6.75912577467075
P0080,D-T024-01,False,316,5666.833085123698,True,6.75912577467075
P0080,D-T025-01,False,423,3894.753875810557,True,6.75912577467075
P0081,D-T004-01,False,426,1067.2665261270254,True,16.721789977833453
P0081,D-T005-01,False,469,2511.4191999055265,True,16.721789977833453
P0081,D-T006-01,False,513,5972.553875810558,True,16.721789977833453
P0081,D-T007-01,False,644,4065.5720874804792,True,16.721789977833453
P0081,D-T008-01,False,320,3332.7443233722756,True,16.721789977833453
P0081,D-T009-01,False,362,5612.730303261622,True,16.721789977833453
P0081,D-T010-01,True,264,,True,16.721789977833453
P0081,D-T011-01,True,310,,True,16.721789977833453
P0081,D-T014-01,False,215,2238.969580175794,True,16.721789977833453
P0081,D-T015-01,False,400,4829.73816962357,True,16.721789977833453
P0081,D-T016-01,True,275,,True,16.721789977833453
P0081,D-T017-01,False,609,8749.331922991456,True,16.721789977833453
P0081,D-T018-01,False,207,2346.408991919634,True,16.721789977833453
P0081,D-T020-01,False,342,7032.7079031794365,True,16.721789977833453
P0081,D-T021-01,False,401,1000.0828375518597,True,16.721789977833453
P0081,D-T022-01,True,198,,True,16.721789977833453
P0081,D-T023-01,False,309,2842.6710981763977,True,16.721789977833453
P0081,D-T024-01,False,316,5698.833085123698,True,16.721789977833453
P0081,D-T025-01,False,423,3910.753875810557,True,16.721789977833453
P0082,D-T004-01,False,426,1057.2665261270254,True,3.287949623397978
P0082,D-T005-01,False,469,2501.4191999055265,True,3.287949623397978
P0082,D-T006-01,False,513,5938.553875810558,True,3.287949623397978
P0082,D-T007-01,False,644,4023.5720874804792,True,3.287949623397978
P0082,D-T008-01,False,320,3206.8371114095053,True,3.287949623397978
P0082,D-T009-01,False,362,5493.204533691406,True,3.287949623397978
P0082,D-T010-01,True,264,,True,3.287949623397978
P0082,D-T011-01,True,310,,True,3.287949623397978
P0082,D-T014-01,False,215,2204.969580175794,True,3.287949623397978
P0082,D-T015-01,False,400,4661.936444091797,True,3.287949623397978
P0082,D-T016-01,True,275,,True,3.287949623397978
P0082,D-T017-01,False,609,8581.049728822785,True,3.287949623397978
P0082,D-T018-01,False,207,2319.6252990722655,True,3.287949623397978
P0082,D-T020-01,False,342,6868.100309010106,True,3.287949623397978
P0082,D-T021-01,False,401,963.8744852701823,True,3.287949623397978
P0082,D-T022-01,True,198,,True,3.287949623397978
P0082,D-T023-01,False,309,2832.6710981763977,True,3.287949623397978
P0082,D-T024-01,False,316,5660.833085123698,True,3.287949623397978
P0082,D-T025-01,False,423,3876.753875810557,True,3.287949623397978
P0083,D-T004-01,False,426,1065.2665261270254,True,13.280003563325323
P0083,D-T005-01,False,469,2509.4191999055265,True,13.280003563325323
P0083,D-T006-01,False,513,5950.553875810558,True,13.280003563325323
P0083,D-T007-01,False,644,4037.5720874804792,True,13.280003563325323
P0083,D-T008-01,False,320,3318.7443233722756,True,13.280003563325323
P0083,D-T009-01,False,362,5596.730303261622,True,13.280003563325323
P0083,D-T010-01,True,264,,True,13.280003563325323
P0083,D-T011-01,True,310,,True,13.280003563325323
P0083,D-T014-01,False,215,2216.969580175794,True,13.280003563325323
P0083,D-T015-01,False,400,4825.73816962357,True,13.280003563325323
P0083,D-T016-01,True,275,,True,13.280003563325323
P0083,D-T017-01,False,609,8745.331922991456,True,13.280003563325323
P0083,D-T018-01,False,207,2326.408991919634,True,13.280003563325323
P0083,D-T020-01,False,342,7028.7079031794365,True,13.280003563325323
P0083,D-T021-01,False,401,988.0828375518597,True,13.280003563325323
P0083,D-T022-01,True,198,,True,13.280003563325323
P0083,D-T023-01,False,309,2836.6710981763977,True,13.280003563325323
P0083,D-T024-01,False,316,5676.833085123698,True,13.280003563325323
P0083,D-T025-01,False,423,3888.753875810557,True,13.280003563325323
P0084,D-T004-01,False,426,1071.2665261270254,True,13.258363527802047
P0084,D-T005-01,False,469,2517.4191999055265,True,13.258363527802047
P0084,D-T006-01,False,513,5970.553875810558,True,13.258363527802047
P0084,D-T007-01,False,644,4063.5720874804792,True,13.258363527802047
P0084,D-T008-01,False,320,3346.7443233722756,True,13.258363527802047
P0084,D-T009-01,False,362,5630.730303261622,True,13.258363527802047
P0084,D-T010-01,True,264,,True,13.258363527802047
P0084,D-T011-01,True,310,,True,13.258363527802047
P0084,D-T014-01,False,215,2236.969580175794,True,13.258363527802047
P0084,D-T015-01,False,400,4829.73816962357,True,13.258363527802047
P0084,D-T016-01,True,275,,True,13.258363527802047
P0084,D-T017-01,False,609,8747.331922991456,True,13.258363527802047
P0084,D-T018-01,False,207,2336.408991919634,True,13.258363527802047
P0084,D-T020-01,False,342,7032.7079031794365,True,13.258363527802047
P0084,D-T021-01,False,401,1010.0828375518597,True,13.258363527802047
P0084,D-T022-01,True,198,,True,13.258363527802047
P0084,D-T023-01,False,309,2846.6710981763977,True,13.258363527802047
P0084,D-T024-01,False,316,5680.833085123698,True,13.258363527802047
P0084,D-T025-01,False,423,3908.753875810557,True,13.258363527802047
P0085,D-T004-01,True,426,,True,0.7422399701405311
P0085,D-T005-01,True,469,,True,0.7422399701405311
P0085,D-T006-01,False,513,5952.553875810558,True,0.7422399701405311
P0085,D-T007-01,False,644,4041.5720874804792,True,0.7422399701405311
P0085,D-T008-01,False,320,3344.7443233722756,True,0.7422399701405311
P0085,D-T009-01,False,362,5628.730303261622,True,0.7422399701405311
P0085,D-T010-01,True,264,,True,0.7422399701405311
P0085,D-T011-01,True,310,,True,0.7422399701405311
P0085,D-T014-01,False,215,2218.969580175794,True,0.7422399701405311
P0085,D-T015-01,False,400,4833.73816962357,True,0.7422399701405311
P0085,D-T016-01,True,275,,True,0.7422399701405311
P0085,D-T017-01,False,609,8751.331922991456,True,0.7422399701405311
P0085,D-T018-01,False,207,2326.408991919634,True,0.7422399701405311
P0085,D-T020-01,False,342,7036.7079031794365,True,0.7422399701405311
P0085,D-T021-01,False,401,1026.0828375518597,True,0.7422399701405311
P0085,D-T022-01,True,198,,True,0.7422399701405311
P0085,D-T023-01,False,309,2733.549129231771,True,0.7422399701405311
P0085,D-T024-01,False,316,5658.833085123698,True,0.7422399701405311
P0085,D-T025-01,False,423,3890.753875810557,True,0.7422399701405311
P0086,D-T004-01,True,426,,True,10.735205121736215
P0086,D-T005-01,True,469,,True,10.735205121736215
P0086,D-T006-01,False,513,5962.553875810558,True,10.735205121736215
P0086,D-T007-01,False,644,4053.5720874804792,True,10.735205121736215
P0086,D-T008-01,False,320,3350.7443233722756,True,10.735205121736215
P0086,D-T009-01,False,362,5636.730303261622,True,10.735205121736215
P0086,D-T010-01,True,264,,True,10.735205121736215
P0086,D-T011-01,True,310,,True,10.735205121736215
P0086,D-T014-01,False,215,2228.969580175794,True,10.735205121736215
P0086,D-T015-01,False,400,4835.73816962357,True,10.735205121736215
P0086,D-T016-01,True,275,,True,10.735205121736215
P0086,D-T017-01,False,609,8753.331922991456,True,10.735205121736215
P0086,D-T018-01,False,207,2330.408991919634,True,10.735205121736215
P0086,D-T020-01,False,342,7038.7079031794365,True,10.735205121736215
P0086,D-T021-01,False,401,1030.0828375518597,True,10.735205121736215
P0086,D-T022-01,True,198,,True,10.735205121736215
P0086,D-T023-01,False,309,2733.549129231771,True,10.735205121736215
P0086,D-T024-01,False,316,5660.833085123698,True,10.735205121736215
P0086,D-T025-01,False,423,3900.753875810557,True,10.735205121736215
P0087,D-T004-01,True,426,,True,10.718810751693894
P0087,D-T005-01,True,469,,True,10.718810751693894
P0087,D-T006-01,False,513,5972.553875810558,True,10.718810751693894
P0087,D-T007-01,False,644,4065.5720874804792,True,10.718810751693894
P0087,D-T008-01,False,320,3356.7443233722756,True,10.718810751693894
P0087,D-T009-01,False,362,5644.730303261622,True,10.718810751693894
P0087,D-T010-01,True,264,,True,10.718810751693894
P0087,D-T011-01,True,310,,True,10.718810751693894
P0087,D-T014-01,False,215,2238.969580175794,True,10.718810751693894
P0087,D-T015-01,False,400,4841.73816962357,True,10.718810751693894
P0087,D-T016-01,True,275,,True,10.718810751693894
P0087,D-T017-01,False,609,8759.331922991456,True,10.718810751693894
P0087,D-T018-01,False,207,2336.408991919634,True,10.718810751693894
P0087,D-T020-01,False,342,7044.7079031794365,True,10.718810751693894
P0087,D-T021-01,False,401,1032.0828375518597,True,10.718810751693894
P0087,D-T022-01,True,198,,True,10.718810751693894
P0087,D-T023-01,False,309,2733.549129231771,True,10.718810751693894
P0087,D-T024-01,False,316,5662.833085123698,True,10.718810751693894
P0087,D-T025-01,False,423,3910.753875810557,True,10.718810751693894
P0088,D-T004-01,True,426,,True,8.755590782339837
P0088,D-T005-01,True,469,,True,8.755590782339837
P0088,D-T006-01,False,513,5874.491058349609,True,8.755590782339837
P0088,D-T007-01,False,644,3953.5092700195314,True,8.755590782339837
P0088,D-T008-01,True,320,,True,8.755590782339837
P0088,D-T009-01,True,362,,True,8.755590782339837
P0088,D-T010-01,False,264,3948.8412843290234,True,8.755590782339837
P0088,D-T011-01,False,310,6925.019799924156,True,8.755590782339837
P0088,D-T014-01,False,215,2131.391058349609,True,8.755590782339837
P0088,D-T015-01,True,400,,True,8.755590782339837
P0088,D-T016-01,True,275,,True,8.755590782339837
P0088,D-T017-01,True,609,,True,8.755590782339837
P0088,D-T018-01,False,207,2265.6252990722655,True,8.755590782339837
P0088,D-T020-01,True,342,,True,8.755590782339837
P0088,D-T021-01,False,401,1026.0828375518597,True,8.755590782339837
P0088,D-T022-01,True,198,,True,8.755590782339837
P0088,D-T023-01,False,309,2733.549129231771,True,8.755590782339837
P0088,D-T024-01,False,316,5648.833085123698,True,8.755590782339837
P0088,D-T025-01,False,423,3812.691058349609,True,8.755590782339837
P0089,D-T004-01,True,426,,True,7.134393478411582
P0089,D-T005-01,True,469,,True,7.134393478411582
P0089,D-T006-01,False,513,5874.491058349609,True,7.134393478411582
P0089,D-T007-01,False,644,3953.5092700195314,True,7.134393478411582
P0089,D-T008-01,True,320,,True,7.134393478411582
P0089,D-T009-01,True,362,,True,7.134393478411582
P0089,D-T010-01,False,264,3942.8412843290234,True,7.134393478411582
P0089,D-T011-01,False,310,6919.019799924156,True,7.134393478411582
P0089,D-T014-01,False,215,2131.391058349609,True,7.134393478411582
P0089,D-T015-01,True,400,,True,7.134393478411582
P0089,D-T016-01,True,275,,True,7.134393478411582
P0089,D-T017-01,True,609,,True,7.134393478411582
P0089,D-T018-01,False,207,2265.6252990722655,True,7.134393478411582
P0089,D-T020-01,True,342,,True,7.134393478411582
P0089,D-T021-01,False,401,1026.0828375518597,True,7.134393478411582
P0089,D-T022-01,False,198,744.4939412434896,True,7.134393478411582
P0089,D-T023-01,False,309,2733.549129231771,True,7.134393478411582
P0089,D-T024-01,False,316,5562.833085123698,True,7.134393478411582
P0089,D-T025-01,False,423,3812.691058349609,True,7.134393478411582
P0090,D-T004-01,False,426,812.5149475097656,True,5.673920523288672
P0090,D-T005-01,False,469,2296.017937011719,True,5.673920523288672
P0090,D-T006-01,False,513,5874.491058349609,True,5.673920523288672
P0090,D-T007-01,False,644,3953.5092700195314,True,5.673920523288672
P0090,D-T008-01,False,320,3138.8371114095053,True,5.673920523288672
P0090,D-T009-01,False,362,5439.204533691406,True,5.673920523288672
P0090,D-T010-01,False,264,3795.4669311523435,True,5.673920523288672
P0090,D-T011-01,False,310,6783.520317382812,True,5.673920523288672
P0090,D-T014-01,False,215,2131.391058349609,True,5.673920523288672
P0090,D-T015-01,False,400,4563.936444091797,True,5.673920523288672
P0090,D-T016-01,False,275,8729.740901692707,True,5.673920523288672
P0090,D-T017-01,False,609,8065.340901692708,True,5.673920523288672
P0090,D-T018-01,True,207,,True,5.673920523288672
P0090,D-T020-01,False,342,6824.100309010106,True,5.673920523288672
P0090,D-T021-01,False,401,889.8744852701823,True,5.673920523288672
P0090,D-T022-01,True,198,,True,5.673920523288672
P0090,D-T023-01,False,309,2876.6710981763977,True,5.673920523288672
P0090,D-T024-01,False,316,5562.833085123698,True,5.673920523288672
P0090,D-T025-01,False,423,3812.691058349609,True,5.673920523288672
P0091,D-T004-01,False,426,812.5149475097656,True,5.642777948982854
P0091,D-T005-01,False,469,2296.017937011719,True,5.642777948982854
P0091,D-T006-01,False,513,5874.491058349609,True,5.642777948982854
P0091,D-T007-01,False,644,3953.5092700195314,True,5.642777948982854
P0091,D-T008-01,False,320,3138.8371114095053,True,5.642777948982854
P0091,D-T009-01,False,362,5439.204533691406,True,5.642777948982854
P0091,D-T010-01,False,264,3795.4669311523435,True,5.642777948982854
P0091,D-T011-01,False,310,6783.520317382812,True,5.642777948982854
P0091,D-T014-01,False,215,2131.391058349609,True,5.642777948982854
P0091,D-T015-01,False,400,4563.936444091797,True,5.642777948982854
P0091,D-T016-01,False,275,8729.740901692707,True,5.642777948982854
P0091,D-T017-01,False,609,8065.340901692708,True,5.642777948982854
P0091,D-T018-01,True,207,,True,5.642777948982854
P0091,D-T020-01,False,342,6824.100309010106,True,5.642777948982854
P0091,D-T021-01,False,401,889.8744852701823,True,5.642777948982854
P0091,D-T022-01,True,198,,True,5.642777948982854
P0091,D-T023-01,False,309,2886.6710981763977,True,5.642777948982854
P0091,D-T024-01,False,316,5562.833085123698,True,5.642777948982854
P0091,D-T025-01,False,423,3812.691058349609,True,5.642777948982854
P0092,D-T004-01,False,426,812.5149475097656,True,5.576979295236029
P0092,D-T005-01,False,469,2296.017937011719,True,5.576979295236029
P0092,D-T006-01,False,513,5874.491058349609,True,5.576979295236029
P0092,D-T007-01,False,644,3953.5092700195314,True,5.576979295236029
P0092,D-T008-01,False,320,3138.8371114095053,True,5.576979295236029
P0092,D-T009-01,False,362,5439.204533691406,True,5.576979295236029
P0092,D-T010-01,False,264,3795.4669311523435,True,5.576979295236029
P0092,D-T011-01,False,310,6783.520317382812,True,5.576979295236029
P0092,D-T014-01,False,215,2131.391058349609,True,5.576979295236029
P0092,D-T015-01,False,400,4563.936444091797,True,5.576979295236029
P0092,D-T016-01,False,275,8727.740901692707,True,5.576979295236029
P0092,D-T017-01,False,609,8063.340901692708,True,5.576979295236029
P0092,D-T018-01,True,207,,True,5.576979295236029
P0092,D-T020-01,False,342,6824.100309010106,True,5.576979295236029
P0092,D-T021-01,False,401,889.8744852701823,True,5.576979295236029
P0092,D-T022-01,True,198,,True,5.576979295236029
P0092,D-T023-01,False,309,2902.6710981763977,True,5.576979295236029
P0092,D-T024-01,False,316,5562.833085123698,True,5.576979295236029
P0092,D-T025-01,False,423,3812.691058349609,True,5.576979295236029
P0093,D-T004-01,False,426,752.5149475097656,True,7.371854433392542
P0093,D-T005-01,False,469,2248.017937011719,True,7.371854433392542
P0093,D-T006-01,False,513,5874.491058349609,True,7.371854433392542
P0093,D-T007-01,False,644,3953.5092700195314,True,7.371854433392542
P0093,D-T008-01,False,320,3138.8371114095053,True,7.371854433392542
P0093,D-T009-01,False,362,5439.204533691406,True,7.371854433392542
P0093,D-T010-01,False,264,3805.4669311523435,True,7.371854433392542
P0093,D-T011-01,False,310,6791.520317382812,True,7.371854433392542
P0093,D-T014-01,False,215,2131.391058349609,True,7.371854433392542
P0093,D-T015-01,False,400,4585.936444091797,True,7.371854433392542
P0093,D-T016-01,False,275,8657.740901692707,True,7.371854433392542
P0093,D-T017-01,False,609,8007.340901692708,True,7.371854433392542
P0093,D-T018-01,False,207,2281.6252990722655,True,7.371854433392542
P0093,D-T020-01,False,342,6824.100309010106,True,7.371854433392542
P0093,D-T021-01,False,401,883.8744852701823,True,7.371854433392542
P0093,D-T022-01,False,198,760.4939412434896,True,7.371854433392542
P0093,D-T023-01,False,309,2807.549129231771,True,7.371854433392542
P0093,D-T024-01,False,316,5568.833085123698,True,7.371854433392542
P0093,D-T025-01,False,423,3812.691058349609,True,7.371854433392542
P0094,D-T004-01,False,426,954.5149475097656,True,7.34397388839534
P0094,D-T005-01,False,469,2408.017937011719,True,7.34397388839534
P0094,D-T006-01,False,513,5874.491058349609,True,7.34397388839534
P0094,D-T007-01,False,644,3953.5092700195314,True,7.34397388839534
P0094,D-T008-01,False,320,3138.8371114095053,True,7.34397388839534
P0094,D-T009-01,False,362,5439.204533691406,True,7.34397388839534
P0094,D-T010-01,False,264,3899.4669311523435,True,7.34397388839534
P0094,D-T011-01,False,310,6867.520317382812,True,7.34397388839534
P0094,D-T014-01,False,215,2131.391058349609,True,7.34397388839534
P0094,D-T015-01,False,400,4585.936444091797,True,7.34397388839534
P0094,D-T016-01,True,275,,True,7.34397388839534
P0094,D-T017-01,False,609,8459.049728822785,True,7.34397388839534
P0094,D-T018-01,True,207,,True,7.34397388839534
P0094,D-T020-01,False,342,6824.100309010106,True,7.34397388839534
P0094,D-T021-01,False,401,1000.0828375518597,True,7.34397388839534
P0094,D-T022-01,True,198,,True,7.34397388839534
P0094,D-T023-01,False,309,2825.549129231771,True,7.34397388839534
P0094,D-T024-01,False,316,5568.833085123698,True,7.34397388839534
P0094,D-T025-01,False,423,3812.691058349609,True,7.34397388839534
P0095,D-T004-01,False,426,952.5149475097656,True,17.27660753568874
P0095,D-T005-01,False,469,2408.017937011719,True,17.27660753568874
P0095,D-T006-01,False,513,5874.491058349609,True,17.27660753568874
P0095,D-T007-01,False,644,3953.5092700195314,True,17.27660753568874
P0095,D-T008-01,False,320,3138.8371114095053,True,17.27660753568874
P0095,D-T009-01,False,362,5439.204533691406,True,17.27660753568874
P0095,D-T010-01,False,264,3899.4669311523435,True,17.27660753568874
P0095,D-T011-01,False,310,6867.520317382812,True,17.27660753568874
P0095,D-T014-01,False,215,2131.391058349609,True,17.27660753568874
P0095,D-T015-01,False,400,4585.936444091797,True,17.27660753568874
P0095,D-T016-01,True,275,,True,17.27660753568874
P0095,D-T017-01,False,609,8457.049728822785,True,17.27660753568874
P0095,D-T018-01,True,207,,True,17.27660753568874
P0095,D-T020-01,False,342,6824.100309010106,True,17.27660753568874
P0095,D-T021-01,False,401,1024.0828375518597,True,17.27660753568874
P0095,D-T022-01,True,198,,True,17.27660753568874
P0095,D-T023-01,False,309,2850.6710981763977,True,17.27660753568874
P0095,D-T024-01,False,316,5568.833085123698,True,17.27660753568874
P0095,D-T025-01,False,423,3812.691058349609,True,17.27660753568874
P0096,D-T004-01,False,426,1053.2665261270254,True,6.728684582660563
P0096,D-T005-01,False,469,2493.4191999055265,True,6.728684582660563
P0096,D-T006-01,False,513,5886.491058349609,True,6.728684582660563
P0096,D-T007-01,False,644,3965.5092700195314,True,6.728684582660563
P0096,D-T008-01,False,320,3238.8371114095053,True,6.728684582660563
P0096,D-T009-01,False,362,5519.204533691406,True,6.728684582660563
P0096,D-T010-01,False,264,3934.8412843290234,True,6.728684582660563
P0096,D-T011-01,False,310,6907.019799924156,True,6.728684582660563
P0096,D-T014-01,False,215,2145.391058349609,True,6.728684582660563
P0096,D-T015-01,False,400,4671.936444091797,True,6.728684582660563
P0096,D-T016-01,False,275,8824.52376584619,True,6.728684582660563
P0096,D-T017-01,False,609,8145.167193015494,True,6.728684582660563
P0096,D-T018-01,True,207,,True,6.728684582660563
P0096,D-T020-01,False,342,6852.100309010106,True,6.728684582660563
P0096,D-T021-01,False,401,929.8744852701823,True,6.728684582660563
P0096,D-T022-01,False,198,815.5242111000066,True,6.728684582660563
P0096,D-T023-01,False,309,2809.549129231771,True,6.728684582660563
P0096,D-T024-01,False,316,5630.833085123698,True,6.728684582660563
P0096,D-T025-01,False,423,3824.691058349609,True,6.728684582660563
P0097,D-T004-01,False,426,1055.2665261270254,True,6.705811676302162
P0097,D-T005-01,False,469,2497.4191999055265,True,6.705811676302162
P0097,D-T006-01,False,513,5886.491058349609,True,6.705811676302162
P0097,D-T007-01,False,644,3965.5092700195314,True,6.705811676302162
P0097,D-T008-01,False,320,3238.8371114095053,True,6.705811676302162
P0097,D-T009-01,False,362,5519.204533691406,True,6.705811676302162
P0097,D-T010-01,False,264,3944.8412843290234,True,6.705811676302162
P0097,D-T011-01,False,310,6921.019799924156,True,6.705811676302162
P0097,D-T014-01,False,215,2145.391058349609,True,6.705811676302162
P0097,D-T015-01,False,400,4671.936444091797,True,6.705811676302162
P0097,D-T016-01,True,275,,True,6.705811676302162
P0097,D-T017-01,False,609,8579.049728822785,True,6.705811676302162
P0097,D-T018-01,True,207,,True,6.705811676302162
P0097,D-T020-01,False,342,6852.100309010106,True,6.705811676302162
P0097,D-T021-01,False,401,986.0828375518597,True,6.705811676302162
P0097,D-T022-01,False,198,822.5169405921941,True,6.705811676302162
P0097,D-T023-01,False,309,2817.549129231771,True,6.705811676302162
P0097,D-T024-01,False,316,5632.833085123698,True,6.705811676302162
P0097,D-T025-01,False,423,3824.691058349609,True,6.705811676302162
P0098,D-T004-01,False,426,1061.2665261270254,True,16.649531868797283
P0098,D-T005-01,False,469,2503.4191999055265,True,16.649531868797283
P0098,D-T006-01,False,513,5886.491058349609,True,16.649531868797283
P0098,D-T007-01,False,644,3965.5092700195314,True,16.649531868797283
P0098,D-T008-01,False,320,3238.8371114095053,True,16.649531868797283
P0098,D-T009-01,False,362,5519.204533691406,True,16.649531868797283
P0098,D-T010-01,True,264,,True,16.649531868797283
P0098,D-T011-01,True,310,,True,16.649531868797283
P0098,D-T014-01,False,215,2145.391058349609,True,16.649531868797283
P0098,D-T015-01,False,400,4671.936444091797,True,16.649531868797283
P0098,D-T016-01,True,275,,True,16.649531868797283
P0098,D-T017-01,False,609,8579.049728822785,True,16.649531868797283
P0098,D-T018-01,True,207,,True,16.649531868797283
P0098,D-T020-01,False,342,6852.100309010106,True,16.649531868797283
P0098,D-T021-01,False,401,1014.0828375518597,True,16.649531868797283
P0098,D-T022-01,True,198,,True,16.649531868797283
P0098,D-T023-01,False,309,2846.6710981763977,True,16.649531868797283
P0098,D-T024-01,False,316,5632.833085123698,True,16.649531868797283
P0098,D-T025-01,False,423,3824.691058349609,True,16.649531868797283
P0099,D-T004-01,False,426,1045.2665261270254,True,4.488113082847775
P0099,D-T005-01,False,469,2485.4191999055265,True,4.488113082847775
P0099,D-T006-01,False,513,5890.491058349609,True,4.488113082847775
P0099,D-T007-01,False,644,3969.5092700195314,True,4.488113082847775
P0099,D-T008-01,False,320,3322.7443233722756,True,4.488113082847775
P0099,D-T009-01,False,362,5600.730303261622,True,4.488113082847775
P0099,D-T010-01,False,264,3908.8412843290234,True,4.488113082847775
P0099,D-T011-01,False,310,6877.019799924156,True,4.488113082847775
P0099,D-T014-01,False,215,2151.391058349609,True,4.488113082847775
P0099,D-T015-01,False,400,4757.936444091797,True,4.488113082847775
P0099,D-T016-01,False,275,8806.52376584619,True,4.488113082847775
P0099,D-T017-01,False,609,8127.167193015494,True,4.488113082847775
P0099,D-T018-01,False,207,2305.6252990722655,True,4.488113082847775
P0099,D-T020-01,False,342,6942.100309010106,True,4.488113082847775
P0099,D-T021-01,False,401,982.0828375518597,True,4.488113082847775
P0099,D-T022-01,True,198,,True,4.488113082847775
P0099,D-T023-01,False,309,2799.549129231771,True,4.488113082847775
P0099,D-T024-01,False,316,5676.833085123698,True,4.488113082847775
P0099,D-T025-01,False,423,3828.691058349609,True,4.488113082847775
P0100,D-T004-01,False,426,1055.2665261270254,True,4.477096849523349
P0100,D-T005-01,False,469,2497.4191999055265,True,4.477096849523349
P0100,D-T006-01,False,513,5890.491058349609,True,4.477096849523349
P0100,D-T007-01,False,644,3969.5092700195314,True,4.477096849523349
P0100,D-T008-01,False,320,3338.7443233722756,True,4.477096849523349
P0100,D-T009-01,False,362,5620.730303261622,True,4.477096849523349
P0100,D-T010-01,False,264,3922.8412843290234,True,4.477096849523349
P0100,D-T011-01,False,310,6893.019799924156,True,4.477096849523349
P0100,D-T014-01,False,215,2151.391058349609,True,4.477096849523349
P0100,D-T015-01,False,400,4757.936444091797,True,4.477096849523349
P0100,D-T016-01,True,275,,True,4.477096849523349
P0100,D-T017-01,False,609,8673.049728822785,True,4.477096849523349
P0100,D-T018-01,False,207,2336.408991919634,True,4.477096849523349
P0100,D-T020-01,False,342,6942.100309010106,True,4.477096849523349
P0100,D-T021-01,False,401,1002.0828375518597,True,4.477096849523349
P0100,D-T022-01,True,198,,True,4.477096849523349
P0100,D-T023-01,False,309,2832.6710981763977,True,4.477096849523349
P0100,D-T024-01,False,316,5676.833085123698,True,4.477096849523349
P0100,D-T025-01,False,423,3828.691058349609,True,4.477096849523349
P0101,D-T004-01,False,426,1063.2665261270254,True,14.447710805307551
P0101,D-T005-01,False,469,2507.4191999055265,True,14.447710805307551
P0101,D-T006-01,False,513,5890.491058349609,True,14.447710805307551
P0101,D-T007-01,False,644,3969.5092700195314,True,14.447710805307551
P0101,D-T008-01,False,320,3344.7443233722756,True,14.447710805307551
P0101,D-T009-01,False,362,5628.730303261622,True,14.447710805307551
P0101,D-T010-01,False,264,3946.8412843290234,True,14.447710805307551
P0101,D-T011-01,False,310,6923.019799924156,True,14.447710805307551
P0101,D-T014-01,False,215,2151.391058349609,True,14.447710805307551
P0101,D-T015-01,False,400,4757.936444091797,True,14.447710805307551
P0101,D-T016-01,True,275,,True,14.447710805307551
P0101,D-T017-01,False,609,8673.049728822785,True,14.447710805307551
P0101,D-T018-01,False,207,2348.408991919634,True,14.447710805307551
P0101,D-T020-01,False,342,6942.100309010106,True,14.447710805307551
P0101,D-T021-01,False,401,1030.0828375518597,True,14.447710805307551
P0101,D-T022-01,True,198,,True,14.447710805307551
P0101,D-T023-01,False,309,2846.6710981763977,True,14.447710805307551
P0101,D-T024-01,False,316,5676.833085123698,True,14.447710805307551
P0101,D-T025-01,False,423,3828.691058349609,True,14.447710805307551
P0102,D-T004-01,False,426,1051.2665261270254,True,2.1174397582333597
P0102,D-T005-01,False,469,2493.4191999055265,True,2.1174397582333597
P0102,D-T006-01,False,513,5874.491058349609,True,2.1174397582333597
P0102,D-T007-01,False,644,3953.5092700195314,True,2.1174397582333597
P0102,D-T008-01,False,320,3340.7443233722756,True,2.1174397582333597
P0102,D-T009-01,False,362,5622.730303261622,True,2.1174397582333597
P0102,D-T010-01,False,264,3857.4669311523435,True,2.1174397582333597
P0102,D-T011-01,False,310,6833.520317382812,True,2.1174397582333597
P0102,D-T014-01,False,215,2131.391058349609,True,2.1174397582333597
P0102,D-T015-01,False,400,4775.936444091797,True,2.1174397582333597
P0102,D-T016-01,True,275,,True,2.1174397582333597
P0102,D-T017-01,False,609,8587.049728822785,True,2.1174397582333597
P0102,D-T018-01,False,207,2305.6252990722655,True,2.1174397582333597
P0102,D-T020-01,False,342,6978.100309010106,True,2.1174397582333597
P0102,D-T021-01,False,401,911.8744852701823,True,2.1174397582333597
P0102,D-T022-01,True,198,,True,2.1174397582333597
P0102,D-T023-01,False,309,2850.6710981763977,True,2.1174397582333597
P0102,D-T024-01,False,316,5676.833085123698,True,2.1174397582333597
P0102,D-T025-01,False,423,3812.691058349609,True,2.1174397582333597
P0103,D-T004-01,False,426,1059.2665261270254,True,2.1108125892607035
P0103,D-T005-01,False,469,2501.4191999055265,True,2.1108125892607035
P0103,D-T006-01,False,513,5874.491058349609,True,2.1108125892607035
P0103,D-T007-01,False,644,3953.5092700195314,True,2.1108125892607035
P0103,D-T008-01,False,320,3344.7443233722756,True,2.1108125892607035
P0103,D-T009-01,False,362,5628.730303261622,True,2.1108125892607035
P0103,D-T010-01,False,264,3924.8412843290234,True,2.1108125892607035
P0103,D-T011-01,False,310,6895.019799924156,True,2.1108125892607035
P0103,D-T014-01,False,215,2131.391058349609,True,2.1108125892607035
P0103,D-T015-01,False,400,4829.73816962357,True,2.1108125892607035
P0103,D-T016-01,True,275,,True,2.1108125892607035
P0103,D-T017-01,False,609,8749.331922991456,True,2.1108125892607035
P0103,D-T018-01,False,207,2320.408991919634,True,2.1108125892607035
P0103,D-T020-01,False,342,7032.7079031794365,True,2.1108125892607035
P0103,D-T021-01,False,401,1002.0828375518597,True,2.1108125892607035
P0103,D-T022-01,True,198,,True,2.1108125892607035
P0103,D-T023-01,False,309,2856.6710981763977,True,2.1108125892607035
P0103,D-T024-01,False,316,5676.833085123698,True,2.1108125892607035
P0103,D-T025-01,False,423,3812.691058349609,True,2.1108125892607035
P0104,D-T004-01,False,426,1069.2665261270254,True,12.093345575493657
P0104,D-T005-01,False,469,2515.4191999055265,True,12.093345575493657
P0104,D-T006-01,False,513,5874.491058349609,True,12.093345575493657
P0104,D-T007-01,False,644,3953.5092700195314,True,12.093345575493657
P0104,D-T008-01,False,320,3350.7443233722756,True,12.093345575493657
P0104,D-T009-01,False,362,5636.730303261622,True,12.093345575493657
P0104,D-T010-01,False,264,3952.8412843290234,True,12.093345575493657
P0104,D-T011-01,False,310,6931.019799924156,True,12.093345575493657
P0104,D-T014-01,False,215,2131.391058349609,True,12.093345575493657
P0104,D-T015-01,False,400,4833.73816962357,True,12.093345575493657
P0104,D-T016-01,True,275,,True,12.093345575493657
P0104,D-T017-01,False,609,8751.331922991456,True,12.093345575493657
P0104,D-T018-01,False,207,2330.408991919634,True,12.093345575493657
P0104,D-T020-01,False,342,7036.7079031794365,True,12.093345575493657
P0104,D-T021-01,True,401,,True,12.093345575493657
P0104,D-T022-01,True,198,,True,12.093345575493657
P0104,D-T023-01,False,309,2868.6710981763977,True,12.093345575493657
P0104,D-T024-01,False,316,5680.833085123698,True,12.093345575493657
P0104,D-T025-01,False,423,3812.691058349609,True,12.093345575493657
P0105,D-T004-01,True,426,,True,0.058180874728321896
P0105,D-T005-01,True,469,,True,0.058180874728321896
P0105,D-T006-01,False,513,5874.491058349609,True,0.058180874728321896
P0105,D-T007-01,False,644,3953.5092700195314,True,0.058180874728321896
P0105,D-T008-01,False,320,3338.7443233722756,True,0.058180874728321896
P0105,D-T009-01,False,362,5622.730303261622,True,0.058180874728321896
P0105,D-T010-01,False,264,3795.4669311523435,True,0.058180874728321896
P0105,D-T011-01,False,310,6783.520317382812,True,0.058180874728321896
P0105,D-T014-01,False,215,2131.391058349609,True,0.058180874728321896
P0105,D-T015-01,False,400,4587.936444091797,True,0.058180874728321896
P0105,D-T016-01,True,275,,True,0.058180874728321896
P0105,D-T017-01,False,609,8753.331922991456,True,0.058180874728321896
P0105,D-T018-01,False,207,2297.6252990722655,True,0.058180874728321896
P0105,D-T020-01,False,342,6824.100309010106,True,0.058180874728321896
P0105,D-T021-01,False,401,911.8744852701823,True,0.058180874728321896
P0105,D-T022-01,False,198,809.5242111000066,True,0.058180874728321896
P0105,D-T023-01,False,309,2779.549129231771,True,0.058180874728321896
P0105,D-T024-01,False,316,5660.833085123698,True,0.058180874728321896
P0105,D-T025-01,False,423,3812.691058349609,True,0.058180874728321896
P0106,D-T004-01,True,426,,True,0.05449330830062138
P0106,D-T005-01,True,469,,True,0.05449330830062138
P0106,D-T006-01,False,513,5874.491058349609,True,0.05449330830062138
P0106,D-T007-01,False,644,3953.5092700195314,True,0.05449330830062138
P0106,D-T008-01,False,320,3352.7443233722756,True,0.05449330830062138
P0106,D-T009-01,False,362,5638.730303261622,True,0.05449330830062138
P0106,D-T010-01,False,264,3916.8412843290234,True,0.05449330830062138
P0106,D-T011-01,False,310,6887.019799924156,True,0.05449330830062138
P0106,D-T014-01,False,215,2131.391058349609,True,0.05449330830062138
P0106,D-T015-01,False,400,4841.73816962357,True,0.05449330830062138
P0106,D-T016-01,True,275,,True,0.05449330830062138
P0106,D-T017-01,False,609,8761.331922991456,True,0.05449330830062138
P0106,D-T018-01,False,207,2313.6252990722655,True,0.05449330830062138
P0106,D-T020-01,False,342,7044.7079031794365,True,0.05449330830062138
P0106,D-T021-01,False,401,1024.0828375518597,True,0.05449330830062138
P0106,D-T022-01,True,198,,True,0.05449330830062138
P0106,D-T023-01,False,309,2779.549129231771,True,0.05449330830062138
P0106,D-T024-01,False,316,5662.833085123698,True,0.05449330830062138
P0106,D-T025-01,False,423,3812.691058349609,True,0.05449330830062138
P0107,D-T004-01,True,426,,True,0.04433507547003046
P0107,D-T005-01,True,469,,True,0.04433507547003046
P0107,D-T006-01,False,513,5874.491058349609,True,0.04433507547003046
P0107,D-T007-01,False,644,3953.5092700195314,True,0.04433507547003046
P0107,D-T008-01,False,320,3356.7443233722756,True,0.04433507547003046
P0107,D-T009-01,False,362,5642.730303261622,True,0.04433507547003046
P0107,D-T010-01,False,264,3936.8412843290234,True,0.04433507547003046
P0107,D-T011-01,False,310,6911.019799924156,True,0.04433507547003046
P0107,D-T014-01,False,215,2131.391058349609,True,0.04433507547003046
P0107,D-T015-01,True,400,,True,0.04433507547003046
P0107,D-T016-01,True,275,,True,0.04433507547003046
P0107,D-T017-01,True,609,,True,0.04433507547003046
P0107,D-T018-01,False,207,2319.6252990722655,True,0.04433507547003046
P0107,D-T020-01,True,342,,True,0.04433507547003046
P0107,D-T021-01,False,401,1030.0828375518597,True,0.04433507547003046
P0107,D-T022-01,True,198,,True,0.04433507547003046
P0107,D-T023-01,False,309,2779.549129231771,True,0.04433507547003046
P0107,D-T024-01,False,316,5662.833085123698,True,0.04433507547003046
P0107,D-T025-01,False,423,3812.691058349609,True,0.04433507547003046
P0108,D-T004-01,False,426,750.5149475097656,True,2.7738697718458667
P0108,D-T005-01,False,469,2246.017937011719,True,2.7738697718458667
P0108,D-T006-01,False,513,5874.491058349609,True,2.7738697718458667
P0108,D-T007-01,False,644,3953.5092700195314,True,2.7738697718458667
P0108,D-T008-01,False,320,3138.8371114095053,True,2.7738697718458667
P0108,D-T009-01,False,362,5439.204533691406,True,2.7738697718458667
P0108,D-T010-01,False,264,3795.4669311523435,True,2.7738697718458667
P0108,D-T011-01,False,310,6783.520317382812,True,2.7738697718458667
P0108,D-T014-01,False,215,2131.391058349609,True,2.7738697718458667
P0108,D-T015-01,False,400,4563.936444091797,True,2.7738697718458667
P0108,D-T016-01,False,275,8657.740901692707,True,2.7738697718458667
P0108,D-T017-01,False,609,8007.340901692708,True,2.7738697718458667
P0108,D-T018-01,False,207,2265.6252990722655,True,2.7738697718458667
P0108,D-T020-01,False,342,6824.100309010106,True,2.7738697718458667
P0108,D-T021-01,False,401,749.8744852701823,True,2.7738697718458667
P0108,D-T022-01,False,198,744.4939412434896,True,2.7738697718458667
P0108,D-T023-01,True,309,,True,2.7738697718458667
P0108,D-T024-01,False,316,5562.833085123698,True,2.7738697718458667
P0108,D-T025-01,False,423,3812.691058349609,True,2.7738697718458667
P0109,D-T004-01,False,426,754.5149475097656,True,2.7635235746552382
P0109,D-T005-01,False,469,2250.017937011719,True,2.7635235746552382
P0109,D-T006-01,False,513,5874.491058349609,True,2.7635235746552382
P0109,D-T007-01,False,644,3953.5092700195314,True,2.7635235746552382
P0109,D-T008-01,False,320,3138.8371114095053,True,2.7635235746552382
P0109,D-T009-01,False,362,5439.204533691406,True,2.7635235746552382
P0109,D-T010-01,False,264,3795.4669311523435,True,2.7635235746552382
P0109,D-T011-01,False,310,6783.520317382812,True,2.7635235746552382
P0109,D-T014-01,False,215,2131.391058349609,True,2.7635235746552382
P0109,D-T015-01,False,400,4563.936444091797,True,2.7635235746552382
P0109,D-T016-01,False,275,8657.740901692707,True,2.7635235746552382
P0109,D-T017-01,False,609,8007.340901692708,True,2.7635235746552382
P0109,D-T018-01,False,207,2265.6252990722655,True,2.7635235746552382
P0109,D-T020-01,False,342,6824.100309010106,True,2.7635235746552382
P0109,D-T021-01,False,401,749.8744852701823,True,2.7635235746552382
P0109,D-T022-01,False,198,744.4939412434896,True,2.7635235746552382
P0109,D-T023-01,True,309,,True,2.7635235746552382
P0109,D-T024-01,False,316,5562.833085123698,True,2.7635235746552382
P0109,D-T025-01,False,423,3812.691058349609,True,2.7635235746552382
P0110,D-T004-01,False,426,768.5149475097656,True,2.7388567844428735
P0110,D-T005-01,False,469,2262.017937011719,True,2.7388567844428735
P0110,D-T006-01,False,513,5874.491058349609,True,2.7388567844428735
P0110,D-T007-01,False,644,3953.5092700195314,True,2.7388567844428735
P0110,D-T008-01,False,320,3138.8371114095053,True,2.7388567844428735
P0110,D-T009-01,False,362,5439.204533691406,True,2.7388567844428735
P0110,D-T010-01,False,264,3795.4669311523435,True,2.7388567844428735
P0110,D-T011-01,False,310,6783.520317382812,True,2.7388567844428735
P0110,D-T014-01,False,215,2131.391058349609,True,2.7388567844428735
P0110,D-T015-01,False,400,4563.936444091797,True,2.7388567844428735
P0110,D-T016-01,False,275,8691.740901692707,True,2.7388567844428735
P0110,D-T017-01,False,609,8033.340901692708,True,2.7388567844428735
P0110,D-T018-01,False,207,2350.408991919634,True,2.7388567844428735
P0110,D-T020-01,False,342,6824.100309010106,True,2.7388567844428735
P0110,D-T021-01,False,401,911.8744852701823,True,2.7388567844428735
P0110,D-T022-01,False,198,815.5242111000066,True,2.7388567844428735
P0110,D-T023-01,True,309,,True,2.7388567844428735
P0110,D-T024-01,False,316,5562.833085123698,True,2.7388567844428735
P0110,D-T025-01,False,423,3812.691058349609,True,2.7388567844428735
P0111,D-T004-01,False,426,930.5149475097656,True,3.5277931689411304
P0111,D-T005-01,False,469,2390.017937011719,True,3.5277931689411304
P0111,D-T006-01,False,513,5874.491058349609,True,3.5277931689411304
P0111,D-T007-01,False,644,3953.5092700195314,True,3.5277931689411304
P0111,D-T008-01,False,320,3138.8371114095053,True,3.5277931689411304
P0111,D-T009-01,False,362,5439.204533691406,True,3.5277931689411304
P0111,D-T010-01,False,264,3811.4669311523435,True,3.5277931689411304
P0111,D-T011-01,False,310,6797.520317382812,True,3.5277931689411304
P0111,D-T014-01,False,215,2131.391058349609,True,3.5277931689411304
P0111,D-T015-01,False,400,4563.936444091797,True,3.5277931689411304
P0111,D-T016-01,False,275,8812.52376584619,True,3.5277931689411304
P0111,D-T017-01,False,609,8133.167193015494,True,3.5277931689411304
P0111,D-T018-01,True,207,,True,3.5277931689411304
P0111,D-T020-01,False,342,6824.100309010106,True,3.5277931689411304
P0111,D-T021-01,False,401,893.8744852701823,True,3.5277931689411304
P0111,D-T022-01,False,198,798.4939412434896,True,3.5277931689411304
P0111,D-T023-01,True,309,,True,3.5277931689411304
P0111,D-T024-01,False,316,5562.833085123698,True,3.5277931689411304
P0111,D-T025-01,False,423,3812.691058349609,True,3.5277931689411304
P0112,D-T004-01,False,426,930.5149475097656,True,3.512280196190332
P0112,D-T005-01,False,469,2390.017937011719,True,3.512280196190332
P0112,D-T006-01,False,513,5874.491058349609,True,3.512280196190332
P0112,D-T007-01,False,644,3953.5092700195314,True,3.512280196190332
P0112,D-T008-01,False,320,3138.8371114095053,True,3.512280196190332
P0112,D-T009-01,False,362,5439.204533691406,True,3.512280196190332
P0112,D-T010-01,False,264,3811.4669311523435,True,3.512280196190332
P0112,D-T011-01,False,310,6797.520317382812,True,3.512280196190332
P0112,D-T014-01,False,215,2131.391058349609,True,3.512280196190332
P0112,D-T015-01,False,400,4563.936444091797,True,3.512280196190332
P0112,D-T016-01,False,275,8820.52376584619,True,3.512280196190332
P0112,D-T017-01,False,609,8141.167193015494,True,3.512280196190332
P0112,D-T018-01,True,207,,True,3.512280196190332
P0112,D-T020-01,False,342,6824.100309010106,True,3.512280196190332
P0112,D-T021-01,False,401,1022.0828375518597,True,3.512280196190332
P0112,D-T022-01,False,198,815.5242111000066,True,3.512280196190332
P0112,D-T023-01,True,309,,True,3.512280196190332
P0112,D-T024-01,False,316,5562.833085123698,True,3.512280196190332
P0112,D-T025-01,False,423,3812.691058349609,True,3.512280196190332
P0113,D-T004-01,False,426,928.5149475097656,True,3.4776818916011507
P0113,D-T005-01,False,469,2390.017937011719,True,3.4776818916011507
P0113,D-T006-01,False,513,5874.491058349609,True,3.4776818916011507
P0113,D-T007-01,False,644,3953.5092700195314,True,3.4776818916011507
P0113,D-T008-01,False,320,3138.8371114095053,True,3.4776818916011507
P0113,D-T009-01,False,362,5439.204533691406,True,3.4776818916011507
P0113,D-T010-01,False,264,3811.4669311523435,True,3.4776818916011507
P0113,D-T011-01,False,310,6795.520317382812,True,3.4776818916011507
P0113,D-T014-01,False,215,2131.391058349609,True,3.4776818916011507
P0113,D-T015-01,False,400,4563.936444091797,True,3.4776818916011507
P0113,D-T016-01,True,275,,True,3.4776818916011507
P0113,D-T017-01,False,609,8421.049728822785,True,3.4776818916011507
P0113,D-T018-01,True,207,,True,3.4776818916011507
P0113,D-T020-01,False,342,6824.100309010106,True,3.4776818916011507
P0113,D-T021-01,True,401,,True,3.4776818916011507
P0113,D-T022-01,True,198,,True,3.4776818916011507
P0113,D-T023-01,True,309,,True,3.4776818916011507
P0113,D-T024-01,False,316,5562.833085123698,True,3.4776818916011507
P0113,D-T025-01,False,423,3812.691058349609,True,3.4776818916011507
P0114,D-T004-01,False,426,1053.2665261270254,True,3.2506575732253964
P0114,D-T005-01,False,469,2495.4191999055265,True,3.2506575732253964
P0114,D-T006-01,False,513,5874.491058349609,True,3.2506575732253964
P0114,D-T007-01,False,644,3953.5092700195314,True,3.2506575732253964
P0114,D-T008-01,False,320,3174.8371114095053,True,3.2506575732253964
P0114,D-T009-01,False,362,5467.204533691406,True,3.2506575732253964
P0114,D-T010-01,False,264,3922.8412843290234,True,3.2506575732253964
P0114,D-T011-01,False,310,6895.019799924156,True,3.2506575732253964
P0114,D-T014-01,False,215,2131.391058349609,True,3.2506575732253964
P0114,D-T015-01,False,400,4581.936444091797,True,3.2506575732253964
P0114,D-T016-01,False,275,8818.52376584619,True,3.2506575732253964
P0114,D-T017-01,False,609,8139.167193015494,True,3.2506575732253964
P0114,D-T018-01,True,207,,True,3.2506575732253964
P0114,D-T020-01,False,342,6824.100309010106,True,3.2506575732253964
P0114,D-T021-01,False,401,1010.0828375518597,True,3.2506575732253964
P0114,D-T022-01,True,198,,True,3.2506575732253964
P0114,D-T023-01,True,309,,True,3.2506575732253964
P0114,D-T024-01,False,316,5562.833085123698,True,3.2506575732253964
P0114,D-T025-01,False,423,3812.691058349609,True,3.2506575732253964
P0115,D-T004-01,False,426,1057.2665261270254,True,3.2363694028269805
P0115,D-T005-01,False,469,2501.4191999055265,True,3.2363694028269805
P0115,D-T006-01,False,513,5874.491058349609,True,3.2363694028269805
P0115,D-T007-01,False,644,3953.5092700195314,True,3.2363694028269805
P0115,D-T008-01,False,320,3174.8371114095053,True,3.2363694028269805
P0115,D-T009-01,False,362,5467.204533691406,True,3.2363694028269805
P0115,D-T010-01,False,264,3930.8412843290234,True,3.2363694028269805
P0115,D-T011-01,False,310,6903.019799924156,True,3.2363694028269805
P0115,D-T014-01,False,215,2131.391058349609,True,3.2363694028269805
P0115,D-T015-01,False,400,4581.936444091797,True,3.2363694028269805
P0115,D-T016-01,False,275,8826.52376584619,True,3.2363694028269805
P0115,D-T017-01,False,609,8147.167193015494,True,3.2363694028269805
P0115,D-T018-01,True,207,,True,3.2363694028269805
P0115,D-T020-01,False,342,6824.100309010106,True,3.2363694028269805
P0115,D-T021-01,False,401,1032.0828375518597,True,3.2363694028269805
P0115,D-T022-01,True,198,,True,3.2363694028269805
P0115,D-T023-01,True,309,,True,3.2363694028269805
P0115,D-T024-01,False,316,5562.833085123698,True,3.2363694028269805
P0115,D-T025-01,False,423,3812.691058349609,True,3.2363694028269805
P0116,D-T004-01,False,426,1063.2665261270254,True,3.2043352374716534
P0116,D-T005-01,False,469,2507.4191999055265,True,3.2043352374716534
P0116,D-T006-01,False,513,5874.491058349609,True,3.2043352374716534
P0116,D-T007-01,False,644,3953.5092700195314,True,3.2043352374716534
P0116,D-T008-01,False,320,3174.8371114095053,True,3.2043352374716534
P0116,D-T009-01,False,362,5467.204533691406,True,3.2043352374716534
P0116,D-T010-01,False,264,3944.8412843290234,True,3.2043352374716534
P0116,D-T011-01,False,310,6919.019799924156,True,3.2043352374716534
P0116,D-T014-01,False,215,2131.391058349609,True,3.2043352374716534
P0116,D-T015-01,False,400,4579.936444091797,True,3.2043352374716534
P0116,D-T016-01,True,275,,True,3.2043352374716534
P0116,D-T017-01,False,609,8523.049728822785,True,3.2043352374716534
P0116,D-T018-01,True,207,,True,3.2043352374716534
P0116,D-T020-01,False,342,6824.100309010106,True,3.2043352374716534
P0116,D-T021-01,True,401,,True,3.2043352374716534
P0116,D-T022-01,True,198,,True,3.2043352374716534
P0116,D-T023-01,False,309,2926.6710981763977,True,3.2043352374716534
P0116,D-T024-01,False,316,5562.833085123698,True,3.2043352374716534
P0116,D-T025-01,False,423,3812.691058349609,True,3.2043352374716534
P0117,D-T004-01,False,426,1047.2665261270254,True,2.1067674941282633
P0117,D-T005-01,False,469,2489.4191999055265,True,2.1067674941282633
P0117,D-T006-01,False,513,5874.491058349609,True,2.1067674941282633
P0117,D-T007-01,False,644,3953.5092700195314,True,2.1067674941282633
P0117,D-T008-01,False,320,3342.7443233722756,True,2.1067674941282633
P0117,D-T009-01,False,362,5626.730303261622,True,2.1067674941282633
P0117,D-T010-01,False,264,3910.8412843290234,True,2.1067674941282633
P0117,D-T011-01,False,310,6879.019799924156,True,2.1067674941282633
P0117,D-T014-01,False,215,2131.391058349609,True,2.1067674941282633
P0117,D-T015-01,False,400,4655.936444091797,True,2.1067674941282633
P0117,D-T016-01,False,275,8816.52376584619,True,2.1067674941282633
P0117,D-T017-01,False,609,8137.167193015494,True,2.1067674941282633
P0117,D-T018-01,True,207,,True,2.1067674941282633
P0117,D-T020-01,False,342,6824.100309010106,True,2.1067674941282633
P0117,D-T021-01,False,401,923.8744852701823,True,2.1067674941282633
P0117,D-T022-01,True,198,,True,2.1067674941282633
P0117,D-T023-01,False,309,2781.549129231771,True,2.1067674941282633
P0117,D-T024-01,False,316,5562.833085123698,True,2.1067674941282633
P0117,D-T025-01,False,423,3812.691058349609,True,2.1067674941282633
P0118,D-T004-01,False,426,1061.2665261270254,True,2.0989847191532363
P0118,D-T005-01,False,469,2505.4191999055265,True,2.0989847191532363
P0118,D-T006-01,False,513,5874.491058349609,True,2.0989847191532363
P0118,D-T007-01,False,644,3953.5092700195314,True,2.0989847191532363
P0118,D-T008-01,False,320,3344.7443233722756,True,2.0989847191532363
P0118,D-T009-01,False,362,5628.730303261622,True,2.0989847191532363
P0118,D-T010-01,False,264,3920.8412843290234,True,2.0989847191532363
P0118,D-T011-01,False,310,6891.019799924156,True,2.0989847191532363
P0118,D-T014-01,False,215,2131.391058349609,True,2.0989847191532363
P0118,D-T015-01,False,400,4655.936444091797,True,2.0989847191532363
P0118,D-T016-01,False,275,8822.52376584619,True,2.0989847191532363
P0118,D-T017-01,False,609,8143.167193015494,True,2.0989847191532363
P0118,D-T018-01,True,207,,True,2.0989847191532363
P0118,D-T020-01,False,342,6824.100309010106,True,2.0989847191532363
P0118,D-T021-01,False,401,1020.0828375518597,True,2.0989847191532363
P0118,D-T022-01,True,198,,True,2.0989847191532363
P0118,D-T023-01,False,309,2872.6710981763977,True,2.0989847191532363
P0118,D-T024-01,False,316,5562.833085123698,True,2.0989847191532363
P0118,D-T025-01,False,423,3812.691058349609,True,2.0989847191532363
P0119,D-T004-01,False,426,1069.2665261270254,True,2.0796205339095906
P0119,D-T005-01,False,469,2515.4191999055265,True,2.0796205339095906
P0119,D-T006-01,False,513,5874.491058349609,True,2.0796205339095906
P0119,D-T007-01,False,644,3953.5092700195314,True,2.0796205339095906
P0119,D-T008-01,False,320,3348.7443233722756,True,2.0796205339095906
P0119,D-T009-01,False,362,5634.730303261622,True,2.0796205339095906
P0119,D-T010-01,False,264,3938.8412843290234,True,2.0796205339095906
P0119,D-T011-01,False,310,6913.019799924156,True,2.0796205339095906
P0119,D-T014-01,False,215,2131.391058349609,True,2.0796205339095906
P0119,D-T015-01,False,400,4653.936444091797,True,2.0796205339095906
P0119,D-T016-01,True,275,,True,2.0796205339095906
P0119,D-T017-01,False,609,8603.049728822785,True,2.0796205339095906
P0119,D-T018-01,True,207,,True,2.0796205339095906
P0119,D-T020-01,False,342,6824.100309010106,True,2.0796205339095906
P0119,D-T021-01,True,401,,True,2.0796205339095906
P0119,D-T022-01,True,198,,True,2.0796205339095906
P0119,D-T023-01,False,309,2892.6710981763977,True,2.0796205339095906
P0119,D-T024-01,False,316,5562.833085123698,True,2.0796205339095906
P0119,D-T025-01,False,423,3812.691058349609,True,2.0796205339095906
P0120,D-T004-01,False,426,996.5149475097656,True,0.5861128040754977
P0120,D-T005-01,False,469,2444.017937011719,True,0.5861128040754977
P0120,D-T006-01,False,513,5874.491058349609,True,0.5861128040754977
P0120,D-T007-01,False,644,3953.5092700195314,True,0.5861128040754977
P0120,D-T008-01,False,320,3352.7443233722756,True,0.5861128040754977
P0120,D-T009-01,False,362,5638.730303261622,True,0.5861128040754977
P0120,D-T010-01,False,264,3912.8412843290234,True,0.5861128040754977
P0120,D-T011-01,False,310,6881.019799924156,True,0.5861128040754977
P0120,D-T014-01,False,215,2131.391058349609,True,0.5861128040754977
P0120,D-T015-01,False,400,4723.936444091797,True,0.5861128040754977
P0120,D-T016-01,False,275,8814.52376584619,True,0.5861128040754977
P0120,D-T017-01,False,609,8135.167193015494,True,0.5861128040754977
P0120,D-T018-01,False,207,2265.6252990722655,True,0.5861128040754977
P0120,D-T020-01,False,342,6900.100309010106,True,0.5861128040754977
P0120,D-T021-01,True,401,,True,0.5861128040754977
P0120,D-T022-01,False,198,744.4939412434896,True,0.5861128040754977
P0120,D-T023-01,False,309,2733.549129231771,True,0.5861128040754977
P0120,D-T024-01,False,316,5562.833085123698,True,0.5861128040754977
P0120,D-T025-01,False,423,3812.691058349609,True,0.5861128040754977
P0121,D-T004-01,False,426,1073.1644631387442,True,0.5809452052793205
P0121,D-T005-01,False,469,2519.4191999055265,True,0.5809452052793205
P0121,D-T006-01,False,513,5874.491058349609,True,0.5809452052793205
P0121,D-T007-01,False,644,3953.5092700195314,True,0.5809452052793205
P0121,D-T008-01,False,320,3352.7443233722756,True,0.5809452052793205
P0121,D-T009-01,False,362,5638.730303261622,True,0.5809452052793205
P0121,D-T010-01,False,264,3924.8412843290234,True,0.5809452052793205
P0121,D-T011-01,False,310,6895.019799924156,True,0.5809452052793205
P0121,D-T014-01,False,215,2131.391058349609,True,0.5809452052793205
P0121,D-T015-01,False,400,4723.936444091797,True,0.5809452052793205
P0121,D-T016-01,False,275,8820.52376584619,True,0.5809452052793205
P0121,D-T017-01,False,609,8141.167193015494,True,0.5809452052793205
P0121,D-T018-01,False,207,2305.6252990722655,True,0.5809452052793205
P0121,D-T020-01,False,342,6900.100309010106,True,0.5809452052793205
P0121,D-T021-01,True,401,,True,0.5809452052793205
P0121,D-T022-01,True,198,,True,0.5809452052793205
P0121,D-T023-01,False,309,2890.6710981763977,True,0.5809452052793205
P0121,D-T024-01,False,316,5562.833085123698,True,0.5809452052793205
P0121,D-T025-01,False,423,3812.691058349609,True,0.5809452052793205
P0122,D-T004-01,True,426,,True,0.5678118089724506
P0122,D-T005-01,True,469,,True,0.5678118089724506
P0122,D-T006-01,False,513,5874.491058349609,True,0.5678118089724506
P0122,D-T007-01,False,644,3953.5092700195314,True,0.5678118089724506
P0122,D-T008-01,False,320,3354.7443233722756,True,0.5678118089724506
P0122,D-T009-01,False,362,5642.730303261622,True,0.5678118089724506
P0122,D-T010-01,False,264,3942.8412843290234,True,0.5678118089724506
P0122,D-T011-01,False,310,6917.019799924156,True,0.5678118089724506
P0122,D-T014-01,False,215,2131.391058349609,True,0.5678118089724506
P0122,D-T015-01,False,400,4723.936444091797,True,0.5678118089724506
P0122,D-T016-01,False,275,8827.53284787744,True,0.5678118089724506
P0122,D-T017-01,False,609,8148.176275046744,True,0.5678118089724506
P0122,D-T018-01,False,207,2340.408991919634,True,0.5678118089724506
P0122,D-T020-01,False,342,6900.100309010106,True,0.5678118089724506
P0122,D-T021-01,True,401,,True,0.5678118089724506
P0122,D-T022-01,True,198,,True,0.5678118089724506
P0122,D-T023-01,False,309,2906.6710981763977,True,0.5678118089724506
P0122,D-T024-01,False,316,5562.833085123698,True,0.5678118089724506
P0122,D-T025-01,False,423,3812.691058349609,True,0.5678118089724506
P0123,D-T004-01,True,426,,True,7.598582991595293
P0123,D-T005-01,True,469,,True,7.598582991595293
P0123,D-T006-01,False,513,5874.491058349609,True,7.598582991595293
P0123,D-T007-01,False,644,3953.5092700195314,True,7.598582991595293
P0123,D-T008-01,True,320,,True,7.598582991595293
P0123,D-T009-01,True,362,,True,7.598582991595293
P0123,D-T010-01,False,264,3922.8412843290234,True,7.598582991595293
P0123,D-T011-01,False,310,6893.019799924156,True,7.598582991595293
P0123,D-T014-01,False,215,2131.391058349609,True,7.598582991595293
P0123,D-T015-01,True,400,,True,7.598582991595293
P0123,D-T016-01,True,275,,True,7.598582991595293
P0123,D-T017-01,True,609,,True,7.598582991595293
P0123,D-T018-01,False,207,2307.6252990722655,True,7.598582991595293
P0123,D-T020-01,True,342,,True,7.598582991595293
P0123,D-T021-01,True,401,,True,7.598582991595293
P0123,D-T022-01,True,198,,True,7.598582991595293
P0123,D-T023-01,False,309,2733.549129231771,True,7.598582991595293
P0123,D-T024-01,False,316,5562.833085123698,True,7.598582991595293
P0123,D-T025-01,False,423,3812.691058349609,True,7.598582991595293
P0124,D-T004-01,False,426,750.5149475097656,True,0.4527574691474001
P0124,D-T005-01,False,469,2246.017937011719,True,0.4527574691474001
P0124,D-T006-01,False,513,5874.491058349609,True,0.4527574691474001
P0124,D-T007-01,False,644,3953.5092700195314,True,0.4527574691474001
P0124,D-T008-01,False,320,3138.8371114095053,True,0.4527574691474001
P0124,D-T009-01,False,362,5439.204533691406,True,0.4527574691474001
P0124,D-T010-01,False,264,3795.4669311523435,True,0.4527574691474001
P0124,D-T011-01,False,310,6783.520317382812,True,0.4527574691474001
P0124,D-T014-01,False,215,2131.391058349609,True,0.4527574691474001
P0124,D-T015-01,False,400,4563.936444091797,True,0.4527574691474001
P0124,D-T016-01,False,275,8657.740901692707,True,0.4527574691474001
P0124,D-T017-01,False,609,8007.340901692708,True,0.4527574691474001
P0124,D-T018-01,False,207,2265.6252990722655,True,0.4527574691474001
P0124,D-T020-01,False,342,6824.100309010106,True,0.4527574691474001
P0124,D-T021-01,False,401,749.8744852701823,True,0.4527574691474001
P0124,D-T022-01,False,198,744.4939412434896,True,0.4527574691474001
P0124,D-T023-01,True,309,,True,0.4527574691474001
P0124,D-T024-01,False,316,5562.833085123698,True,0.4527574691474001
P0124,D-T025-01,False,423,3812.691058349609,True,0.4527574691474001
P0125,D-T004-01,False,426,750.5149475097656,True,0.44933845299634356
P0125,D-T005-01,False,469,2246.017937011719,True,0.44933845299634356
P0125,D-T006-01,False,513,5874.491058349609,True,0.44933845299634356
P0125,D-T007-01,False,644,3953.5092700195314,True,0.44933845299634356
P0125,D-T008-01,False,320,3138.8371114095053,True,0.44933845299634356
P0125,D-T009-01,False,362,5439.204533691406,True,0.44933845299634356
P0125,D-T010-01,False,264,3795.4669311523435,True,0.44933845299634356
P0125,D-T011-01,False,310,6783.520317382812,True,0.44933845299634356
P0125,D-T014-01,False,215,2131.391058349609,True,0.44933845299634356
P0125,D-T015-01,False,400,4563.936444091797,True,0.44933845299634356
P0125,D-T016-01,False,275,8657.740901692707,True,0.44933845299634356
P0125,D-T017-01,False,609,8007.340901692708,True,0.44933845299634356
P0125,D-T018-01,False,207,2265.6252990722655,True,0.44933845299634356
P0125,D-T020-01,False,342,6824.100309010106,True,0.44933845299634356
P0125,D-T021-01,False,401,749.8744852701823,True,0.44933845299634356
P0125,D-T022-01,False,198,744.4939412434896,True,0.44933845299634356
P0125,D-T023-01,True,309,,True,0.44933845299634356
P0125,D-T024-01,False,316,5562.833085123698,True,0.44933845299634356
P0125,D-T025-01,False,423,3812.691058349609,True,0.44933845299634356
P0126,D-T004-01,False,426,750.5149475097656,True,0.4392440294431452
P0126,D-T005-01,False,469,2246.017937011719,True,0.4392440294431452
P0126,D-T006-01,False,513,5874.491058349609,True,0.4392440294431452
P0126,D-T007-01,False,644,3953.5092700195314,True,0.4392440294431452
P0126,D-T008-01,False,320,3138.8371114095053,True,0.4392440294431452
P0126,D-T009-01,False,362,5439.204533691406,True,0.4392440294431452
P0126,D-T010-01,False,264,3795.4669311523435,True,0.4392440294431452
P0126,D-T011-01,False,310,6783.520317382812,True,0.4392440294431452
P0126,D-T014-01,False,215,2131.391058349609,True,0.4392440294431452
P0126,D-T015-01,False,400,4563.936444091797,True,0.4392440294431452
P0126,D-T016-01,False,275,8657.740901692707,True,0.4392440294431452
P0126,D-T017-01,False,609,8007.340901692708,True,0.4392440294431452
P0126,D-T018-01,False,207,2265.6252990722655,True,0.4392440294431452
P0126,D-T020-01,False,342,6824.100309010106,True,0.4392440294431452
P0126,D-T021-01,False,401,749.8744852701823,True,0.4392440294431452
P0126,D-T022-01,False,198,744.4939412434896,True,0.4392440294431452
P0126,D-T023-01,True,309,,True,0.4392440294431452
P0126,D-T024-01,False,316,5562.833085123698,True,0.4392440294431452
P0126,D-T025-01,False,423,3812.691058349609,True,0.4392440294431452
P0127,D-T004-01,False,426,750.5149475097656,True,0.8800386448488524
P0127,D-T005-01,False,469,2246.017937011719,True,0.8800386448488524
P0127,D-T006-01,False,513,5874.491058349609,True,0.8800386448488524
P0127,D-T007-01,False,644,3953.5092700195314,True,0.8800386448488524
P0127,D-T008-01,False,320,3138.8371114095053,True,0.8800386448488524
P0127,D-T009-01,False,362,5439.204533691406,True,0.8800386448488524
P0127,D-T010-01,False,264,3795.4669311523435,True,0.8800386448488524
P0127,D-T011-01,False,310,6783.520317382812,True,0.8800386448488524
P0127,D-T014-01,False,215,2131.391058349609,True,0.8800386448488524
P0127,D-T015-01,False,400,4563.936444091797,True,0.8800386448488524
P0127,D-T016-01,False,275,8657.740901692707,True,0.8800386448488524
P0127,D-T017-01,False,609,8007.340901692708,True,0.8800386448488524
P0127,D-T018-01,False,207,2265.6252990722655,True,0.8800386448488524
P0127,D-T020-01,False,342,6824.100309010106,True,0.8800386448488524
P0127,D-T021-01,False,401,749.8744852701823,True,0.8800386448488524
P0127,D-T022-01,False,198,744.4939412434896,True,0.8800386448488524
P0127,D-T023-01,True,309,,True,0.8800386448488524
P0127,D-T024-01,False,316,5562.833085123698,True,0.8800386448488524
P0127,D-T025-01,False,423,3812.691058349609,True,0.8800386448488524
P0128,D-T004-01,False,426,750.5149475097656,True,0.8740374280032626
P0128,D-T005-01,False,469,2246.017937011719,True,0.8740374280032626
P0128,D-T006-01,False,513,5874.491058349609,True,0.8740374280032626
P0128,D-T007-01,False,644,3953.5092700195314,True,0.8740374280032626
P0128,D-T008-01,False,320,3138.8371114095053,True,0.8740374280032626
P0128,D-T009-01,False,362,5439.204533691406,True,0.8740374280032626
P0128,D-T010-01,False,264,3795.4669311523435,True,0.8740374280032626
P0128,D-T011-01,False,310,6783.520317382812,True,0.8740374280032626
P0128,D-T014-01,False,215,2131.391058349609,True,0.8740374280032626
P0128,D-T015-01,False,400,4563.936444091797,True,0.8740374280032626
P0128,D-T016-01,False,275,8657.740901692707,True,0.8740374280032626
P0128,D-T017-01,False,609,8007.340901692708,True,0.8740374280032626
P0128,D-T018-01,False,207,2265.6252990722655,True,0.8740374280032626
P0128,D-T020-01,False,342,6824.100309010106,True,0.8740374280032626
P0128,D-T021-01,False,401,749.8744852701823,True,0.8740374280032626
P0128,D-T022-01,False,198,744.4939412434896,True,0.8740374280032626
P0128,D-T023-01,True,309,,True,0.8740374280032626
P0128,D-T024-01,False,316,5562.833085123698,True,0.8740374280032626
P0128,D-T025-01,False,423,3812.691058349609,True,0.8740374280032626
P0129,D-T004-01,False,426,844.5149475097656,True,0.8592045679936433
P0129,D-T005-01,False,469,2322.017937011719,True,0.8592045679936433
P0129,D-T006-01,False,513,5874.491058349609,True,0.8592045679936433
P0129,D-T007-01,False,644,3953.5092700195314,True,0.8592045679936433
P0129,D-T008-01,False,320,3138.8371114095053,True,0.8592045679936433
P0129,D-T009-01,False,362,5439.204533691406,True,0.8592045679936433
P0129,D-T010-01,False,264,3795.4669311523435,True,0.8592045679936433
P0129,D-T011-01,False,310,6783.520317382812,True,0.8592045679936433
P0129,D-T014-01,False,215,2131.391058349609,True,0.8592045679936433
P0129,D-T015-01,False,400,4563.936444091797,True,0.8592045679936433
P0129,D-T016-01,False,275,8777.740901692707,True,0.8592045679936433
P0129,D-T017-01,False,609,8103.340901692708,True,0.8592045679936433
P0129,D-T018-01,False,207,2265.6252990722655,True,0.8592045679936433
P0129,D-T020-01,False,342,6824.100309010106,True,0.8592045679936433
P0129,D-T021-01,False,401,1012.0828375518597,True,0.8592045679936433
P0129,D-T022-01,False,198,788.4939412434896,True,0.8592045679936433
P0129,D-T023-01,True,309,,True,0.8592045679936433
P0129,D-T024-01,False,316,5562.833085123698,True,0.8592045679936433
P0129,D-T025-01,False,423,3812.691058349609,True,0.8592045679936433
P0130,D-T004-01,False,426,1026.5149475097655,True,0.7112266252865851
P0130,D-T005-01,False,469,2468.017937011719,True,0.7112266252865851
P0130,D-T006-01,False,513,5874.491058349609,True,0.7112266252865851
P0130,D-T007-01,False,644,3953.5092700195314,True,0.7112266252865851
P0130,D-T008-01,False,320,3138.8371114095053,True,0.7112266252865851
P0130,D-T009-01,False,362,5439.204533691406,True,0.7112266252865851
P0130,D-T010-01,False,264,3795.4669311523435,True,0.7112266252865851
P0130,D-T011-01,False,310,6783.520317382812,True,0.7112266252865851
P0130,D-T014-01,False,215,2131.391058349609,True,0.7112266252865851
P0130,D-T015-01,False,400,4563.936444091797,True,0.7112266252865851
P0130,D-T016-01,False,275,8822.52376584619,True,0.7112266252865851
P0130,D-T017-01,False,609,8143.167193015494,True,0.7112266252865851
P0130,D-T018-01,True,207,,True,0.7112266252865851
P0130,D-T020-01,False,342,6824.100309010106,True,0.7112266252865851
P0130,D-T021-01,True,401,,True,0.7112266252865851
P0130,D-T022-01,True,198,,True,0.7112266252865851
P0130,D-T023-01,True,309,,True,0.7112266252865851
P0130,D-T024-01,False,316,5562.833085123698,True,0.7112266252865851
P0130,D-T025-01,False,423,3812.691058349609,True,0.7112266252865851
P0131,D-T004-01,False,426,1026.5149475097655,True,0.700787916353832
P0131,D-T005-01,False,469,2466.017937011719,True,0.700787916353832
P0131,D-T006-01,False,513,5874.491058349609,True,0.700787916353832
P0131,D-T007-01,False,644,3953.5092700195314,True,0.700787916353832
P0131,D-T008-01,False,320,3138.8371114095053,True,0.700787916353832
P0131,D-T009-01,False,362,5439.204533691406,True,0.700787916353832
P0131,D-T010-01,False,264,3795.4669311523435,True,0.700787916353832
P0131,D-T011-01,False,310,6783.520317382812,True,0.700787916353832
P0131,D-T014-01,False,215,2131.391058349609,True,0.700787916353832
P0131,D-T015-01,False,400,4563.936444091797,True,0.700787916353832
P0131,D-T016-01,False,275,8824.52376584619,True,0.700787916353832
P0131,D-T017-01,False,609,8145.167193015494,True,0.700787916353832
P0131,D-T018-01,True,207,,True,0.700787916353832
P0131,D-T020-01,False,342,6824.100309010106,True,0.700787916353832
P0131,D-T021-01,True,401,,True,0.700787916353832
P0131,D-T022-01,True,198,,True,0.700787916353832
P0131,D-T023-01,True,309,,True,0.700787916353832
P0131,D-T024-01,False,316,5562.833085123698,True,0.700787916353832
P0131,D-T025-01,False,423,3812.691058349609,True,0.700787916353832
P0132,D-T004-01,False,426,1024.5149475097655,True,0.6787938296661338
P0132,D-T005-01,False,469,2466.017937011719,True,0.6787938296661338
P0132,D-T006-01,False,513,5874.491058349609,True,0.6787938296661338
P0132,D-T007-01,False,644,3953.5092700195314,True,0.6787938296661338
P0132,D-T008-01,False,320,3138.8371114095053,True,0.6787938296661338
P0132,D-T009-01,False,362,5439.204533691406,True,0.6787938296661338
P0132,D-T010-01,False,264,3795.4669311523435,True,0.6787938296661338
P0132,D-T011-01,False,310,6783.520317382812,True,0.6787938296661338
P0132,D-T014-01,False,215,2131.391058349609,True,0.6787938296661338
P0132,D-T015-01,False,400,4563.936444091797,True,0.6787938296661338
P0132,D-T016-01,True,275,,True,0.6787938296661338
P0132,D-T017-01,False,609,8457.049728822785,True,0.6787938296661338
P0132,D-T018-01,True,207,,True,0.6787938296661338
P0132,D-T020-01,False,342,6824.100309010106,True,0.6787938296661338
P0132,D-T021-01,True,401,,True,0.6787938296661338
P0132,D-T022-01,True,198,,True,0.6787938296661338
P0132,D-T023-01,True,309,,True,0.6787938296661338
P0132,D-T024-01,False,316,5562.833085123698,True,0.6787938296661338
P0132,D-T025-01,False,423,3812.691058349609,True,0.6787938296661338
P0133,D-T004-01,False,426,884.5149475097656,True,0.041071510154722546
P0133,D-T005-01,False,469,2354.017937011719,True,0.041071510154722546
P0133,D-T006-01,False,513,5874.491058349609,True,0.041071510154722546
P0133,D-T007-01,False,644,3953.5092700195314,True,0.041071510154722546
P0133,D-T008-01,False,320,3180.8371114095053,True,0.041071510154722546
P0133,D-T009-01,False,362,5471.204533691406,True,0.041071510154722546
P0133,D-T010-01,False,264,3865.4669311523435,True,0.041071510154722546
P0133,D-T011-01,False,310,6839.520317382812,True,0.041071510154722546
P0133,D-T014-01,False,215,2131.391058349609,True,0.041071510154722546
P0133,D-T015-01,False,400,4563.936444091797,True,0.041071510154722546
P0133,D-T016-01,False,275,8709.740901692707,True,0.041071510154722546
P0133,D-T017-01,False,609,8049.340901692708,True,0.041071510154722546
P0133,D-T018-01,False,207,2293.6252990722655,True,0.041071510154722546
P0133,D-T020-01,False,342,6824.100309010106,True,0.041071510154722546
P0133,D-T021-01,True,401,,True,0.041071510154722546
P0133,D-T022-01,False,198,744.4939412434896,True,0.041071510154722546
P0133,D-T023-01,False,309,2807.549129231771,True,0.041071510154722546
P0133,D-T024-01,False,316,5562.833085123698,True,0.041071510154722546
P0133,D-T025-01,False,423,3812.691058349609,True,0.041071510154722546
P0134,D-T004-01,False,426,1051.2665261270254,True,0.03457055301970513
P0134,D-T005-01,False,469,2493.4191999055265,True,0.03457055301970513
P0134,D-T006-01,False,513,5874.491058349609,True,0.03457055301970513
P0134,D-T007-01,False,644,3953.5092700195314,True,0.03457055301970513
P0134,D-T008-01,False,320,3180.8371114095053,True,0.03457055301970513
P0134,D-T009-01,False,362,5471.204533691406,True,0.03457055301970513
P0134,D-T010-01,False,264,3865.4669311523435,True,0.03457055301970513
P0134,D-T011-01,False,310,6839.520317382812,True,0.03457055301970513
P0134,D-T014-01,False,215,2131.391058349609,True,0.03457055301970513
P0134,D-T015-01,False,400,4563.936444091797,True,0.03457055301970513
P0134,D-T016-01,False,275,8824.52376584619,True,0.03457055301970513
P0134,D-T017-01,False,609,8145.167193015494,True,0.03457055301970513
P0134,D-T018-01,True,207,,True,0.03457055301970513
P0134,D-T020-01,False,342,6824.100309010106,True,0.03457055301970513
P0134,D-T021-01,True,401,,True,0.03457055301970513
P0134,D-T022-01,True,198,,True,0.03457055301970513
P0134,D-T023-01,False,309,2872.6710981763977,True,0.03457055301970513
P0134,D-T024-01,False,316,5562.833085123698,True,0.03457055301970513
P0134,D-T025-01,False,423,3812.691058349609,True,0.03457055301970513
P0135,D-T004-01,False,426,1071.2665261270254,True,0.01976065361327528
P0135,D-T005-01,False,469,2517.4191999055265,True,0.01976065361327528
P0135,D-T006-01,False,513,5874.491058349609,True,0.01976065361327528
P0135,D-T007-01,False,644,3953.5092700195314,True,0.01976065361327528
P0135,D-T008-01,False,320,3178.8371114095053,True,0.01976065361327528
P0135,D-T009-01,False,362,5471.204533691406,True,0.01976065361327528
P0135,D-T010-01,False,264,3863.4669311523435,True,0.01976065361327528
P0135,D-T011-01,False,310,6839.520317382812,True,0.01976065361327528
P0135,D-T014-01,False,215,2131.391058349609,True,0.01976065361327528
P0135,D-T015-01,False,400,4563.936444091797,True,0.01976065361327528
P0135,D-T016-01,False,275,8826.52376584619,True,0.01976065361327528
P0135,D-T017-01,False,609,8147.167193015494,True,0.01976065361327528
P0135,D-T018-01,True,207,,True,0.01976065361327528
P0135,D-T020-01,False,342,6824.100309010106,True,0.01976065361327528
P0135,D-T021-01,True,401,,True,0.01976065361327528
P0135,D-T022-01,True,198,,True,0.01976065361327528
P0135,D-T023-01,True,309,,True,0.01976065361327528
P0135,D-T024-01,False,316,5562.833085123698,True,0.01976065361327528
P0135,D-T025-01,False,423,3812.691058349609,True,0.01976065361327528
