任务组数,分区编码,资源缺口,总资源需求,通信风险均衡系数,工作量均衡系数,资源冗余
2,0-0-0-0-0-0-0-0-0-1,4,24,0.9048163707556957,0.9438633199534974,30
2,0-0-0-0-0-0-0-0-1-0,2,22,0.9048163707556957,0.9517543604538621,30
2,0-0-0-0-0-0-0-0-1-1,2,22,0.8096327419873095,0.8956176804073595,30
2,0-0-0-0-0-0-0-1-0-0,4,24,0.8413606182434382,0.9319731438965567,30
2,0-0-0-0-0-0-0-1-0-1,4,24,0.7461769894750522,0.8758364638500542,30
2,0-0-0-0-0-0-0-1-1-0,2,22,0.7461769894750522,0.8837275043504188,30
2,0-0-0-0-0-0-0-1-1-1,2,22,0.6509933607066659,0.8275908243039163,30
2,0-0-0-0-0-0-1-0-0-0,4,24,0.9048163707556957,0.9515953932906531,30
2,0-0-0-0-0-0-1-0-0-1,4,27,0.8096327419873095,0.8954587132441505,30
2,0-0-0-0-0-0-1-0-1-0,2,22,0.8096327419873095,0.9033497537445151,30
2,0-0-0-0-0-0-1-0-1-1,2,25,0.7144491132189233,0.8472130736980125,30
2,0-0-0-0-0-0-1-1-0-0,4,24,0.7461769894750522,0.8835685371872097,30
2,0-0-0-0-0-0-1-1-0-1,4,27,0.6509933607066659,0.8274318571407073,30
2,0-0-0-0-0-0-1-1-1-0,2,22,0.6509933607066659,0.8353228976410718,30
2,0-0-0-0-0-0-1-1-1-1,2,25,0.5558097319382798,0.7791862175945692,30
2,0-0-0-0-0-1-0-0-0-0,4,24,0.9048163707556957,0.9464002438105632,30
2,0-0-0-0-0-1-0-0-0-1,4,24,0.8096327419873095,0.8902635637640606,30
2,0-0-0-0-0-1-0-0-1-0,2,22,0.8096327419873095,0.8981546042644251,30
2,0-0-0-0-0-1-0-0-1-1,2,22,0.7144491132189233,0.8420179242179224,30
2,0-0-0-0-0-1-0-1-0-0,4,23,0.7461769894750522,0.8783733877071199,30
2,0-0-0-0-0-1-0-1-0-1,4,23,0.6509933607066659,0.8222367076606173,30
2,0-0-0-0-0-1-0-1-1-0,2,21,0.6509933607066659,0.830127748160982,30
2,0-0-0-0-0-1-0-1-1-1,2,21,0.5558097319382798,0.7739910681144793,30
2,0-0-0-0-0-1-1-0-0-0,4,24,0.8096327419873095,0.8979956371012161,30
2,0-0-0-0-0-1-1-0-0-1,4,27,0.7144491132189233,0.8418589570547136,30
2,0-0-0-0-0-1-1-0-1-0,2,22,0.7144491132189233,0.8497499975550782,30
2,0-0-0-0-0-1-1-0-1-1,2,25,0.6192654844505372,0.7936133175085757,30
2,0-0-0-0-0-1-1-1-0-0,4,23,0.6509933607066659,0.8299687809977729,30
2,0-0-0-0-0-1-1-1-0-1,4,26,0.5558097319382798,0.7738321009512703,30
2,0-0-0-0-0-1-1-1-1-0,2,21,0.5558097319382798,0.781723141451635,30
2,0-0-0-0-0-1-1-1-1-1,2,24,0.4606261031698937,0.7255864614051324,30
2,0-0-0-0-1-0-0-0-0-0,4,24,0.9999999995240818,0.8305486111414832,30
2,0-0-0-0-1-0-0-0-0-1,4,26,0.9048163707556957,0.7744119310949805,30
2,0-0-0-0-1-0-0-0-1-0,2,25,0.9048163707556957,0.7823029715953452,30
2,0-0-0-0-1-0-0-0-1-1,2,25,0.8096327419873095,0.7261662915488426,30
2,0-0-0-0-1-0-0-1-0-0,4,26,0.8413606182434382,0.7625217550380399,30
2,0-0-0-0-1-0-0-1-0-1,4,26,0.7461769894750522,0.7063850749915374,30
2,0-0-0-0-1-0-0-1-1-0,2,25,0.7461769894750522,0.714276115491902,30
2,0-0-0-0-1-0-0-1-1-1,2,25,0.6509933607066659,0.6581394354453993,30
2,0-0-0-0-1-0-1-0-0-0,4,26,0.9048163707556957,0.7821440044321364,30
2,0-0-0-0-1-0-1-0-0-1,4,29,0.8096327419873095,0.7260073243856338,30
2,0-0-0-0-1-0-1-0-1-0,2,25,0.8096327419873095,0.7338983648859982,30
2,0-0-0-0-1-0-1-0-1-1,2,27,0.7144491132189233,0.6777616848394957,30
2,0-0-0-0-1-0-1-1-0-0,4,26,0.7461769894750522,0.7141171483286931,30
2,0-0-0-0-1-0-1-1-0-1,4,29,0.6509933607066659,0.6579804682821904,30
2,0-0-0-0-1-0-1-1-1-0,2,25,0.6509933607066659,0.665871508782555,30
2,0-0-0-0-1-0-1-1-1-1,2,27,0.5558097319382798,0.6097348287360526,30
2,0-0-0-0-1-1-0-0-0-0,4,26,0.9048163707556957,0.7769488549520462,30
2,0-0-0-0-1-1-0-0-0-1,4,26,0.8096327419873095,0.7208121749055437,30
2,0-0-0-0-1-1-0-0-1-0,2,25,0.8096327419873095,0.7287032154059083,30
2,0-0-0-0-1-1-0-0-1-1,2,25,0.7144491132189233,0.6725665353594058,30
2,0-0-0-0-1-1-0-1-0-0,4,25,0.7461769894750522,0.7089219988486031,30
2,0-0-0-0-1-1-0-1-0-1,4,25,0.6509933607066659,0.6527853188021004,30
2,0-0-0-0-1-1-0-1-1-0,2,24,0.6509933607066659,0.6606763593024652,30
2,0-0-0-0-1-1-0-1-1-1,2,24,0.5558097319382798,0.6045396792559624,30
2,0-0-0-0-1-1-1-0-0-0,4,26,0.8096327419873095,0.7285442482426994,30
2,0-0-0-0-1-1-1-0-0-1,4,29,0.7144491132189233,0.672407568196197,30
2,0-0-0-0-1-1-1-0-1-0,2,25,0.7144491132189233,0.6802986086965613,30
2,0-0-0-0-1-1-1-0-1-1,2,27,0.6192654844505372,0.6241619286500589,30
2,0-0-0-0-1-1-1-1-0-0,4,25,0.6509933607066659,0.6605173921392561,30
2,0-0-0-0-1-1-1-1-0-1,4,28,0.5558097319382798,0.6043807120927536,30
2,0-0-0-0-1-1-1-1-1-0,2,24,0.5558097319382798,0.6122717525931183,30
2,0-0-0-0-1-1-1-1-1-1,2,26,0.4606261031698937,0.5561350725466155,30
2,0-0-0-1-0-0-0-0-0-0,4,28,0.6279185416112997,0.5471157158859034,30
2,0-0-0-1-0-0-0-0-0-1,4,28,0.5327349128429135,0.4909790358394009,30
2,0-0-0-1-0-0-0-0-1-0,2,26,0.5327349128429135,0.4988700763397655,30
2,0-0-0-1-0-0-0-0-1-1,2,26,0.4375512840745273,0.44273339629326286,30
2,0-0-0-1-0-0-0-1-0-0,4,28,0.4692791603306561,0.4790888597824602,30
2,0-0-0-1-0-0-0-1-0-1,4,28,0.37409553156226993,0.42295217973595756,30
2,0-0-0-1-0-0-0-1-1-0,2,26,0.37409553156226993,0.43084322023632227,30
2,0-0-0-1-0-0-0-1-1-1,2,26,0.27891190279388384,0.37470654018981964,30
2,0-0-0-1-0-0-1-0-0-0,4,28,0.5327349128429135,0.4987111091765566,30
2,0-0-0-1-0-0-1-0-0-1,4,29,0.4375512840745273,0.44257442913005407,30
2,0-0-0-1-0-0-1-0-1-0,2,26,0.4375512840745273,0.4504654696304186,30
2,0-0-0-1-0-0-1-0-1-1,2,27,0.34236765530614127,0.39432878958391593,30
2,0-0-0-1-0-0-1-1-0-0,4,28,0.37409553156226993,0.43068425307311337,30
2,0-0-0-1-0-0-1-1-0-1,4,29,0.27891190279388384,0.37454757302661074,30
2,0-0-0-1-0-0-1-1-1-0,2,26,0.27891190279388384,0.38243861352697545,30
2,0-0-0-1-0-0-1-1-1-1,2,27,0.18372827402549768,0.3263019334804728,30
2,0-0-0-1-0-1-0-0-0-0,4,28,0.5327349128429135,0.49351595969646656,30
2,0-0-0-1-0-1-0-0-0-1,4,28,0.4375512840745273,0.437379279649964,30
2,0-0-0-1-0-1-0-0-1-0,2,26,0.4375512840745273,0.44527032015032864,30
2,0-0-0-1-0-1-0-0-1-1,2,26,0.34236765530614127,0.38913364010382606,30
2,0-0-0-1-0-1-0-1-0-0,4,27,0.37409553156226993,0.42548910359302333,30
2,0-0-0-1-0-1-0-1-0-1,4,27,0.27891190279388384,0.36935242354652076,30
2,0-0-0-1-0-1-0-1-1-0,2,25,0.27891190279388384,0.3772434640468854,30
2,0-0-0-1-0-1-0-1-1-1,2,25,0.18372827402549768,0.3211067840003828,30
2,0-0-0-1-0-1-1-0-0-0,4,28,0.4375512840745273,0.44511135298711957,30
2,0-0-0-1-0-1-1-0-0-1,4,29,0.34236765530614127,0.38897467294061705,30
2,0-0-0-1-0-1-1-0-1-0,2,26,0.34236765530614127,0.39686571344098165,30
2,0-0-0-1-0-1-1-0-1-1,2,27,0.2471840265377551,0.340729033394479,30
2,0-0-0-1-0-1-1-1-0-0,4,27,0.27891190279388384,0.3770844968836764,30
2,0-0-0-1-0-1-1-1-0-1,4,28,0.18372827402549768,0.32094781683717377,30
2,0-0-0-1-0-1-1-1-1-0,2,25,0.18372827402549768,0.32883885733753837,30
2,0-0-0-1-0-1-1-1-1-1,2,26,0.08854464525711146,0.2727021772910358,30
2,0-0-0-1-1-0-0-0-0-0,4,29,0.6279185416112997,0.3776643270273867,30
2,0-0-0-1-1-0-0-0-0-1,4,29,0.5327349128429135,0.32152764698088415,30
2,0-0-0-1-1-0-0-0-1-0,2,27,0.5327349128429135,0.3294186874812487,30
2,0-0-0-1-1-0-0-0-1-1,2,27,0.4375512840745273,0.2732820074347461,30
2,0-0-0-1-1-0-0-1-0-0,4,29,0.4692791603306561,0.3096374709239434,30
2,0-0-0-1-1-0-0-1-0-1,4,29,0.37409553156226993,0.2535007908774408,30
2,0-0-0-1-1-0-0-1-1-0,2,27,0.37409553156226993,0.2613918313778055,30
2,0-0-0-1-1-0-0-1-1-1,2,27,0.27891190279388384,0.20525515133130284,30
2,0-0-0-1-1-0-1-0-0-0,4,29,0.5327349128429135,0.3292597203180398,30
2,0-0-0-1-1-0-1-0-0-1,4,29,0.4375512840745273,0.2731230402715371,30
2,0-0-0-1-1-0-1-0-1-0,2,27,0.4375512840745273,0.2810140807719018,30
2,0-0-0-1-1-0-1-0-1-1,2,27,0.34236765530614127,0.2248774007253992,30
2,0-0-0-1-1-0-1-1-0-0,4,29,0.37409553156226993,0.2612328642145965,30
2,0-0-0-1-1-0-1-1-0-1,4,29,0.27891190279388384,0.20509618416809391,30
2,0-0-0-1-1-0-1-1-1-0,2,27,0.27891190279388384,0.21298722466845857,30
2,0-0-0-1-1-0-1-1-1-1,2,27,0.18372827402549768,0.15685054462195597,30
2,0-0-0-1-1-1-0-0-0-0,4,29,0.5327349128429135,0.32406457083794976,30
2,0-0-0-1-1-1-0-0-0-1,4,29,0.4375512840745273,0.2679278907914472,30
2,0-0-0-1-1-1-0-0-1-0,2,27,0.4375512840745273,0.2758189312918118,30
2,0-0-0-1-1-1-0-0-1-1,2,27,0.34236765530614127,0.2196822512453091,30
2,0-0-0-1-1-1-0-1-0-0,4,28,0.37409553156226993,0.25603771473450654,30
2,0-0-0-1-1-1-0-1-0-1,4,28,0.27891190279388384,0.19990103468800394,30
2,0-0-0-1-1-1-0-1-1-0,2,26,0.27891190279388384,0.20779207518836854,30
2,0-0-0-1-1-1-0-1-1-1,2,26,0.18372827402549768,0.151655395141866,30
2,0-0-0-1-1-1-1-0-0-0,4,29,0.4375512840745273,0.2756599641286029,30
2,0-0-0-1-1-1-1-0-0-1,4,29,0.34236765530614127,0.21952328408210028,30
2,0-0-0-1-1-1-1-0-1-0,2,27,0.34236765530614127,0.22741432458246497,30
2,0-0-0-1-1-1-1-0-1-1,2,27,0.2471840265377551,0.17127764453596236,30
2,0-0-0-1-1-1-1-1-0-0,4,28,0.27891190279388384,0.20763310802515972,30
2,0-0-0-1-1-1-1-1-0-1,4,28,0.18372827402549768,0.15149642797865706,30
2,0-0-0-1-1-1-1-1-1-0,2,26,0.18372827402549768,0.15938746847902166,30
2,0-0-0-1-1-1-1-1-1-1,2,26,0.08854464525711146,0.10325078843251911,30
2,0-0-1-0-0-0-0-0-0-0,1,25,0.38737349858481906,0.406556906265184,30
2,0-0-1-0-0-0-0-0-0-1,1,25,0.292189869816433,0.3504202262186814,30
2,0-0-1-0-0-0-0-0-1-0,2,27,0.292189869816433,0.35831126671904595,30
2,0-0-1-0-0-0-0-0-1-1,2,26,0.19700624104804682,0.3021745866725433,30
2,0-0-1-0-0-0-0-1-0-0,1,24,0.22873411730417562,0.33853005016174065,30
2,0-0-1-0-0-0-0-1-0-1,1,24,0.1335504885357894,0.282393370115238,30
2,0-0-1-0-0-0-0-1-1-0,2,26,0.1335504885357894,0.29028441061560273,30
2,0-0-1-0-0-0-0-1-1-1,2,25,0.0383668597674033,0.2341477305691001,30
2,0-0-1-0-0-0-1-0-0-0,1,25,0.292189869816433,0.35815229955583705,30
2,0-0-1-0-0-0-1-0-0-1,1,25,0.19700624104804682,0.3020156195093345,30
2,0-0-1-0-0-0-1-0-1-0,2,26,0.19700624104804682,0.30990666000969913,30
2,0-0-1-0-0-0-1-0-1-1,2,26,0.10182261227966065,0.25376997996319656,30
2,0-0-1-0-0-0-1-1-0-0,1,24,0.1335504885357894,0.2901254434523938,30
2,0-0-1-0-0-0-1-1-0-1,1,24,0.0383668597674033,0.23398876340589123,30
2,0-0-1-0-0-0-1-1-1-0,2,25,0.0383668597674033,0.2418798039062559,30
2,0-0-1-0-0-0-1-1-1-1,2,25,0.05681676900098287,0.18574312385975322,30
2,0-0-1-0-0-1-0-0-0-0,1,26,0.292189869816433,0.352957150075747,30
2,0-0-1-0-0-1-0-0-0-1,1,26,0.19700624104804682,0.29682047002924444,30
2,0-0-1-0-0-1-0-0-1-0,2,28,0.19700624104804682,0.3047115105296091,30
2,0-0-1-0-0-1-0-0-1-1,2,27,0.10182261227966065,0.2485748304831065,30
2,0-0-1-0-0-1-0-1-0-0,1,25,0.1335504885357894,0.2849302939723038,30
2,0-0-1-0-0-1-0-1-0-1,1,25,0.0383668597674033,0.2287936139258012,30
2,0-0-1-0-0-1-0-1-1-0,2,27,0.0383668597674033,0.23668465442616587,30
2,0-0-1-0-0-1-0-1-1-1,2,26,0.05681676900098287,0.18054797437966313,30
2,0-0-1-0-0-1-1-0-0-0,1,26,0.19700624104804682,0.30455254336640014,30
2,0-0-1-0-0-1-1-0-0-1,1,26,0.10182261227966065,0.2484158633198975,30
2,0-0-1-0-0-1-1-0-1-0,2,27,0.10182261227966065,0.25630690382026217,30
2,0-0-1-0-0-1-1-0-1-1,2,27,0.006638983511274592,0.20017022377375948,30
2,0-0-1-0-0-1-1-1-0-0,1,25,0.0383668597674033,0.2365256872629569,30
2,0-0-1-0-0-1-1-1-0-1,1,25,0.05681676900098287,0.18038900721645426,30
2,0-0-1-0-0-1-1-1-1-0,2,26,0.05681676900098287,0.18828004771681894,30
2,0-0-1-0-0-1-1-1-1-1,2,26,0.15200039776936902,0.13214336767031634,30
2,0-0-1-0-1-0-0-0-0-0,1,25,0.38737349858481906,0.23710551740666713,30
2,0-0-1-0-1-0-0-0-0-1,1,25,0.292189869816433,0.18096883736016445,30
2,0-0-1-0-1-0-0-0-1-0,2,27,0.292189869816433,0.18885987786052907,30
2,0-0-1-0-1-0-0-0-1-1,2,25,0.19700624104804682,0.13272319781402647,30
2,0-0-1-0-1-0-0-1-0-0,1,24,0.22873411730417562,0.16907866130322383,30
2,0-0-1-0-1-0-0-1-0-1,1,24,0.1335504885357894,0.11294198125672122,30
2,0-0-1-0-1-0-0-1-1-0,2,26,0.1335504885357894,0.12083302175708582,30
2,0-0-1-0-1-0-0-1-1-1,2,24,0.0383668597674033,0.06469634171058315,30
2,0-0-1-0-1-0-1-0-0-0,1,25,0.292189869816433,0.18870091069732017,30
2,0-0-1-0-1-0-1-0-0-1,1,25,0.19700624104804682,0.1325642306508176,30
2,0-0-1-0-1-0-1-0-1-0,2,25,0.19700624104804682,0.1404552711511822,30
2,0-0-1-0-1-0-1-0-1-1,2,25,0.10182261227966065,0.08431859110467958,30
2,0-0-1-0-1-0-1-1-0-0,1,24,0.1335504885357894,0.12067405459387695,30
2,0-0-1-0-1-0-1-1-0-1,1,24,0.0383668597674033,0.06453737454737435,30
2,0-0-1-0-1-0-1-1-1-0,2,24,0.0383668597674033,0.07242841504773889,30
2,0-0-1-0-1-0-1-1-1-1,2,24,0.05681676900098287,0.016291735001236284,30
2,0-0-1-0-1-1-0-0-0-0,1,26,0.292189869816433,0.18350576121723008,30
2,0-0-1-0-1-1-0-0-0-1,1,26,0.19700624104804682,0.12736908117072748,30
2,0-0-1-0-1-1-0-0-1-0,2,28,0.19700624104804682,0.13526012167109216,30
2,0-0-1-0-1-1-0-0-1-1,2,26,0.10182261227966065,0.07912344162458956,30
2,0-0-1-0-1-1-0-1-0-0,1,25,0.1335504885357894,0.11547890511378685,30
2,0-0-1-0-1-1-0-1-0-1,1,25,0.0383668597674033,0.05934222506728425,30
2,0-0-1-0-1-1-0-1-1-0,2,27,0.0383668597674033,0.06723326556764893,30
2,0-0-1-0-1-1-0-1-1-1,2,25,0.05681676900098287,0.011096585521146321,30
2,0-0-1-0-1-1-1-0-0-0,1,26,0.19700624104804682,0.1351011545078832,30
2,0-0-1-0-1-1-1-0-0-1,1,26,0.10182261227966065,0.07896447446138061,30
2,0-0-1-0-1-1-1-0-1-0,2,26,0.10182261227966065,0.08685551496174522,30
2,0-0-1-0-1-1-1-0-1-1,2,26,0.006638983511274592,0.030718834915242615,30
2,0-0-1-0-1-1-1-1-0-0,1,25,0.0383668597674033,0.06707429840443997,30
2,0-0-1-0-1-1-1-1-0-1,1,25,0.05681676900098287,0.010937618357937377,30
2,0-0-1-0-1-1-1-1-1-0,2,25,0.05681676900098287,0.01882865885830198,30
2,0-0-1-0-1-1-1-1-1-1,2,25,0.15200039776936902,0.03730802118820069,30
2,0-0-1-1-0-0-0-0-0-0,1,25,0.015292040672036917,0.04632737784891246,30
2,0-0-1-1-0-0-0-0-0-1,1,25,0.07989158809634914,0.10246405789541506,30
2,0-0-1-1-0-0-0-0-1-0,2,27,0.07989158809634914,0.09457301739505046,30
2,0-0-1-1-0-0-0-0-1-1,2,25,0.17507521686473532,0.15070969744155305,30
2,0-0-1-1-0-0-0-1-0-0,1,24,0.14334734060860654,0.1143542339523557,30
2,0-0-1-1-0-0-0-1-0-1,1,23,0.23853096937699272,0.1704909139988583,30
2,0-0-1-1-0-0-0-1-1-0,2,26,0.23853096937699272,0.1625998734984937,30
2,0-0-1-1-0-0-0-1-1-1,2,23,0.3337145981453789,0.21873655354499635,30
2,0-0-1-1-0-0-1-0-0-0,1,25,0.07989158809634914,0.09473198455825933,30
2,0-0-1-1-0-0-1-0-0-1,1,25,0.17507521686473532,0.15086866460476192,30
2,0-0-1-1-0-0-1-0-1-0,2,25,0.17507521686473532,0.14297762410439732,30
2,0-0-1-1-0-0-1-0-1-1,2,25,0.2702588456331215,0.19911430415089992,30
2,0-0-1-1-0-0-1-1-0-0,1,24,0.23853096937699272,0.16275884066170257,30
2,0-0-1-1-0-0-1-1-0-1,1,23,0.3337145981453789,0.21889552070820517,30
2,0-0-1-1-0-0-1-1-1-0,2,24,0.3337145981453789,0.21100448020784063,30
2,0-0-1-1-0-0-1-1-1-1,2,23,0.428898226913765,0.2671411602543432,30
2,0-0-1-1-0-1-0-0-0-0,1,26,0.07989158809634914,0.09992713403834942,30
2,0-0-1-1-0-1-0-0-0-1,1,26,0.17507521686473532,0.15606381408485204,30
2,0-0-1-1-0-1-0-0-1-0,2,28,0.17507521686473532,0.14817277358448736,30
2,0-0-1-1-0-1-0-0-1-1,2,26,0.2702588456331215,0.20430945363098996,30
2,0-0-1-1-0-1-0-1-0-0,1,25,0.23853096937699272,0.1679539901417926,30
2,0-0-1-1-0-1-0-1-0-1,1,24,0.3337145981453789,0.2240906701882952,30
2,0-0-1-1-0-1-0-1-1-0,2,27,0.3337145981453789,0.2161996296879306,30
2,0-0-1-1-0-1-0-1-1-1,2,24,0.428898226913765,0.2723363097344332,30
2,0-0-1-1-0-1-1-0-0-0,1,26,0.17507521686473532,0.1483317407476963,30
2,0-0-1-1-0-1-1-0-0-1,1,26,0.2702588456331215,0.2044684207941989,30
2,0-0-1-1-0-1-1-0-1-0,2,26,0.2702588456331215,0.19657738029383418,30
2,0-0-1-1-0-1-1-0-1-1,2,26,0.3654424744015076,0.2527140603403369,30
2,0-0-1-1-0-1-1-1-0-0,1,25,0.3337145981453789,0.21635859685113953,30
2,0-0-1-1-0-1-1-1-0-1,1,24,0.428898226913765,0.2724952768976422,30
2,0-0-1-1-0-1-1-1-1-0,2,25,0.428898226913765,0.26460423639727754,30
2,0-0-1-1-0-1-1-1-1-1,2,24,0.5240818556821512,0.3207409164437801,30
2,0-0-1-1-1-0-0-0-0-0,1,26,0.015292040672036917,0.2157787667074294,30
2,0-0-1-1-1-0-0-0-0-1,1,26,0.07989158809634914,0.271915446753932,30
2,0-0-1-1-1-0-0-0-1-0,2,27,0.07989158809634914,0.2640244062535673,30
2,0-0-1-1-1-0-0-0-1-1,2,25,0.17507521686473532,0.32016108630006995,30
2,0-0-1-1-1-0-0-1-0-0,1,25,0.14334734060860654,0.2838056228108726,30
2,0-0-1-1-1-0-0-1-0-1,1,24,0.23853096937699272,0.33994230285737526,30
2,0-0-1-1-1-0-0-1-1-0,2,26,0.23853096937699272,0.33205126235701066,30
2,0-0-1-1-1-0-0-1-1-1,2,23,0.3337145981453789,0.38818794240351323,30
2,0-0-1-1-1-0-1-0-0-0,1,26,0.07989158809634914,0.2641833734167764,30
2,0-0-1-1-1-0-1-0-0-1,1,26,0.17507521686473532,0.32032005346327896,30
2,0-0-1-1-1-0-1-0-1-0,2,25,0.17507521686473532,0.3124290129629143,30
2,0-0-1-1-1-0-1-0-1-1,2,25,0.2702588456331215,0.36856569300941694,30
2,0-0-1-1-1-0-1-1-0-0,1,25,0.23853096937699272,0.33221022952021967,30
2,0-0-1-1-1-0-1-1-0-1,1,24,0.3337145981453789,0.3883469095667222,30
2,0-0-1-1-1-0-1-1-1-0,2,24,0.3337145981453789,0.3804558690663576,30
2,0-0-1-1-1-0-1-1-1-1,2,23,0.428898226913765,0.43659254911286016,30
2,0-0-1-1-1-1-0-0-0-0,1,27,0.07989158809634914,0.26937852289686626,30
2,0-0-1-1-1-1-0-0-0-1,1,27,0.17507521686473532,0.32551520294336883,30
2,0-0-1-1-1-1-0-0-1-0,2,28,0.17507521686473532,0.31762416244300434,30
2,0-0-1-1-1-1-0-0-1-1,2,26,0.2702588456331215,0.373760842489507,30
2,0-0-1-1-1-1-0-1-0-0,1,26,0.23853096937699272,0.3374053790003095,30
2,0-0-1-1-1-1-0-1-0-1,1,25,0.3337145981453789,0.3935420590468122,30
2,0-0-1-1-1-1-0-1-1-0,2,27,0.3337145981453789,0.3856510185464476,30
2,0-0-1-1-1-1-0-1-1-1,2,24,0.428898226913765,0.44178769859295025,30
2,0-0-1-1-1-1-1-0-0-0,1,27,0.17507521686473532,0.31778312960621324,30
2,0-0-1-1-1-1-1-0-0-1,1,27,0.2702588456331215,0.3739198096527158,30
2,0-0-1-1-1-1-1-0-1-0,2,26,0.2702588456331215,0.36602876915235116,30
2,0-0-1-1-1-1-1-0-1-1,2,26,0.3654424744015076,0.4221654491988538,30
2,0-0-1-1-1-1-1-1-0-0,1,26,0.3337145981453789,0.38580998570965647,30
2,0-0-1-1-1-1-1-1-0-1,1,25,0.428898226913765,0.4419466657561591,30
2,0-0-1-1-1-1-1-1-1-0,2,25,0.428898226913765,0.4340556252557944,30
2,0-0-1-1-1-1-1-1-1-1,2,24,0.5240818556821512,0.490192305302297,30
2,0-1-0-0-0-0-0-0-0-0,3,24,0.5240818556821512,0.7561540635776967,30
2,0-1-0-0-0-0-0-0-0-1,3,25,0.428898226913765,0.7000173835311939,30
2,0-1-0-0-0-0-0-0-1-0,1,22,0.428898226913765,0.7079084240315585,30
2,0-1-0-0-0-0-0-0-1-1,1,23,0.3337145981453789,0.651771743985056,30
2,0-1-0-0-0-0-0-1-0-0,3,26,0.3654424744015076,0.6881272074742534,30
2,0-1-0-0-0-0-0-1-0-1,3,26,0.2702588456331215,0.6319905274277506,30
2,0-1-0-0-0-0-0-1-1-0,1,24,0.2702588456331215,0.6398815679281153,30
2,0-1-0-0-0-0-0-1-1-1,1,24,0.17507521686473532,0.5837448878816128,30
2,0-1-0-0-0-0-1-0-0-0,3,24,0.428898226913765,0.7077494568683497,30
2,0-1-0-0-0-0-1-0-0-1,3,27,0.3337145981453789,0.6516127768218472,30
2,0-1-0-0-0-0-1-0-1-0,1,22,0.3337145981453789,0.6595038173222116,30
2,0-1-0-0-0-0-1-0-1-1,1,25,0.23853096937699272,0.603367137275709,30
2,0-1-0-0-0-0-1-1-0-0,3,26,0.2702588456331215,0.6397226007649065,30
2,0-1-0-0-0-0-1-1-0-1,3,28,0.17507521686473532,0.5835859207184039,30
2,0-1-0-0-0-0-1-1-1-0,1,24,0.17507521686473532,0.5914769612187685,30
2,0-1-0-0-0-0-1-1-1-1,1,26,0.07989158809634914,0.535340281172266,30
2,0-1-0-0-0-1-0-0-0-0,3,23,0.428898226913765,0.7025543073882597,30
2,0-1-0-0-0-1-0-0-0-1,3,24,0.3337145981453789,0.6464176273417572,30
2,0-1-0-0-0-1-0-0-1-0,1,21,0.3337145981453789,0.6543086678421217,30
2,0-1-0-0-0-1-0-0-1-1,1,22,0.23853096937699272,0.5981719877956191,30
2,0-1-0-0-0-1-0-1-0-0,3,25,0.2702588456331215,0.6345274512848165,30
2,0-1-0-0-0-1-0-1-0-1,3,25,0.17507521686473532,0.5783907712383138,30
2,0-1-0-0-0-1-0-1-1-0,1,23,0.17507521686473532,0.5862818117386784,30
2,0-1-0-0-0-1-0-1-1-1,1,23,0.07989158809634914,0.5301451316921759,30
2,0-1-0-0-0-1-1-0-0-0,3,23,0.3337145981453789,0.6541497006789129,30
2,0-1-0-0-0-1-1-0-0-1,3,26,0.23853096937699272,0.5980130206324104,30
2,0-1-0-0-0-1-1-0-1-0,1,21,0.23853096937699272,0.605904061132775,30
2,0-1-0-0-0-1-1-0-1-1,1,24,0.14334734060860654,0.5497673810862723,30
2,0-1-0-0-0-1-1-1-0-0,3,25,0.17507521686473532,0.5861228445754697,30
2,0-1-0-0-0-1-1-1-0-1,3,27,0.07989158809634914,0.529986164528967,30
2,0-1-0-0-0-1-1-1-1-0,1,23,0.07989158809634914,0.5378772050293316,30
2,0-1-0-0-0-1-1-1-1-1,1,25,0.015292040672036917,0.48174052498282893,30
2,0-1-0-0-1-0-0-0-0-0,3,24,0.5240818556821512,0.5867026747191798,30
2,0-1-0-0-1-0-0-0-0-1,3,25,0.428898226913765,0.5305659946726772,30
2,0-1-0-0-1-0-0-0-1-0,1,23,0.428898226913765,0.5384570351730419,30
2,0-1-0-0-1-0-0-0-1-1,1,24,0.3337145981453789,0.4823203551265393,30
2,0-1-0-0-1-0-0-1-0-0,3,26,0.3654424744015076,0.5186758186157365,30
2,0-1-0-0-1-0-0-1-0-1,3,26,0.2702588456331215,0.46253913856923395,30
2,0-1-0-0-1-0-0-1-1-0,1,25,0.2702588456331215,0.4704301790695986,30
2,0-1-0-0-1-0-0-1-1-1,1,25,0.17507521686473532,0.4142934990230959,30
2,0-1-0-0-1-0-1-0-0-0,3,24,0.428898226913765,0.5382980680098329,30
2,0-1-0-0-1-0-1-0-0-1,3,27,0.3337145981453789,0.48216138796333036,30
2,0-1-0-0-1-0-1-0-1-0,1,23,0.3337145981453789,0.49005242846369496,30
2,0-1-0-0-1-0-1-0-1-1,1,25,0.23853096937699272,0.4339157484171923,30
2,0-1-0-0-1-0-1-1-0-0,3,26,0.2702588456331215,0.4702712119063897,30
2,0-1-0-0-1-0-1-1-0-1,3,28,0.17507521686473532,0.41413453185988713,30
2,0-1-0-0-1-0-1-1-1-0,1,25,0.17507521686473532,0.4220255723602516,30
2,0-1-0-0-1-0-1-1-1-1,1,26,0.07989158809634914,0.3658888923137491,30
2,0-1-0-0-1-1-0-0-0-0,3,23,0.428898226913765,0.533102918529743,30
2,0-1-0-0-1-1-0-0-0-1,3,24,0.3337145981453789,0.4769662384832404,30
2,0-1-0-0-1-1-0-0-1-0,1,22,0.3337145981453789,0.4848572789836049,30
2,0-1-0-0-1-1-0-0-1-1,1,23,0.23853096937699272,0.4287205989371024,30
2,0-1-0-0-1-1-0-1-0-0,3,25,0.2702588456331215,0.46507606242629973,30
2,0-1-0-0-1-1-0-1-0-1,3,25,0.17507521686473532,0.40893938237979716,30
2,0-1-0-0-1-1-0-1-1-0,1,24,0.17507521686473532,0.41683042288016176,30
2,0-1-0-0-1-1-0-1-1-1,1,24,0.07989158809634914,0.36069374283365907,30
2,0-1-0-0-1-1-1-0-0-0,3,23,0.3337145981453789,0.484698311820396,30
2,0-1-0-0-1-1-1-0-0-1,3,26,0.23853096937699272,0.42856163177389345,30
2,0-1-0-0-1-1-1-0-1-0,1,22,0.23853096937699272,0.43645267227425805,30
2,0-1-0-0-1-1-1-0-1-1,1,24,0.14334734060860654,0.3803159922277554,30
2,0-1-0-0-1-1-1-1-0-0,3,25,0.17507521686473532,0.4166714557169528,30
2,0-1-0-0-1-1-1-1-0-1,3,27,0.07989158809634914,0.3605347756704502,30
2,0-1-0-0-1-1-1-1-1-0,1,24,0.07989158809634914,0.3684258161708148,30
2,0-1-0-0-1-1-1-1-1-1,1,25,0.015292040672036917,0.3122891361243122,30
2,0-1-0-1-0-0-0-0-0-0,3,26,0.15200039776936902,0.3032697794636002,30
2,0-1-0-1-0-0-0-0-0-1,3,26,0.05681676900098287,0.24713309941709757,30
2,0-1-0-1-0-0-0-0-1-0,1,24,0.05681676900098287,0.25502413991746226,30
2,0-1-0-1-0-0-0-0-1-1,1,24,0.0383668597674033,0.19888745987095963,30
2,0-1-0-1-0-0-0-1-0-0,3,27,0.006638983511274592,0.23524292336015692,30
2,0-1-0-1-0-0-0-1-0-1,3,27,0.10182261227966065,0.17910624331365432,30
2,0-1-0-1-0-0-0-1-1-0,1,25,0.10182261227966065,0.186997283814019,30
2,0-1-0-1-0-0-0-1-1-1,1,25,0.19700624104804682,0.1308606037675164,30
2,0-1-0-1-0-0-1-0-0-0,3,26,0.05681676900098287,0.25486517275425336,30
2,0-1-0-1-0-0-1-0-0-1,3,27,0.0383668597674033,0.19872849270775075,30
2,0-1-0-1-0-0-1-0-1-0,1,24,0.0383668597674033,0.20661953320811535,30
2,0-1-0-1-0-0-1-0-1-1,1,25,0.1335504885357894,0.15048285316161275,30
2,0-1-0-1-0-0-1-1-0-0,3,27,0.10182261227966065,0.18683831665081013,30
2,0-1-0-1-0-0-1-1-0-1,3,28,0.19700624104804682,0.13070163660430745,30
2,0-1-0-1-0-0-1-1-1-0,1,25,0.19700624104804682,0.13859267710467205,30
2,0-1-0-1-0-0-1-1-1-1,1,26,0.292189869816433,0.08245599705816946,30
2,0-1-0-1-0-1-0-0-0-0,3,25,0.05681676900098287,0.24967002327416332,30
2,0-1-0-1-0-1-0-0-0-1,3,25,0.0383668597674033,0.19353334322766072,30
2,0-1-0-1-0-1-0-0-1-0,1,23,0.0383668597674033,0.20142438372802532,30
2,0-1-0-1-0-1-0-0-1-1,1,23,0.1335504885357894,0.14528770368152272,30
2,0-1-0-1-0-1-0-1-0-0,3,26,0.10182261227966065,0.18164316717072002,30
2,0-1-0-1-0-1-0-1-0-1,3,26,0.19700624104804682,0.12550648712421741,30
2,0-1-0-1-0-1-0-1-1-0,1,24,0.19700624104804682,0.133397527624582,30
2,0-1-0-1-0-1-0-1-1-1,1,24,0.292189869816433,0.07726084757807943,30
2,0-1-0-1-0-1-1-0-0-0,3,25,0.0383668597674033,0.2012654165648164,30
2,0-1-0-1-0-1-1-0-0-1,3,26,0.1335504885357894,0.1451287365183138,30
2,0-1-0-1-0-1-1-0-1-0,1,23,0.1335504885357894,0.1530197770186784,30
2,0-1-0-1-0-1-1-0-1-1,1,24,0.22873411730417562,0.09688309697217579,30
2,0-1-0-1-0-1-1-1-0-0,3,26,0.19700624104804682,0.13323856046137314,30
2,0-1-0-1-0-1-1-1-0-1,3,27,0.292189869816433,0.07710188041487055,30
2,0-1-0-1-0-1-1-1-1-0,1,24,0.292189869816433,0.08499292091523515,30
2,0-1-0-1-0-1-1-1-1-1,1,25,0.38737349858481906,0.028856240868732553,30
2,0-1-0-1-1-0-0-0-0-0,3,27,0.15200039776936902,0.1338183906050834,30
2,0-1-0-1-1-0-0-0-0-1,3,27,0.05681676900098287,0.07768171055858081,30
2,0-1-0-1-1-0-0-0-1-0,1,25,0.05681676900098287,0.0855727510589454,30
2,0-1-0-1-1-0-0-0-1-1,1,25,0.0383668597674033,0.02943607101244282,30
2,0-1-0-1-1-0-0-1-0-0,3,28,0.006638983511274592,0.0657915345016401,30
2,0-1-0-1-1-0-0-1-0-1,3,28,0.10182261227966065,0.009654854455137517,30
2,0-1-0-1-1-0-0-1-1-0,1,26,0.10182261227966065,0.017545894955502187,30
2,0-1-0-1-1-0-0-1-1-1,1,26,0.19700624104804682,0.0385907850910004,30
2,0-1-0-1-1-0-1-0-0-0,3,27,0.05681676900098287,0.08541378389573646,30
2,0-1-0-1-1-0-1-0-0-1,3,27,0.0383668597674033,0.029277103849233876,30
2,0-1-0-1-1-0-1-0-1-0,1,25,0.0383668597674033,0.03716814434959848,30
2,0-1-0-1-1-0-1-0-1-1,1,25,0.1335504885357894,0.018968535696904112,30
2,0-1-0-1-1-0-1-1-0-0,3,28,0.10182261227966065,0.01738692779229324,30
2,0-1-0-1-1-0-1-1-0-1,3,28,0.19700624104804682,0.038749752254209346,30
2,0-1-0-1-1-0-1-1-1-0,1,26,0.19700624104804682,0.030858711753844748,30
2,0-1-0-1-1-0-1-1-1-1,1,26,0.292189869816433,0.08699539180034734,30
2,0-1-0-1-1-1-0-0-0-0,3,26,0.05681676900098287,0.08021863441564644,30
2,0-1-0-1-1-1-0-0-0-1,3,26,0.0383668597674033,0.024081954369143847,30
2,0-1-0-1-1-1-0-0-1-0,1,24,0.0383668597674033,0.03197299486950845,30
2,0-1-0-1-1-1-0-0-1-1,1,24,0.1335504885357894,0.02416368517699414,30
2,0-1-0-1-1-1-0-1-0-0,3,27,0.10182261227966065,0.012191778312203215,30
2,0-1-0-1-1-1-0-1-0-1,3,27,0.19700624104804682,0.04394490173429938,30
2,0-1-0-1-1-1-0-1-1-0,1,25,0.19700624104804682,0.036053861233934774,30
2,0-1-0-1-1-1-0-1-1-1,1,25,0.292189869816433,0.09219054128043735,30
2,0-1-0-1-1-1-1-0-0-0,3,26,0.0383668597674033,0.031814027706299576,30
2,0-1-0-1-1-1-1-0-0-1,3,26,0.1335504885357894,0.02432265234020302,30
2,0-1-0-1-1-1-1-0-1-0,1,24,0.1335504885357894,0.016431611839838413,30
2,0-1-0-1-1-1-1-0-1-1,1,24,0.22873411730417562,0.072568291886341,30
2,0-1-0-1-1-1-1-1-0-0,3,27,0.19700624104804682,0.036212828397143654,30
2,0-1-0-1-1-1-1-1-0-1,3,27,0.292189869816433,0.0923495084436463,30
2,0-1-0-1-1-1-1-1-1-0,1,25,0.292189869816433,0.08445846794328163,30
2,0-1-0-1-1-1-1-1-1-1,1,25,0.38737349858481906,0.14059514798978423,30
2,0-1-1-0-0-0-0-0-0-0,0,23,0.08854464525711146,0.16271096984288058,30
2,0-1-1-0-0-0-0-0-0-1,0,23,0.18372827402549768,0.106574289796378,30
2,0-1-1-0-0-0-0-0-1-0,1,25,0.18372827402549768,0.1144653302967426,30
2,0-1-1-0-0-0-0-0-1-1,1,24,0.27891190279388384,0.05832865025024008,30
2,0-1-1-0-0-0-0-1-0-0,0,24,0.2471840265377551,0.09468411373943736,30
2,0-1-1-0-0-0-0-1-0-1,0,24,0.34236765530614127,0.03854743369293478,30
2,0-1-1-0-0-0-0-1-1-0,1,26,0.34236765530614127,0.046438474193299384,30
2,0-1-1-0-0-0-0-1-1-1,1,25,0.4375512840745273,0.009698205853203207,30
2,0-1-1-0-0-0-1-0-0-0,0,23,0.18372827402549768,0.11430636313353372,30
2,0-1-1-0-0-0-1-0-0-1,0,23,0.27891190279388384,0.05816968308703114,30
2,0-1-1-0-0-0-1-0-1-0,1,24,0.27891190279388384,0.06606072358739574,30
2,0-1-1-0-0-0-1-0-1-1,1,24,0.37409553156226993,0.009924043540893154,30
2,0-1-1-0-0-0-1-1-0-0,0,24,0.34236765530614127,0.04627950703009044,30
2,0-1-1-0-0-0-1-1-0-1,0,24,0.4375512840745273,0.009857173016412082,30
2,0-1-1-0-0-0-1-1-1-0,1,25,0.4375512840745273,0.001966132516047481,30
2,0-1-1-0-0-0-1-1-1-1,1,25,0.5327349128429135,0.05810281256255007,30
2,0-1-1-0-0-1-0-0-0-0,0,24,0.18372827402549768,0.1091112136534437,30
2,0-1-1-0-0-1-0-0-0-1,0,24,0.27891190279388384,0.05297453360694111,30
2,0-1-1-0-0-1-0-0-1-0,1,26,0.27891190279388384,0.060865574107305705,30
2,0-1-1-0-0-1-0-0-1-1,1,25,0.37409553156226993,0.004728894060803122,30
2,0-1-1-0-0-1-0-1-0-0,0,24,0.34236765530614127,0.04108435755000041,30
2,0-1-1-0-0-1-0-1-0-1,0,24,0.4375512840745273,0.01505232249650218,30
2,0-1-1-0-0-1-0-1-1-0,1,26,0.4375512840745273,0.00716128199613751,30
2,0-1-1-0-0-1-0-1-1-1,1,25,0.5327349128429135,0.06329796204264017,30
2,0-1-1-0-0-1-1-0-0-0,0,24,0.27891190279388384,0.06070660694409684,30
2,0-1-1-0-0-1-1-0-0-1,0,24,0.37409553156226993,0.0045699268975942465,30
2,0-1-1-0-0-1-1-0-1-0,1,25,0.37409553156226993,0.012460967397958846,30
2,0-1-1-0-0-1-1-0-1-1,1,25,0.4692791603306561,0.04367571264854374,30
2,0-1-1-0-0-1-1-1-0-0,0,24,0.4375512840745273,0.0073202491593464545,30
2,0-1-1-0-0-1-1-1-0-1,0,24,0.5327349128429135,0.06345692920584904,30
2,0-1-1-0-0-1-1-1-1-0,1,25,0.5327349128429135,0.05556588870548445,30
2,0-1-1-0-0-1-1-1-1-1,1,25,0.6279185416112997,0.11170256875198704,30
2,0-1-1-0-1-0-0-0-0-0,0,23,0.08854464525711146,0.0067404190156362485,30
2,0-1-1-0-1-0-0-0-0-1,0,23,0.18372827402549768,0.06287709906213891,30
2,0-1-1-0-1-0-0-0-1-0,1,25,0.18372827402549768,0.05498605856177424,30
2,0-1-1-0-1-0-0-0-1-1,1,23,0.27891190279388384,0.11112273860827684,30
2,0-1-1-0-1-0-0-1-0-0,0,24,0.2471840265377551,0.07476727511907955,30
2,0-1-1-0-1-0-0-1-0-1,0,24,0.34236765530614127,0.13090395516558215,30
2,0-1-1-0-1-0-0-1-1-0,1,26,0.34236765530614127,0.12301291466521748,30
2,0-1-1-0-1-0-0-1-1-1,1,24,0.4375512840745273,0.1791495947117201,30
2,0-1-1-0-1-0-1-0-0-0,0,23,0.18372827402549768,0.05514502572498312,30
2,0-1-1-0-1-0-1-0-0-1,0,23,0.27891190279388384,0.11128170577148572,30
2,0-1-1-0-1-0-1-0-1-0,1,23,0.27891190279388384,0.10339066527112105,30
2,0-1-1-0-1-0-1-0-1-1,1,23,0.37409553156226993,0.15952734531762366,30
2,0-1-1-0-1-0-1-1-0-0,0,24,0.34236765530614127,0.12317188182842642,30
2,0-1-1-0-1-0-1-1-0-1,0,24,0.4375512840745273,0.17930856187492902,30
2,0-1-1-0-1-0-1-1-1-0,1,24,0.4375512840745273,0.17141752137456437,30
2,0-1-1-0-1-0-1-1-1-1,1,24,0.5327349128429135,0.22755420142106703,30
2,0-1-1-0-1-1-0-0-0-0,0,24,0.18372827402549768,0.060340175205073156,30
2,0-1-1-0-1-1-0-0-0-1,0,24,0.27891190279388384,0.11647685525157575,30
2,0-1-1-0-1-1-0-0-1-0,1,26,0.27891190279388384,0.10858581475121115,30
2,0-1-1-0-1-1-0-0-1-1,1,24,0.37409553156226993,0.16472249479771375,30
2,0-1-1-0-1-1-0-1-0-0,0,24,0.34236765530614127,0.1283670313085164,30
2,0-1-1-0-1-1-0-1-0-1,0,24,0.4375512840745273,0.184503711355019,30
2,0-1-1-0-1-1-0-1-1-0,1,26,0.4375512840745273,0.17661267085465437,30
2,0-1-1-0-1-1-0-1-1-1,1,24,0.5327349128429135,0.23274935090115703,30
2,0-1-1-0-1-1-1-0-0-0,0,24,0.27891190279388384,0.10874478191442002,30
2,0-1-1-0-1-1-1-0-0-1,0,24,0.37409553156226993,0.16488146196092268,30
2,0-1-1-0-1-1-1-0-1-0,1,24,0.37409553156226993,0.15699042146055803,30
2,0-1-1-0-1-1-1-0-1-1,1,24,0.4692791603306561,0.21312710150706063,30
2,0-1-1-0-1-1-1-1-0-0,0,24,0.4375512840745273,0.17677163801786333,30
2,0-1-1-0-1-1-1-1-0-1,0,24,0.5327349128429135,0.23290831806436593,30
2,0-1-1-0-1-1-1-1-1-0,1,24,0.5327349128429135,0.22501727756400125,30
2,0-1-1-0-1-1-1-1-1-1,1,24,0.6279185416112997,0.2811539576105039,30
2,0-1-1-1-0-0-0-0-0-0,0,23,0.4606261031698937,0.29017331427121595,30
2,0-1-1-1-0-0-0-0-0-1,0,22,0.5558097319382798,0.3463099943177186,30
2,0-1-1-1-0-0-0-0-1-0,1,25,0.5558097319382798,0.3384189538173539,30
2,0-1-1-1-0-0-0-0-1-1,1,22,0.6509933607066659,0.39455563386385656,30
2,0-1-1-1-0-0-0-1-0-0,0,24,0.6192654844505372,0.3582001703746592,30
2,0-1-1-1-0-0-0-1-0-1,0,23,0.7144491132189233,0.4143368504211618,30
2,0-1-1-1-0-0-0-1-1-0,1,26,0.7144491132189233,0.40644580992079715,30
2,0-1-1-1-0-0-0-1-1-1,1,23,0.8096327419873095,0.4625824899672998,30
2,0-1-1-1-0-0-1-0-0-0,0,22,0.5558097319382798,0.3385779209805628,30
2,0-1-1-1-0-0-1-0-0-1,0,22,0.6509933607066659,0.39471460102706535,30
2,0-1-1-1-0-0-1-0-1-0,1,22,0.6509933607066659,0.3868235605267007,30
2,0-1-1-1-0-0-1-0-1-1,1,22,0.7461769894750522,0.4429602405732033,30
2,0-1-1-1-0-0-1-1-0-0,0,23,0.7144491132189233,0.406604777084006,30
2,0-1-1-1-0-0-1-1-0-1,0,23,0.8096327419873095,0.4627414571305086,30
2,0-1-1-1-0-0-1-1-1-0,1,23,0.8096327419873095,0.454850416630144,30
2,0-1-1-1-0-0-1-1-1-1,1,23,0.9048163707556957,0.5109870966766465,30
2,0-1-1-1-0-1-0-0-0-0,0,24,0.5558097319382798,0.3437730704606528,30
2,0-1-1-1-0-1-0-0-0-1,0,23,0.6509933607066659,0.3999097505071554,30
2,0-1-1-1-0-1-0-0-1-0,1,26,0.6509933607066659,0.3920187100067908,30
2,0-1-1-1-0-1-0-0-1-1,1,23,0.7461769894750522,0.4481553900532934,30
2,0-1-1-1-0-1-0-1-0-0,0,24,0.7144491132189233,0.41179992656409603,30
2,0-1-1-1-0-1-0-1-0-1,0,23,0.8096327419873095,0.46793660661059866,30
2,0-1-1-1-0-1-0-1-1-0,1,26,0.8096327419873095,0.46004556611023406,30
2,0-1-1-1-0-1-0-1-1-1,1,23,0.9048163707556957,0.5161822461567366,30
2,0-1-1-1-0-1-1-0-0-0,0,23,0.6509933607066659,0.3921776771699997,30
2,0-1-1-1-0-1-1-0-0-1,0,23,0.7461769894750522,0.4483143572165023,30
2,0-1-1-1-0-1-1-0-1-0,1,23,0.7461769894750522,0.44042331671613777,30
2,0-1-1-1-0-1-1-0-1-1,1,23,0.8413606182434382,0.4965599967626403,30
2,0-1-1-1-0-1-1-1-0-0,0,23,0.8096327419873095,0.4602045332734429,30
2,0-1-1-1-0-1-1-1-0-1,0,23,0.9048163707556957,0.5163412133199455,30
2,0-1-1-1-0-1-1-1-1-0,1,23,0.9048163707556957,0.5084501728195809,30
2,0-1-1-1-0-1-1-1-1-1,1,21,0.9999999995240818,0.5645868528660836,30
2,0-1-1-1-1-0-0-0-0-0,0,24,0.4606261031698937,0.45962470312973264,30
2,0-1-1-1-1-0-0-0-0-1,0,23,0.5558097319382798,0.5157613831762352,30
2,0-1-1-1-1-0-0-0-1-0,1,25,0.5558097319382798,0.5078703426758706,30
2,0-1-1-1-1-0-0-0-1-1,1,22,0.6509933607066659,0.5640070227223734,30
2,0-1-1-1-1-0-0-1-0-0,0,25,0.6192654844505372,0.527651559233176,30
2,0-1-1-1-1-0-0-1-0-1,0,24,0.7144491132189233,0.5837882392796786,30
2,0-1-1-1-1-0-0-1-1-0,1,26,0.7144491132189233,0.5758971987793139,30
2,0-1-1-1-1-0-0-1-1-1,1,23,0.8096327419873095,0.6320338788258165,30
2,0-1-1-1-1-0-1-0-0-0,0,23,0.5558097319382798,0.5080293098390796,30
2,0-1-1-1-1-0-1-0-0-1,0,23,0.6509933607066659,0.5641659898855822,30
2,0-1-1-1-1-0-1-0-1-0,1,22,0.6509933607066659,0.5562749493852175,30
2,0-1-1-1-1-0-1-0-1-1,1,22,0.7461769894750522,0.6124116294317201,30
2,0-1-1-1-1-0-1-1-0-0,0,24,0.7144491132189233,0.5760561659425228,30
2,0-1-1-1-1-0-1-1-0-1,0,24,0.8096327419873095,0.6321928459890255,30
2,0-1-1-1-1-0-1-1-1-0,1,23,0.8096327419873095,0.6243018054886608,30
2,0-1-1-1-1-0-1-1-1-1,1,23,0.9048163707556957,0.6804384855351635,30
2,0-1-1-1-1-1-0-0-0-0,0,25,0.5558097319382798,0.5132244593191695,30
2,0-1-1-1-1-1-0-0-0-1,0,24,0.6509933607066659,0.5693611393656721,30
2,0-1-1-1-1-1-0-0-1-0,1,26,0.6509933607066659,0.5614700988653076,30
2,0-1-1-1-1-1-0-0-1-1,1,23,0.7461769894750522,0.6176067789118102,30
2,0-1-1-1-1-1-0-1-0-0,0,25,0.7144491132189233,0.5812513154226128,30
2,0-1-1-1-1-1-0-1-0-1,0,24,0.8096327419873095,0.6373879954691154,30
2,0-1-1-1-1-1-0-1-1-0,1,26,0.8096327419873095,0.6294969549687509,30
2,0-1-1-1-1-1-0-1-1-1,1,23,0.9048163707556957,0.6856336350152534,30
2,0-1-1-1-1-1-1-0-0-0,0,24,0.6509933607066659,0.5616290660285165,30
2,0-1-1-1-1-1-1-0-0-1,0,24,0.7461769894750522,0.617765746075019,30
2,0-1-1-1-1-1-1-0-1-0,1,23,0.7461769894750522,0.6098747055746544,30
2,0-1-1-1-1-1-1-0-1-1,1,23,0.8413606182434382,0.666011385621157,30
2,0-1-1-1-1-1-1-1-0-0,0,24,0.8096327419873095,0.6296559221319596,30
2,0-1-1-1-1-1-1-1-0-1,0,24,0.9048163707556957,0.6857926021784623,30
2,0-1-1-1-1-1-1-1-1-0,1,23,0.9048163707556957,0.6779015616780977,30
2,0-1-1-1-1-1-1-1-1-1,1,21,0.9999999995240818,0.7340382417246003,30
3,0-0-0-0-0-0-0-0-1-2,2,26,1.2122985933313613,1.3035083502383589,30
3,0-0-0-0-0-0-0-1-0-2,4,28,1.1456528009692608,1.2825389133786849,30
3,0-0-0-0-0-0-0-1-1-2,2,26,1.0485460599253622,1.2318965585138713,30
3,0-0-0-0-0-0-0-1-2-0,2,26,1.1456528009692608,1.2909447912864414,30
3,0-0-0-0-0-0-0-1-2-1,2,26,1.0485460599253622,1.2322233299581928,30
3,0-0-0-0-0-0-0-1-2-2,2,26,1.04421689155261,1.2315472614382468,30
3,0-0-0-0-0-0-1-0-0-2,4,28,1.2122985933313613,1.303339383970221,30
3,0-0-0-0-0-0-1-0-1-2,2,26,1.1128686052032708,1.252404308696501,30
3,0-0-0-0-0-0-1-0-2-0,2,26,1.2122985933313613,1.311700499189471,30
3,0-0-0-0-0-0-1-0-2-1,2,29,1.1128686052032708,1.2526330254745335,30
3,0-0-0-0-0-0-1-0-2-2,2,26,1.1128686052032708,1.2526276823846398,30
3,0-0-0-0-0-0-1-1-0-2,4,28,1.0485460599253622,1.2317309380112518,30
3,0-0-0-0-0-0-1-1-1-2,2,26,0.9558018145750239,1.1818756718982057,30
3,0-0-0-0-0-0-1-1-2-0,2,26,1.0485460599253622,1.2402501962931398,30
3,0-0-0-0-0-0-1-1-2-1,2,29,0.9558018145750239,1.1824585624484663,30
3,0-0-0-0-0-0-1-1-2-2,2,26,0.9438788591720301,1.1800282468191396,30
3,0-0-0-0-0-0-1-2-0-0,4,28,1.1456528009692608,1.2907752786746722,30
3,0-0-0-0-0-0-1-2-0-1,4,31,1.04421689155261,1.2313804427188482,30
3,0-0-0-0-0-0-1-2-0-2,4,28,1.0485460599253622,1.2320511704529604,30
3,0-0-0-0-0-0-1-2-1-0,2,26,1.04421689155261,1.239671043621508,30
3,0-0-0-0-0-0-1-2-1-1,2,29,0.9462754685515714,1.1811461895798288,30
3,0-0-0-0-0-0-1-2-1-2,2,26,0.9438788591720301,1.1801254543550577,30
3,0-0-0-0-0-0-1-2-2-0,2,26,1.0485460599253622,1.2402436568475839,30
3,0-0-0-0-0-0-1-2-2-1,2,29,0.9438788591720301,1.1800270454823125,30
3,0-0-0-0-0-0-1-2-2-2,2,26,0.9558018145750239,1.1824460431749177,30
3,0-0-0-0-0-1-0-0-0-2,4,28,1.2122985933313613,1.2978214248898665,30
3,0-0-0-0-0-1-0-0-1-2,2,26,1.1128686052032708,1.246962462732725,30
3,0-0-0-0-0-1-0-0-2-0,2,26,1.2122985933313613,1.3061943224370425,30
3,0-0-0-0-0-1-0-0-2-1,2,26,1.1128686052032708,1.2472168296791113,30
3,0-0-0-0-0-1-0-0-2-2,2,26,1.1128686052032708,1.247036076757769,30
3,0-0-0-0-0-1-0-1-0-2,4,27,1.0485460599253622,1.2263230544223327,30
3,0-0-0-0-0-1-0-1-1-2,2,25,0.9558018145750239,1.1765581855165896,30
3,0-0-0-0-0-1-0-1-2-0,2,25,1.0485460599253622,1.234854722976101,30
3,0-0-0-0-0-1-0-1-2-1,2,25,0.9558018145750239,1.1771698283133907,30
3,0-0-0-0-0-1-0-1-2-2,2,25,0.9438788591720301,1.1745423612660806,30
3,0-0-0-0-0-1-0-2-0-0,4,27,1.1456528009692608,1.2852394243859415,30
3,0-0-0-0-0-1-0-2-0-1,4,27,1.04421689155261,1.2259332233042577,30
3,0-0-0-0-0-1-0-2-0-2,4,27,1.0485460599253622,1.2264285964698372,30
3,0-0-0-0-0-1-0-2-1-0,2,25,1.04421689155261,1.2342105915440365,30
3,0-0-0-0-0-1-0-2-1-1,2,25,0.9462754685515714,1.1757860027986653,30
3,0-0-0-0-0-1-0-2-1-2,2,25,0.9438788591720301,1.1745744052927467,30
3,0-0-0-0-0-1-0-2-2-0,2,25,1.0485460599253622,1.2346334886405363,30
3,0-0-0-0-0-1-0-2-2-1,2,25,0.9438788591720301,1.1745017098004682,30
3,0-0-0-0-0-1-0-2-2-2,2,25,0.9558018145750239,1.1767462027167501,30
3,0-0-0-0-0-1-1-0-0-2,4,28,1.1128686052032708,1.2467960843436992,30
3,0-0-0-0-0-1-1-0-1-2,2,26,1.0170865032260372,1.196696010739192,30
3,0-0-0-0-0-1-1-0-2-0,2,26,1.1128686052032708,1.2552811194829872,30
3,0-0-0-0-0-1-1-0-2-1,2,29,1.0170865032260372,1.1972003687592851,30
3,0-0-0-0-0-1-1-0-2-2,2,26,1.0103836252992022,1.1953083152804276,30
3,0-0-0-0-0-1-1-1-0-2,4,27,0.9558018145750239,1.1763956385865337,30
3,0-0-0-0-0-1-1-1-1-2,2,25,0.8688182475342204,1.127534284271128,30
3,0-0-0-0-0-1-1-1-2-0,2,25,0.9558018145750239,1.185045023392007,30
3,0-0-0-0-0-1-1-1-2-1,2,28,0.8688182475342204,1.1284264030321225,30
3,0-0-0-0-0-1-1-1-2-2,2,25,0.8477059953330575,1.1238732979734447,30
3,0-0-0-0-0-1-1-2-0-0,4,27,1.04421689155261,1.2340436426525343,30
3,0-0-0-0-0-1-1-2-0-1,4,30,0.9462754685515714,1.1756221432651117,30
3,0-0-0-0-0-1-1-2-0-2,4,27,0.9438788591720301,1.174404677738314,30
3,0-0-0-0-0-1-1-2-1-0,2,25,0.9462754685515714,1.1837673132325144,30
3,0-0-0-0-0-1-1-2-1-1,2,28,0.8530330460801713,1.126345335025793,30
3,0-0-0-0-0-1-1-2-1-2,2,25,0.842345256615364,1.123267649336739,30
3,0-0-0-0-0-1-1-2-2-0,2,25,0.9438788591720301,1.1827282663652876,30
3,0-0-0-0-0-1-1-2-2-1,2,28,0.842345256615364,1.1234466559965448,30
3,0-0-0-0-0-1-1-2-2-2,2,25,0.8477059953330575,1.1239812441826853,30
3,0-0-0-0-0-1-2-0-0-0,4,28,1.2122985933313613,1.3060254720724742,30
3,0-0-0-0-0-1-2-0-0-1,4,28,1.1128686052032708,1.2470453607641327,30
3,0-0-0-0-0-1-2-0-0-2,4,31,1.1128686052032708,1.246869950771575,30
3,0-0-0-0-0-1-2-0-1-0,2,26,1.1128686052032708,1.2552760286202695,30
3,0-0-0-0-0-1-2-0-1-1,2,26,1.0170865032260372,1.1971894404071624,30
3,0-0-0-0-0-1-2-0-1-2,2,29,1.0103836252992022,1.19530856832448,30
3,0-0-0-0-0-1-2-0-2-0,2,26,1.1128686052032708,1.255126265785586,30
3,0-0-0-0-0-1-2-0-2-1,2,26,1.0103836252992022,1.195334290569942,30
3,0-0-0-0-0-1-2-0-2-2,2,29,1.0170865032260372,1.196849670423304,30
3,0-0-0-0-0-1-2-1-0-0,4,27,1.0485460599253622,1.2346826854079769,30
3,0-0-0-0-0-1-2-1-0-1,4,27,0.9558018145750239,1.1769950455776848,30
3,0-0-0-0-0-1-2-1-0-2,4,30,0.9438788591720301,1.174372886635547,30
3,0-0-0-0-0-1-2-1-1-0,2,25,0.9558018145750239,1.1850327866813946,30
3,0-0-0-0-0-1-2-1-1-1,2,25,0.8688182475342204,1.1284076210618907,30
3,0-0-0-0-0-1-2-1-1-2,2,28,0.8477059953330575,1.1238663504948379,30
3,0-0-0-0-0-1-2-1-2-0,2,25,0.9438788591720301,1.1827948857589505,30
3,0-0-0-0-0-1-2-1-2-1,2,25,0.8477059953330575,1.1242518714647318,30
3,0-0-0-0-0-1-2-1-2-2,2,28,0.842345256615364,1.123316133191589,30
3,0-0-0-0-0-1-2-2-0-0,4,27,1.0485460599253622,1.2344679903169122,30
3,0-0-0-0-0-1-2-2-0-1,4,27,0.9438788591720301,1.1743334364658815,30
3,0-0-0-0-0-1-2-2-0-2,4,30,0.9558018145750239,1.176583938832671,30
3,0-0-0-0-0-1-2-2-1-0,2,25,0.9438788591720301,1.1827297206936835,30
3,0-0-0-0-0-1-2-2-1-1,2,25,0.842345256615364,1.1234422295736306,30
3,0-0-0-0-0-1-2-2-1-2,2,28,0.8477059953330575,1.12398872915183,30
3,0-0-0-0-0-1-2-2-2-0,2,25,0.9558018145750239,1.1846504235498703,30
3,0-0-0-0-0-1-2-2-2-1,2,25,0.8477059953330575,1.1236578446964351,30
3,0-0-0-0-0-1-2-2-2-2,2,28,0.8688182475342204,1.1278121395477774,30
3,0-0-0-0-1-0-0-0-0-2,4,28,1.3145489705153397,1.1769885729834875,30
3,0-0-0-0-1-0-0-0-1-2,2,29,1.2122985933313613,1.1281157040954435,30
3,0-0-0-0-1-0-0-0-2-0,2,26,1.3145489705153397,1.185636526558275,30
3,0-0-0-0-1-0-0-0-2-1,2,28,1.2122985933313613,1.129004323944442,30
3,0-0-0-0-1-0-0-0-2-2,2,26,1.2178907028814228,1.1244752691508284,30
3,0-0-0-0-1-0-0-1-0-2,4,30,1.1456528009692608,1.1083649899167007,30
3,0-0-0-0-1-0-0-1-1-2,2,29,1.0485460599253622,1.0609721435095132,30
3,0-0-0-0-1-0-0-1-2-0,2,28,1.1456528009692608,1.1171837892815912,30
3,0-0-0-0-1-0-0-1-2-1,2,28,1.0485460599253622,1.062296010995333,30
3,0-0-0-0-1-0-0-1-2-2,2,28,1.04421689155261,1.0547693964273448,30
3,0-0-0-0-1-0-0-2-0-0,4,28,1.2497325848665581,1.16398808949655,30
3,0-0-0-0-1-0-0-2-0-1,4,30,1.1456528009692608,1.1070007861799904,30
3,0-0-0-0-1-0-0-2-0-2,4,28,1.1554956288630989,1.1031365671515518,30
3,0-0-0-0-1-0-0-2-1-0,2,29,1.1456528009692608,1.1149312477032634,30
3,0-0-0-0-1-0-0-2-1-1,2,29,1.04421689155261,1.05914078635041,30
3,0-0-0-0-1-0-0-2-1-2,2,29,1.0485460599253622,1.0531743566231084,30
3,0-0-0-0-1-0-0-2-2-0,2,26,1.1554956288630989,1.1116347196505245,30
3,0-0-0-0-1-0-0-2-2-1,2,28,1.0485460599253622,1.053744154475862,30
3,0-0-0-0-1-0-0-2-2-2,2,26,1.0656868829585104,1.051617237079206,30
3,0-0-0-0-1-0-1-0-0-2,4,30,1.2122985933313613,1.1279562864372328,30
3,0-0-0-0-1-0-1-0-1-2,2,29,1.1128686052032708,1.080108447624283,30
3,0-0-0-0-1-0-1-0-2-0,2,28,1.2122985933313613,1.1367252580200786,30
3,0-0-0-0-1-0-1-0-2-1,2,31,1.1128686052032708,1.0813014955856433,30
3,0-0-0-0-1-0-1-0-2-2,2,28,1.1128686052032708,1.0746771054241835,30
3,0-0-0-0-1-0-1-1-0-2,4,30,1.0485460599253622,1.060817926742707,30
3,0-0-0-0-1-0-1-1-1-2,2,29,0.9558018145750239,1.0146573538647583,30
3,0-0-0-0-1-0-1-1-2-0,2,28,1.0485460599253622,1.0697609068344665,30
3,0-0-0-0-1-0-1-1-2-1,2,31,0.9558018145750239,1.0163234797509995,30
3,0-0-0-0-1-0-1-1-2-2,2,28,0.9438788591720301,1.0064309063601238,30
3,0-0-0-0-1-0-1-2-0-0,4,30,1.1456528009692608,1.1147712162650265,30
3,0-0-0-0-1-0-1-2-0-1,4,33,1.04421689155261,1.0589849642394138,30
3,0-0-0-0-1-0-1-2-0-2,4,30,1.0485460599253622,1.053011295660933,30
3,0-0-0-0-1-0-1-2-1-0,2,29,1.04421689155261,1.06673530589896,30
3,0-0-0-0-1-0-1-2-1-1,2,31,0.9462754685515714,1.0123159352771323,30
3,0-0-0-0-1-0-1-2-1-2,2,29,0.9438788591720301,1.004044153448502,30
3,0-0-0-0-1-0-1-2-2-0,2,28,1.0485460599253622,1.0616408568189077,30
3,0-0-0-0-1-0-1-2-2-1,2,31,0.9438788591720301,1.0049269245997898,30
3,0-0-0-0-1-0-1-2-2-2,2,28,0.9558018145750239,1.0006619224974125,30
3,0-0-0-0-1-0-2-0-0-0,4,28,1.3145489705153397,1.1854621561874645,30
3,0-0-0-0-1-0-2-0-0-1,4,30,1.2122985933313613,1.1288271346676058,30
3,0-0-0-0-1-0-2-0-0-2,4,31,1.2178907028814228,1.1243033190565732,30
3,0-0-0-0-1-0-2-0-1-0,2,29,1.2122985933313613,1.1367074849806045,30
3,0-0-0-0-1-0-2-0-1-1,2,29,1.1128686052032708,1.0812766217359449,30
3,0-0-0-0-1-0-2-0-1-2,2,32,1.1128686052032708,1.0746645341436494,30
3,0-0-0-0-1-0-2-0-2-0,2,26,1.2178907028814228,1.1328477114251714,30
3,0-0-0-0-1-0-2-0-2-1,2,28,1.1128686052032708,1.0753309437269782,30
3,0-0-0-0-1-0-2-0-2-2,2,29,1.1250139119098448,1.0724767675165574,30
3,0-0-0-0-1-0-2-1-0-0,4,30,1.1456528009692608,1.1170059940445898,30
3,0-0-0-0-1-0-2-1-0-1,4,30,1.0485460599253622,1.0621153291934602,30
3,0-0-0-0-1-0-2-1-0-2,4,33,1.04421689155261,1.0545937715556686,30
3,0-0-0-0-1-0-2-1-1-0,2,29,1.0485460599253622,1.069734439441356,30
3,0-0-0-0-1-0-2-1-1-1,2,29,0.9558018145750239,1.0162890350661191,30
3,0-0-0-0-1-0-2-1-1-2,2,32,0.9438788591720301,1.006409423766312,30
3,0-0-0-0-1-0-2-1-2-0,2,28,1.04421689155261,1.0633197087558819,30
3,0-0-0-0-1-0-2-1-2-1,2,28,0.9438788591720301,1.0075206746519618,30
3,0-0-0-0-1-0-2-1-2-2,2,31,0.9462754685515714,1.001618433034098,30
3,0-0-0-0-1-0-2-2-0-0,4,28,1.1554956288630989,1.1114633339363797,30
3,0-0-0-0-1-0-2-2-0-1,4,30,1.0485460599253622,1.0535697042330374,30
3,0-0-0-0-1-0-2-2-0-2,4,31,1.0656868829585104,1.0514487993910653,30
3,0-0-0-0-1-0-2-2-1-0,2,29,1.0485460599253622,1.0616294664862158,30
3,0-0-0-0-1-0-2-2-1-1,2,29,0.9438788591720301,1.0049082312316115,30
3,0-0-0-0-1-0-2-2-1-2,2,32,0.9558018145750239,1.00065652659342,30
3,0-0-0-0-1-0-2-2-2-0,2,26,1.0656868829585104,1.05982081209545,30
3,0-0-0-0-1-0-2-2-2-1,2,28,0.9558018145750239,1.0009700583881804,30
3,0-0-0-0-1-0-2-2-2-2,2,29,0.9815226366424475,1.0007692235970893,30
3,0-0-0-0-1-1-0-0-0-2,4,30,1.2122985933313613,1.1227525377805858,30
3,0-0-0-0-1-1-0-0-1-2,2,29,1.1128686052032708,1.0750228209375032,30
3,0-0-0-0-1-1-0-0-2-0,2,28,1.2122985933313613,1.1315346642935247,30
3,0-0-0-0-1-1-0-0-2-1,2,28,1.1128686052032708,1.076250075012897,30
3,0-0-0-0-1-1-0-0-2-2,2,28,1.1128686052032708,1.0693898834691593,30
3,0-0-0-0-1-1-0-1-0-2,4,29,1.0485460599253622,1.0557853852637489,30
3,0-0-0-0-1-1-0-1-1-2,2,28,0.9558018145750239,1.0097670928076805,30
3,0-0-0-0-1-1-0-1-2-0,2,27,1.0485460599253622,1.0647417579519924,30
3,0-0-0-0-1-1-0-1-2-1,2,27,0.9558018145750239,1.0114716724461696,30
3,0-0-0-0-1-1-0-1-2-2,2,27,0.9438788591720301,1.0013127584718446,30
3,0-0-0-0-1-1-0-2-0-0,4,29,1.1456528009692608,1.1095473845020862,30
3,0-0-0-0-1-1-0-2-0-1,4,29,1.04421689155261,1.0538997123351155,30
3,0-0-0-0-1-1-0-2-0-2,4,29,1.0485460599253622,1.0476883030263189,30
3,0-0-0-0-1-1-0-2-1-0,2,28,1.04421689155261,1.0616292557297846,30
3,0-0-0-0-1-1-0-2-1-1,2,28,0.9462754685515714,1.0073683198902559,30
3,0-0-0-0-1-1-0-2-1-2,2,28,0.9438788591720301,0.9988366150228897,30
3,0-0-0-0-1-1-0-2-2-0,2,27,1.0485460599253622,1.056332243034078,30
3,0-0-0-0-1-1-0-2-2-1,2,27,0.9438788591720301,0.9997547388856362,30
3,0-0-0-0-1-1-0-2-2-2,2,27,0.9558018145750239,0.9952478282361006,30
3,0-0-0-0-1-1-1-0-0-2,4,30,1.1128686052032708,1.0748674195576453,30
3,0-0-0-0-1-1-1-0-1-2,2,29,1.0170865032260372,1.0283222781274397,30
3,0-0-0-0-1-1-1-0-2-0,2,28,1.1128686052032708,1.0837732516369385,30
3,0-0-0-0-1-1-1-0-2-1,2,31,1.0170865032260372,1.0298833964046454,30
3,0-0-0-0-1-1-1-0-2-2,2,28,1.0103836252992022,1.020717589841311,30
3,0-0-0-0-1-1-1-1-0-2,4,29,0.9558018145750239,1.009617713749303,30
3,0-0-0-0-1-1-1-1-1-2,2,28,0.8688182475342204,0.9650288407711641,30
3,0-0-0-0-1-1-1-1-2-0,2,27,0.9558018145750239,1.0186987853328502,30
3,0-0-0-0-1-1-1-1-2-1,2,30,0.8688182475342204,0.9671085616578083,30
3,0-0-0-0-1-1-1-1-2-2,2,27,0.8477059953330575,0.954345511473622,30
3,0-0-0-0-1-1-1-2-0-0,4,29,1.04421689155261,1.0614732290231332,30
3,0-0-0-0-1-1-1-2-0-1,4,32,0.9462754685515714,1.0072171776217256,30
3,0-0-0-0-1-1-1-2-0-2,4,29,0.9438788591720301,0.998677479797644,30
3,0-0-0-0-1-1-1-2-1-0,2,28,0.9462754685515714,1.0147377137574853,30
3,0-0-0-0-1-1-1-2-1-1,2,30,0.8530330460801713,0.9620700103307278,30
3,0-0-0-0-1-1-1-2-1-2,2,28,0.842345256615364,0.9509923477558614,30
3,0-0-0-0-1-1-1-2-2-0,2,27,0.9438788591720301,1.0074575881704853,30
3,0-0-0-0-1-1-1-2-2-1,2,30,0.842345256615364,0.952257498774375,30
3,0-0-0-0-1-1-1-2-2-2,2,27,0.8477059953330575,0.9453714268883889,30
3,0-0-0-0-1-1-2-0-0-0,4,30,1.2122985933313613,1.131357603962207,30
3,0-0-0-0-1-1-2-0-0-1,4,30,1.1128686052032708,1.0760701377436706,30
3,0-0-0-0-1-1-2-0-0-2,4,33,1.1128686052032708,1.0692150513707552,30
3,0-0-0-0-1-1-2-0-1-0,2,29,1.1128686052032708,1.0837487136103252,30
3,0-0-0-0-1-1-2-0-1-1,2,29,1.0170865032260372,1.029851075469231,30
3,0-0-0-0-1-1-2-0-1-2,2,32,1.0103836252992022,1.020698093136729,30
3,0-0-0-0-1-1-2-0-2-0,2,28,1.1128686052032708,1.0779018384560985,30
3,0-0-0-0-1-1-2-0-2-1,2,28,1.0103836252992022,1.0217102386165429,30
3,0-0-0-0-1-1-2-0-2-2,2,31,1.0170865032260372,1.016488180685943,30
3,0-0-0-0-1-1-2-1-0-0,4,29,1.0485460599253622,1.0645612071301733,30
3,0-0-0-0-1-1-2-1-0-1,4,29,0.9558018145750239,1.0112882292373289,30
3,0-0-0-0-1-1-2-1-0-2,4,32,0.9438788591720301,1.0011341391365016,30
3,0-0-0-0-1-1-2-1-1-0,2,28,0.9558018145750239,1.0186647178892823,30
3,0-0-0-0-1-1-2-1-1-1,2,28,0.8688182475342204,0.9670657560023997,30
3,0-0-0-0-1-1-2-1-1-2,2,31,0.8477059953330575,0.9543161600522356,30
3,0-0-0-0-1-1-2-1-2-0,2,27,0.9438788591720301,1.0100078751172772,30
3,0-0-0-0-1-1-2-1-2-1,2,27,0.8477059953330575,0.9558199368671375,30
3,0-0-0-0-1-1-2-1-2-2,2,30,0.842345256615364,0.9472169544035683,30
3,0-0-0-0-1-1-2-2-0-0,4,29,1.0485460599253622,1.0561579338941995,30
3,0-0-0-0-1-1-2-2-0-1,4,29,0.9438788591720301,0.9995772593510281,30
3,0-0-0-0-1-1-2-2-0-2,4,32,0.9558018145750239,0.9950762709105616,30
3,0-0-0-0-1-1-2-2-1-0,2,28,0.9438788591720301,1.0074392419918572,30
3,0-0-0-0-1-1-2-2-1-1,2,28,0.842345256615364,0.9522310604478816,30
3,0-0-0-0-1-1-2-2-1-2,2,31,0.8477059953330575,0.9453589556105099,30
3,0-0-0-0-1-1-2-2-2-0,2,27,0.9558018145750239,1.0036024731778346,30
3,0-0-0-0-1-1-2-2-2-1,2,27,0.8477059953330575,0.9460261969411705,30
3,0-0-0-0-1-1-2-2-2-2,2,30,0.8688182475342204,0.9434247070449195,30
3,0-0-0-0-1-2-0-0-0-0,4,28,1.3145489705153397,1.1797671190212824,30
3,0-0-0-0-1-2-0-0-0-1,4,30,1.2122985933313613,1.1230396649269598,30
3,0-0-0-0-1-2-0-0-0-2,4,28,1.2178907028814228,1.1186879814967374,30
3,0-0-0-0-1-2-0-0-1-0,2,29,1.2122985933313613,1.1309331557372801,30
3,0-0-0-0-1-2-0-0-1-1,2,29,1.1128686052032708,1.0754080559089583,30
3,0-0-0-0-1-2-0-0-1-2,2,29,1.1128686052032708,1.0689642990360393,30
3,0-0-0-0-1-2-0-0-2-0,2,26,1.2178907028814228,1.1272203859849268,30
3,0-0-0-0-1-2-0-0-2-1,2,28,1.1128686052032708,1.0696055148987165,30
3,0-0-0-0-1-2-0-0-2-2,2,26,1.1250139119098448,1.0669410449945187,30
3,0-0-0-0-1-2-0-1-0-0,4,29,1.1456528009692608,1.1111986485916294,30
3,0-0-0-0-1-2-0-1-0-1,4,29,1.0485460599253622,1.0562132720593365,30
3,0-0-0-0-1-2-0-1-0-2,4,29,1.04421689155261,1.04885794282963,30
3,0-0-0-0-1-2-0-1-1-0,2,28,1.0485460599253622,1.0638457509390358,30
3,0-0-0-0-1-2-0-1-1-1,2,28,0.9558018145750239,1.0103053356911407,30
3,0-0-0-0-1-2-0-1-1-2,2,28,0.9438788591720301,1.0005852559588522,30
3,0-0-0-0-1-2-0-1-2-0,2,27,1.04421689155261,1.0575730607653682,30
3,0-0-0-0-1-2-0-1-2-1,2,27,0.9438788591720301,1.0016722734234567,30
3,0-0-0-0-1-2-0-1-2-2,2,27,0.9462754685515714,0.9959550072940494,30
3,0-0-0-0-1-2-0-2-0-0,4,27,1.1554956288630989,1.1058665846812041,30
3,0-0-0-0-1-2-0-2-0-1,4,29,1.0485460599253622,1.0478724825919536,30
3,0-0-0-0-1-2-0-2-0-2,4,27,1.0656868829585104,1.0459491639190135,30
3,0-0-0-0-1-2-0-2-1-0,2,28,1.0485460599253622,1.0559466129994983,30
3,0-0-0-0-1-2-0-2-1-1,2,28,0.9438788591720301,0.999121682407397,30
3,0-0-0-0-1-2-0-2-1-2,2,28,0.9558018145750239,0.9950650857807172,30
3,0-0-0-0-1-2-0-2-2-0,2,25,1.0656868829585104,1.0543065228422766,30
3,0-0-0-0-1-2-0-2-2-1,2,27,0.9558018145750239,0.9953494892815218,30
3,0-0-0-0-1-2-0-2-2-2,2,25,0.9815226366424475,0.9953672912994008,30
3,0-0-0-0-1-2-1-0-0-0,4,30,1.2122985933313613,1.1307738678007258,30
3,0-0-0-0-1-2-1-0-0-1,4,33,1.1128686052032708,1.075252991502629,30
3,0-0-0-0-1-2-1-0-0-2,4,30,1.1128686052032708,1.0688020377047893,30
3,0-0-0-0-1-2-1-0-1-0,2,29,1.1128686052032708,1.0829657526192296,30
3,0-0-0-0-1-2-1-0-1-1,2,31,1.0170865032260372,1.0288145251079004,30
3,0-0-0-0-1-2-1-0-1-2,2,29,1.0103836252992022,1.020081174266681,30
3,0-0-0-0-1-2-1-0-2-0,2,28,1.1128686052032708,1.077463619046486,30
3,0-0-0-0-1-2-1-0-2-1,2,31,1.0103836252992022,1.0210337071073365,30
3,0-0-0-0-1-2-1-0-2-2,2,28,1.0170865032260372,1.0162387299065947,30
3,0-0-0-0-1-2-1-1-0-0,4,29,1.0485460599253622,1.0636916664406004,30
3,0-0-0-0-1-2-1-1-0-1,4,32,0.9558018145750239,1.0101563356513021,30
3,0-0-0-0-1-2-1-1-0-2,4,29,0.9438788591720301,1.0004281182271673,30
3,0-0-0-0-1-2-1-1-1-0,2,28,0.9558018145750239,1.0175712456812909,30
3,0-0-0-0-1-2-1-1-1-1,2,30,0.8688182475342204,0.9656873983495795,30
3,0-0-0-0-1-2-1-1-1-2,2,28,0.8477059953330575,0.9533783213226548,30
3,0-0-0-0-1-2-1-1-2-0,2,27,0.9438788591720301,1.0092775982312567,30
3,0-0-0-0-1-2-1-1-2-1,2,30,0.8477059953330575,0.9548191747859903,30
3,0-0-0-0-1-2-1-1-2-2,2,27,0.842345256615364,0.9466693080840557,30
3,0-0-0-0-1-2-1-2-0-0,4,29,1.0485460599253622,1.0557836937151228,30
3,0-0-0-0-1-2-1-2-0-1,4,32,0.9438788591720301,0.9989628953732768,30
3,0-0-0-0-1-2-1-2-0-2,4,29,0.9558018145750239,0.9948989241036449,30
3,0-0-0-0-1-2-1-2-1-0,2,28,0.9438788591720301,1.0068602127050232,30
3,0-0-0-0-1-2-1-2-1-1,2,30,0.842345256615364,0.951388562280805,30
3,0-0-0-0-1-2-1-2-1-2,2,28,0.8477059953330575,0.9449733722399308,30
3,0-0-0-0-1-2-1-2-2-0,2,27,0.9558018145750239,1.0033959914807098,30
3,0-0-0-0-1-2-1-2-2-1,2,30,0.8477059953330575,0.9455758558590787,30
3,0-0-0-0-1-2-1-2-2-2,2,27,0.8688182475342204,0.9434369226821258,30
3,0-0-0-0-1-2-2-0-0-0,4,28,1.2178907028814228,1.127048317964691,30
3,0-0-0-0-1-2-2-0-0-1,4,30,1.1128686052032708,1.0694304352233246,30
3,0-0-0-0-1-2-2-0-0-2,4,31,1.1250139119098448,1.0667718020304833,30
3,0-0-0-0-1-2-2-0-1-0,2,29,1.1128686052032708,1.0774507995545102,30
3,0-0-0-0-1-2-2-0-1-1,2,29,1.0103836252992022,1.0210136239581156,30
3,0-0-0-0-1-2-2-0-1-2,2,32,1.0170865032260372,1.0162317241098309,30
3,0-0-0-0-1-2-2-0-2-0,2,26,1.1250139119098448,1.075183327673139,30
3,0-0-0-0-1-2-2-0-2-1,2,28,1.0170865032260372,1.016624442902813,30
3,0-0-0-0-1-2-2-0-2-2,2,29,1.0369352001740495,1.0158289249569197,30
3,0-0-0-0-1-2-2-1-0-0,4,29,1.04421689155261,1.0573973294642685,30
3,0-0-0-0-1-2-2-1-0-1,4,29,0.9438788591720301,1.0014934161940467,30
3,0-0-0-0-1-2-2-1-0-2,4,32,0.9462754685515714,0.9957818444428302,30
3,0-0-0-0-1-2-2-1-1-0,2,28,0.9438788591720301,1.0092558765391715,30
3,0-0-0-0-1-2-2-1-1-1,2,28,0.8477059953330575,0.9547892043499591,30
3,0-0-0-0-1-2-2-1-1-2,2,31,0.842345256615364,0.9466532198957073,30
3,0-0-0-0-1-2-2-1-2-0,2,27,0.9462754685515714,1.0043870709074003,30
3,0-0-0-0-1-2-2-1-2-1,2,27,0.842345256615364,0.9474997960812779,30
3,0-0-0-0-1-2-2-1-2-2,2,30,0.8530330460801714,0.9436158157122352,30
3,0-0-0-0-1-2-2-2-0-0,4,27,1.0656868829585104,1.0541379410038398,30
3,0-0-0-0-1-2-2-2-0-1,4,29,0.9558018145750239,0.9951776455498775,30
3,0-0-0-0-1-2-2-2-0-2,4,30,0.9815226366424475,0.9952021758472425,30
3,0-0-0-0-1-2-2-2-1-0,2,28,0.9558018145750239,1.0033903088359803,30
3,0-0-0-0-1-2-2-2-1-1,2,28,0.8477059953330575,0.9455627475196281,30
3,0-0-0-0-1-2-2-2-1-2,2,31,0.8688182475342204,0.943437973085404,30
3,0-0-0-0-1-2-2-2-2-0,2,25,0.9815226366424475,1.0034112184344617,30
3,0-0-0-0-1-2-2-2-2-1,2,27,0.8688182475342204,0.9434343357461475,30
3,0-0-0-0-1-2-2-2-2-2,2,28,0.9045797972080061,0.9456107526460996,30
3,0-0-0-1-0-0-0-0-0-2,4,32,0.9341229229116836,0.9074444832702317,30
3,0-0-0-1-0-0-0-0-1-2,2,30,0.8488007473214606,0.8670764874050539,30
3,0-0-0-1-0-0-0-0-2-0,2,30,0.9341229229116836,0.9168055910113366,30
3,0-0-0-1-0-0-0-0-2-1,2,30,0.8488007473214606,0.8701621845107791,30
3,0-0-0-1-0-0-0-0-2-2,2,30,0.8251839179287286,0.8503585256618107,30
3,0-0-0-1-0-0-0-1-0-2,4,32,0.7963336589134077,0.851157733031029,30
3,0-0-0-1-0-0-0-1-1-2,2,30,0.7261707690129431,0.8140525958614101,30
3,0-0-0-1-0-0-0-1-2-0,2,30,0.7963336589134077,0.8606632814147769,30
3,0-0-0-1-0-0-0-1-2-1,2,30,0.7261707690129431,0.8178309270170224,30
3,0-0-0-1-0-0-0-1-2-2,2,30,0.6820117063295691,0.7931245912309153,30
3,0-0-0-1-0-0-0-2-0-0,4,32,0.8612747739531744,0.8933514215083983,30
3,0-0-0-1-0-0-0-2-0-1,4,32,0.7737772502301294,0.8463995366794651,30
3,0-0-0-1-0-0-0-2-0-2,4,32,0.7538281938941017,0.8270340067020112,30
3,0-0-0-1-0-0-0-2-1-0,2,30,0.7737772502301294,0.8528208374720095,30
3,0-0-0-1-0-0-0-2-1-1,2,30,0.6948726496581427,0.8085442747921219,30
3,0-0-0-1-0-0-0-2-1-2,2,30,0.6624075991465237,0.78566811810282,30
3,0-0-0-1-0-0-0-2-2-0,2,30,0.7538281938941017,0.8363323751378852,30
3,0-0-0-1-0-0-0-2-2-1,2,30,0.6624075991465237,0.7885618429331805,30
3,0-0-0-1-0-0-0-2-2-2,2,30,0.6495378550283376,0.7703800216301068,30
3,0-0-0-1-0-0-1-0-0-2,4,32,0.8488007473214606,0.8669470265634212,30
3,0-0-0-1-0-0-1-0-1-2,2,30,0.7716991329148241,0.8288360665917486,30
3,0-0-0-1-0-0-1-0-2-0,2,30,0.8488007473214606,0.8764138316407972,30
3,0-0-0-1-0-0-1-0-2-1,2,31,0.7716991329148241,0.8324078097261504,30
3,0-0-0-1-0-0-1-0-2-2,2,30,0.7364750211136959,0.8091688610091313,30
3,0-0-0-1-0-0-1-1-0-2,4,32,0.7261707690129431,0.8139346305411641,30
3,0-0-0-1-0-0-1-1-1-2,2,30,0.6690892651678856,0.7795560651725932,30
3,0-0-0-1-0-0-1-1-2-0,2,30,0.7261707690129431,0.8235219706865085,30
3,0-0-0-1-0-0-1-1-2-1,2,31,0.6690892651678856,0.7838663146048052,30
3,0-0-0-1-0-0-1-1-2-2,2,30,0.6098414070828687,0.7553606293171327,30
3,0-0-0-1-0-0-1-2-0-0,4,32,0.7737772502301294,0.8526908747631036,30
3,0-0-0-1-0-0-1-2-0-1,4,33,0.6948726496581427,0.8084237521518417,30
3,0-0-0-1-0-0-1-2-0-2,4,32,0.6624075991465237,0.7855355655310601,30
3,0-0-0-1-0-0-1-2-1-0,2,30,0.6948726496581427,0.8144410844515801,30
3,0-0-0-1-0-0-1-2-1-1,2,31,0.6278093142473866,0.7732441821793311,30
3,0-0-0-1-0-0-1-2-1-2,2,30,0.5800779934182112,0.7465662742843813,30
3,0-0-0-1-0-0-1-2-2-0,2,30,0.6624075991465237,0.7949589763682617,30
3,0-0-0-1-0-0-1-2-2-1,2,31,0.5800779934182112,0.7499930228300332,30
3,0-0-0-1-0-0-1-2-2-2,2,30,0.5531873022621191,0.7280585285613589,30
3,0-0-0-1-0-0-2-0-0-0,4,32,0.9341229229116836,0.9166169467875261,30
3,0-0-0-1-0-0-2-0-0-1,4,32,0.8488007473214606,0.8699711194138459,30
3,0-0-0-1-0-0-2-0-0-2,4,35,0.8251839179287286,0.8501708823880677,30
3,0-0-0-1-0-0-2-0-1-0,2,30,0.8488007473214606,0.876352220112691,30
3,0-0-0-1-0-0-2-0-1-1,2,30,0.7716991329148241,0.8323348997038736,30
3,0-0-0-1-0-0-2-0-1-2,2,33,0.7364750211136959,0.8091104009127074,30
3,0-0-0-1-0-0-2-0-2-0,2,30,0.8251839179287286,0.8594891753924134,30
3,0-0-0-1-0-0-2-0-2-1,2,30,0.7364750211136959,0.8120635991959527,30
3,0-0-0-1-0-0-2-0-2-2,2,33,0.7186453445552714,0.7933792251071812,30
3,0-0-0-1-0-0-2-1-0-0,4,32,0.7963336589134077,0.8604717545966265,30
3,0-0-0-1-0-0-2-1-0-1,4,32,0.7261707690129431,0.8176375526488715,30
3,0-0-0-1-0-0-2-1-0-2,4,35,0.6820117063295691,0.7929336323832461,30
3,0-0-0-1-0-0-2-1-1-0,2,30,0.7261707690129431,0.8234465523359874,30
3,0-0-0-1-0-0-2-1-1-1,2,30,0.6690892651678856,0.7837785412280591,30
3,0-0-0-1-0-0-2-1-1-2,2,33,0.6098414070828687,0.7552872662147672,30
3,0-0-0-1-0-0-2-1-2-0,2,30,0.6820117063295691,0.8024148893843986,30
3,0-0-0-1-0-0-2-1-2-1,2,30,0.6098414070828687,0.758980702518237,30
3,0-0-0-1-0-0-2-1-2-2,2,33,0.5686056703607024,0.7350692550394079,30
3,0-0-0-1-0-0-2-2-0-0,4,32,0.7538281938941017,0.8361449750140385,30
3,0-0-0-1-0-0-2-2-0-1,4,32,0.6624075991465237,0.7883715770503102,30
3,0-0-0-1-0-0-2-2-0-2,4,35,0.6495378550283376,0.7701939540989603,30
3,0-0-0-1-0-0-2-2-1-0,2,30,0.6624075991465237,0.7949012546021791,30
3,0-0-0-1-0-0-2-2-1-1,2,30,0.5800779934182112,0.7499229153187721,30
3,0-0-0-1-0-0-2-2-1-2,2,33,0.5531873022621191,0.7280046959352279,30
3,0-0-0-1-0-0-2-2-2-0,2,30,0.6495378550283376,0.7794353291049504,30
3,0-0-0-1-0-0-2-2-2-1,2,30,0.5531873022621191,0.7307347545879896,30
3,0-0-0-1-0-0-2-2-2-2,2,33,0.5502014847886205,0.7139361246209834,30
3,0-0-0-1-0-1-0-0-0-2,4,32,0.8488007473214606,0.8627296521054049,30
3,0-0-0-1-0-1-0-0-1-2,2,30,0.7716991329148241,0.8248796645363804,30
3,0-0-0-1-0-1-0-0-2-0,2,30,0.8488007473214606,0.8722069807927648,30
3,0-0-0-1-0-1-0-0-2-1,2,30,0.7716991329148241,0.8285055763710264,30
3,0-0-0-1-0-1-0-0-2-2,2,30,0.7364750211136959,0.8048822996844808,30
3,0-0-0-1-0-1-0-1-0-2,4,31,0.7261707690129431,0.8100957459506197,30
3,0-0-0-1-0-1-0-1-1-2,2,29,0.6690892651678856,0.7760316510865393,30
3,0-0-0-1-0-1-0-1-2-0,2,29,0.7261707690129431,0.819690477140043,30
3,0-0-0-1-0-1-0-1-2-1,2,29,0.6690892651678856,0.7804007666675327,30
3,0-0-0-1-0-1-0-1-2-2,2,29,0.6098414070828687,0.7514726742199557,30
3,0-0-0-1-0-1-0-2-0-0,4,31,0.7737772502301294,0.8484572414223144,30
3,0-0-0-1-0-1-0-2-0-1,4,31,0.6948726496581427,0.8045009888082372,30
3,0-0-0-1-0-1-0-2-0-2,4,31,0.6624075991465237,0.7812179881429608,30
3,0-0-0-1-0-1-0-2-1-0,2,29,0.6948726496581427,0.8104715742010798,30
3,0-0-0-1-0-1-0-2-1-1,2,29,0.6278093142473866,0.7696306732140853,30
3,0-0-0-1-0-1-0-2-1-2,2,29,0.5800779934182112,0.7425284857232138,30
3,0-0-0-1-0-1-0-2-2-0,2,29,0.6624075991465237,0.7906539708937015,30
3,0-0-0-1-0-1-0-2-2-1,2,29,0.5800779934182112,0.7460149979777264,30
3,0-0-0-1-0-1-0-2-2-2,2,29,0.5531873022621191,0.7236577963780059,30
3,0-0-0-1-0-1-1-0-0-2,4,32,0.7716991329148241,0.8247590767161593,30
3,0-0-0-1-0-1-1-0-1-2,2,30,0.7055183657234807,0.789529908611729,30
3,0-0-0-1-0-1-1-0-2-0,2,30,0.7716991329148241,0.8343243705415105,30
3,0-0-0-1-0-1-1-0-2-1,2,31,0.7055183657234807,0.7936784297009728,30
3,0-0-0-1-0-1-1-0-2-2,2,30,0.6565380298080602,0.7663312372340465,30
3,0-0-0-1-0-1-1-1-0-2,4,31,0.6690892651678856,0.7759243772798682,30
3,0-0-0-1-0-1-1-1-1-2,2,29,0.6286626068890782,0.7450064286709047,30
3,0-0-0-1-0-1-1-1-2-0,2,29,0.6690892651678856,0.7855718018717386,30
3,0-0-0-1-0-1-1-1-2-1,2,30,0.6286626068890782,0.749938501449332,30
3,0-0-0-1-0-1-1-1-2-2,2,29,0.5530396781051741,0.7169502552901836,30
3,0-0-0-1-0-1-1-2-0-0,4,31,0.6948726496581427,0.810350591700502,30
3,0-0-0-1-0-1-1-2-0-1,4,32,0.6278093142473866,0.7695206648945044,30
3,0-0-0-1-0-1-1-2-0-2,4,31,0.5800779934182112,0.7424054463869151,30
3,0-0-0-1-0-1-1-2-1-0,2,29,0.6278093142473866,0.7750216107686173,30
3,0-0-0-1-0-1-1-2-1-1,2,30,0.5767329021412237,0.7377516651836373,30
3,0-0-0-1-0-1-1-2-1-2,2,29,0.5112503291272812,0.7065541646330051,30
3,0-0-0-1-0-1-1-2-2-0,2,29,0.5800779934182112,0.7519475110995955,30
3,0-0-0-1-0-1-1-2-2-1,2,30,0.5112503291272812,0.7106205434164307,30
3,0-0-0-1-0-1-1-2-2-2,2,29,0.466168131897588,0.6841402450499448,30
3,0-0-0-1-0-1-2-0-0-0,4,32,0.8488007473214606,0.872016016867727,30
3,0-0-0-1-0-1-2-0-0-1,4,32,0.7716991329148241,0.8283126174586987,30
3,0-0-0-1-0-1-2-0-0-2,4,35,0.7364750211136959,0.804691993462058,30
3,0-0-0-1-0-1-2-0-1-0,2,30,0.7716991329148241,0.8342519905776918,30
3,0-0-0-1-0-1-2-0-1-1,2,30,0.7055183657234807,0.7935939090257605,30
3,0-0-0-1-0-1-2-0-1-2,2,33,0.6565380298080602,0.766261169247918,30
3,0-0-0-1-0-1-2-0-2-0,2,30,0.7364750211136959,0.8141411922558734,30
3,0-0-0-1-0-1-2-0-2-1,2,30,0.6565380298080602,0.7697910525210722,30
3,0-0-0-1-0-1-2-0-2-2,2,33,0.6257059807441399,0.7470396252464931,30
3,0-0-0-1-0-1-2-1-0-0,4,31,0.7261707690129431,0.8194971724776127,30
3,0-0-0-1-0-1-2-1-0-1,4,31,0.6690892651678856,0.7802063059429679,30
3,0-0-0-1-0-1-2-1-0-2,4,34,0.6098414070828687,0.7512796344573432,30
3,0-0-0-1-0-1-2-1-1-0,2,29,0.6690892651678856,0.7854846041424736,30
3,0-0-0-1-0-1-2-1-1-1,2,29,0.6286626068890782,0.7498382342690653,30
3,0-0-0-1-0-1-2-1-1-2,2,32,0.5530396781051741,0.7168640469731178,30
3,0-0-0-1-0-1-2-1-2-0,2,29,0.6098414070828687,0.7608630374261168,30
3,0-0-0-1-0-1-2-1-2-1,2,29,0.5530396781051741,0.7211943918957823,30
3,0-0-0-1-0-1-2-1-2-2,2,32,0.4936282683967723,0.6927359419471282,30
3,0-0-0-1-0-1-2-2-0-0,4,31,0.6624075991465237,0.7904638259460164,30
3,0-0-0-1-0-1-2-2-0-1,4,31,0.5800779934182112,0.7458224463504108,30
3,0-0-0-1-0-1-2-2-0-2,4,34,0.5531873022621191,0.723468545525128,30
3,0-0-0-1-0-1-2-2-1-0,2,29,0.5800779934182112,0.7518779881115918,30
3,0-0-0-1-0-1-2-2-1-1,2,29,0.5112503291272812,0.7105375573818414,30
3,0-0-0-1-0-1-2-2-1-2,2,32,0.466168131897588,0.6840736146702528,30
3,0-0-0-1-0-1-2-2-2-0,2,29,0.5531873022621191,0.7328662940265736,30
3,0-0-0-1-0-1-2-2-2-1,2,29,0.466168131897588,0.6874398819659813,30
3,0-0-0-1-0-1-2-2-2-2,2,32,0.44769222117950547,0.6661769519037682,30
3,0-0-0-1-0-2-0-0-0-0,4,32,0.9341229229116836,0.9104533337282433,30
3,0-0-0-1-0-2-0-0-0-1,4,32,0.8488007473214606,0.8637278807814426,30
3,0-0-0-1-0-2-0-0-0-2,4,32,0.8251839179287286,0.8440403369222135,30
3,0-0-0-1-0-2-0-0-1-0,2,30,0.8488007473214606,0.8701194311237019,30
3,0-0-0-1-0-2-0-0-1-1,2,30,0.7716991329148241,0.8260347775087233,30
3,0-0-0-1-0-2-0-0-1-2,2,30,0.7364750211136959,0.8029004713662754,30
3,0-0-0-1-0-2-0-0-2-0,2,30,0.8251839179287286,0.8533535130900501,30
3,0-0-0-1-0-2-0-0-2-1,2,30,0.7364750211136959,0.8058382731613838,30
3,0-0-0-1-0-2-0-0-2-2,2,30,0.7186453445552714,0.7872839931375104,30
3,0-0-0-1-0-2-0-1-0-0,4,31,0.7963336589134077,0.8542133227400281,30
3,0-0-0-1-0-2-0-1-0-1,4,31,0.7261707690129431,0.8113183009496548,30
3,0-0-0-1-0-2-0-1-0-2,4,31,0.6820117063295691,0.7866939817902028,30
3,0-0-0-1-0-2-0-1-1-0,2,29,0.7261707690129431,0.8171345971171416,30
3,0-0-0-1-0-2-0-1-1-1,2,29,0.6690892651678856,0.7774258708118673,30
3,0-0-0-1-0-2-0-1-1-2,2,29,0.6098414070828687,0.7489849765452032,30
3,0-0-0-1-0-2-0-1-2-0,2,29,0.6820117063295691,0.7961723085622567,30
3,0-0-0-1-0-2-0-1-2-1,2,29,0.6098414070828687,0.752668489228086,30
3,0-0-0-1-0-2-0-1-2-2,2,29,0.5686056703607024,0.7288500636291659,30
3,0-0-0-1-0-2-0-2-0-0,4,31,0.7538281938941017,0.8300224659961719,30
3,0-0-0-1-0-2-0-2-0-1,4,31,0.6624075991465237,0.7821547647263736,30
3,0-0-0-1-0-2-0-2-0-2,4,31,0.6495378550283376,0.7641155129168647,30
3,0-0-0-1-0-2-0-2-1-0,2,29,0.6624075991465237,0.7886969280712742,30
3,0-0-0-1-0-2-0-2-1-1,2,29,0.5800779934182112,0.7436374629934863,30
3,0-0-0-1-0-2-0-2-1-2,2,29,0.5531873022621191,0.7218314155099947,30
3,0-0-0-1-0-2-0-2-2-0,2,29,0.6495378550283376,0.7733500093758943,30
3,0-0-0-1-0-2-0-2-2-1,2,29,0.5531873022621191,0.7245422996442369,30
3,0-0-0-1-0-2-0-2-2-2,2,29,0.5502014847886205,0.7079057212059062,30
3,0-0-0-1-0-2-1-0-0-0,4,32,0.8488007473214606,0.8699900754285198,30
3,0-0-0-1-0-2-1-0-0-1,4,33,0.7716991329148241,0.8259147245601751,30
3,0-0-0-1-0-2-1-0-0-2,4,32,0.7364750211136959,0.8027686215083663,30
3,0-0-0-1-0-2-1-0-1-0,2,30,0.7716991329148241,0.8319081779194744,30
3,0-0-0-1-0-2-1-0-1-1,2,31,0.7055183657234807,0.790853126366084,30
3,0-0-0-1-0-2-1-0-1-2,2,30,0.6565380298080602,0.7639950718884784,30
3,0-0-0-1-0-2-1-0-2-0,2,30,0.7364750211136959,0.8122023415146546,30
3,0-0-0-1-0-2-1-0-2-1,2,31,0.6565380298080602,0.7674552557050714,30
3,0-0-0-1-0-2-1-0-2-2,2,30,0.6257059807441399,0.7452197139023697,30
3,0-0-0-1-0-2-1-1-0-0,4,31,0.7261707690129431,0.8170167065855451,30
3,0-0-0-1-0-2-1-1-0-1,4,32,0.6690892651678856,0.7773191785283727,30
3,0-0-0-1-0-2-1-1-0-2,4,31,0.6098414070828687,0.7488652949347328,30
3,0-0-0-1-0-2-1-1-1-0,2,29,0.6690892651678856,0.7826562345769309,30
3,0-0-0-1-0-2-1-1-1-1,2,30,0.6286626068890782,0.746581970102945,30
3,0-0-0-1-0-2-1-1-1-2,2,29,0.5530396781051741,0.7140701910079948,30
3,0-0-0-1-0-2-1-1-2-0,2,29,0.6098414070828687,0.7584386658301331,30
3,0-0-0-1-0-2-1-1-2-1,2,30,0.5530396781051741,0.7183317766468267,30
3,0-0-0-1-0-2-1-1-2-2,2,29,0.4936282683967723,0.690389159124408,30
3,0-0-0-1-0-2-1-2-0-0,4,31,0.6624075991465237,0.7885645010578759,30
3,0-0-0-1-0-2-1-2-0-1,4,32,0.5800779934182112,0.7435150139797566,30
3,0-0-0-1-0-2-1-2-0-2,4,31,0.5531873022621191,0.7216959929429586,30
3,0-0-0-1-0-2-1-2-1-0,2,29,0.5800779934182112,0.7496302129999634,30
3,0-0-0-1-0-2-1-2-1-1,2,30,0.5112503291272812,0.7078496380019931,30
3,0-0-0-1-0-2-1-2-1-2,2,29,0.466168131897588,0.6819231006425119,30
3,0-0-0-1-0-2-1-2-2-0,2,29,0.5531873022621191,0.7310744709559307,30
3,0-0-0-1-0-2-1-2-2-1,2,30,0.466168131897588,0.6852101946223622,30
3,0-0-0-1-0-2-1-2-2-2,2,29,0.44769222117950547,0.6645344732045746,30
3,0-0-0-1-0-2-2-0-0-0,4,32,0.8251839179287286,0.8531658194836107,30
3,0-0-0-1-0-2-2-0-0-1,4,32,0.7364750211136959,0.805647817322743,30
3,0-0-0-1-0-2-2-0-0-2,4,35,0.7186453445552714,0.7870975509737602,30
3,0-0-0-1-0-2-2-0-1-0,2,30,0.7364750211136959,0.8121437273468357,30
3,0-0-0-1-0-2-2-0-1-1,2,30,0.6565380298080602,0.7673845020477622,30
3,0-0-0-1-0-2-2-0-1-2,2,33,0.6257059807441399,0.7451648127285816,30
3,0-0-0-1-0-2-2-0-2-0,2,30,0.7186453445552714,0.796357202870932,30
3,0-0-0-1-0-2-2-0-2-1,2,30,0.6257059807441399,0.7479463948923308,30
3,0-0-0-1-0-2-2-0-2-2,2,33,0.6157544426452327,0.7307123126584675,30
3,0-0-0-1-0-2-2-1-0-0,4,31,0.6820117063295691,0.7959813208913067,30
3,0-0-0-1-0-2-2-1-0-1,4,31,0.6098414070828687,0.7524753542785131,30
3,0-0-0-1-0-2-2-1-0-2,4,34,0.5686056703607024,0.7286598007335742,30
3,0-0-0-1-0-2-2-1-1-0,2,29,0.6098414070828687,0.758365201653274,30
3,0-0-0-1-0-2-2-1-1-1,2,29,0.5530396781051741,0.718244891913501,30
3,0-0-0-1-0-2-2-1-1-2,2,32,0.4936282683967723,0.6903181484808975,30
3,0-0-0-1-0-2-2-1-2-0,2,29,0.5686056703607024,0.738107133826573,30
3,0-0-0-1-0-2-2-1-2-1,2,29,0.4936282683967723,0.693900253379867,30
3,0-0-0-1-0-2-2-1-2-2,2,32,0.45679822537498516,0.6710335558639541,30
3,0-0-0-1-0-2-2-2-0-0,4,31,0.6495378550283376,0.7731638741836797,30
3,0-0-0-1-0-2-2-2-0-1,4,31,0.5531873022621191,0.7243528623177716,30
3,0-0-0-1-0-2-2-2-0-2,4,34,0.5502014847886205,0.7077212877421537,30
3,0-0-0-1-0-2-2-2-1-0,2,29,0.5531873022621191,0.7310204466667967,30
3,0-0-0-1-0-2-2-2-1-1,2,29,0.466168131897588,0.6851427853686238,30
3,0-0-0-1-0-2-2-2-1-2,2,32,0.44769222117950547,0.6644851113997056,30
3,0-0-0-1-0-2-2-2-2-0,2,29,0.5502014847886205,0.716883012010371,30
3,0-0-0-1-0-2-2-2-2-1,2,29,0.44769222117950547,0.6669996032686631,30
3,0-0-0-1-0-2-2-2-2-2,2,32,0.45904650326084595,0.6520225055795839,30
3,0-0-0-1-1-0-0-0-0-2,4,33,0.9341229229116836,0.7763158209303824,30
3,0-0-0-1-1-0-0-0-1-2,2,31,0.8488007473214606,0.74535781373935,30
3,0-0-0-1-1-0-0-0-2-0,2,31,0.9341229229116836,0.7859628067920219,30
3,0-0-0-1-1-0-0-0-2-1,2,31,0.8488007473214606,0.750283002941341,30
3,0-0-0-1-1-0-0-0-2-2,2,31,0.8251839179287286,0.7173446324578963,30
3,0-0-0-1-1-0-0-1-0-2,4,33,0.7963336589134077,0.7336634009182799,30
3,0-0-0-1-1-0-0-1-1-2,2,31,0.7261707690129431,0.7078135348095133,30
3,0-0-0-1-1-0-0-1-2-0,2,31,0.7963336589134077,0.7433223134452639,30
3,0-0-0-1-1-0-0-1-2-1,2,31,0.7261707690129431,0.7135625537224105,30
3,0-0-0-1-1-0-0-1-2-2,2,31,0.6820117063295691,0.6746125202698607,30
3,0-0-0-1-1-0-0-2-0-0,4,33,0.8612747739531744,0.7617806352160986,30
3,0-0-0-1-1-0-0-2-0-1,4,33,0.7737772502301294,0.7260595462975046,30
3,0-0-0-1-1-0-0-2-0-2,4,33,0.7538281938941017,0.6931716091419413,30
3,0-0-0-1-1-0-0-2-1-0,2,31,0.7737772502301294,0.7307956120475874,30
3,0-0-0-1-1-0-0-2-1-1,2,31,0.6948726496581427,0.6993139532856646,30
3,0-0-0-1-1-0-0-2-1-2,2,31,0.6624075991465237,0.6620437260215174,30
3,0-0-0-1-1-0-0-2-2-0,2,31,0.7538281938941017,0.7028141657110603,30
3,0-0-0-1-1-0-0-2-2-1,2,31,0.6624075991465237,0.6669805133209589,30
3,0-0-0-1-1-0-0-2-2-2,2,31,0.6495378550283376,0.6342317755732838,30
3,0-0-0-1-1-0-1-0-0-2,4,33,0.8488007473214606,0.7452614266004512,30
3,0-0-0-1-1-0-1-0-1-2,2,31,0.7716991329148241,0.7178527316079847,30
3,0-0-0-1-1-0-1-0-2-0,2,31,0.8488007473214606,0.7549257776392314,30
3,0-0-0-1-1-0-1-0-2-1,2,31,0.7716991329148241,0.7233614603677331,30
3,0-0-0-1-1-0-1-0-2-2,2,31,0.7364750211136959,0.6861739055657745,30
3,0-0-0-1-1-0-1-1-0-2,4,33,0.7261707690129431,0.7077349543754248,30
3,0-0-0-1-1-0-1-1-1-2,2,31,0.6690892651678856,0.6860267585745917,30
3,0-0-0-1-1-0-1-1-2-0,2,31,0.7261707690129431,0.7173436396842908,30
3,0-0-0-1-1-0-1-1-2-1,2,31,0.6690892651678856,0.6923706923054965,30
3,0-0-0-1-1-0-1-1-2-2,2,31,0.6098414070828687,0.6490237276973538,30
3,0-0-0-1-1-0-1-2-0-0,4,33,0.7737772502301294,0.7306992440707605,30
3,0-0-0-1-1-0-1-2-0-1,4,33,0.6948726496581427,0.6992323902851858,30
3,0-0-0-1-1-0-1-2-0-2,4,33,0.6624075991465237,0.6619474599204952,30
3,0-0-0-1-1-0-1-2-1-0,2,31,0.6948726496581427,0.7033347775464833,30
3,0-0-0-1-1-0-1-2-1-1,2,31,0.6278093142473866,0.6766161465241841,30
3,0-0-0-1-1-0-1-2-1-2,2,31,0.5800779934182112,0.6348191780044428,30
3,0-0-0-1-1-0-1-2-2-0,2,31,0.6624075991465237,0.6716117683833268,30
3,0-0-0-1-1-0-1-2-2-1,2,31,0.5800779934182112,0.6404134936239191,30
3,0-0-0-1-1-0-1-2-2-2,2,31,0.5531873022621191,0.6028602424551772,30
3,0-0-0-1-1-0-2-0-0-0,4,33,0.9341229229116836,0.7857684613795061,30
3,0-0-0-1-1-0-2-0-0-1,4,33,0.8488007473214606,0.7500883358472975,30
3,0-0-0-1-1-0-2-0-0-2,4,36,0.8251839179287286,0.7171503570526997,30
3,0-0-0-1-1-0-2-0-1-0,2,31,0.8488007473214606,0.7548274858134498,30
3,0-0-0-1-1-0-2-0-1-1,2,31,0.7716991329148241,0.7232496250309618,30
3,0-0-0-1-1-0-2-0-1-2,2,34,0.7364750211136959,0.6860755192453761,30
3,0-0-0-1-1-0-2-0-2-0,2,31,0.8251839179287286,0.7267943493991623,30
3,0-0-0-1-1-0-2-0-2-1,2,31,0.7364750211136959,0.6910086743596379,30
3,0-0-0-1-1-0-2-0-2-2,2,34,0.7186453445552714,0.6582003009215136,30
3,0-0-0-1-1-0-2-1-0-0,4,33,0.7963336589134077,0.7431277305809868,30
3,0-0-0-1-1-0-2-1-0-1,4,33,0.7261707690129431,0.7133692355301321,30
3,0-0-0-1-1-0-2-1-0-2,4,36,0.6820117063295691,0.6744179612554954,30
3,0-0-0-1-1-0-2-1-1-0,2,31,0.7261707690129431,0.7172288895019889,30
3,0-0-0-1-1-0-2-1-1-1,2,31,0.6690892651678856,0.6922421341345633,30
3,0-0-0-1-1-0-2-1-1-2,2,34,0.6098414070828687,0.6489072102296966,30
3,0-0-0-1-1-0-2-1-2-0,2,31,0.6820117063295691,0.6840758540884324,30
3,0-0-0-1-1-0-2-1-2-1,2,31,0.6098414070828687,0.6547359325983844,30
3,0-0-0-1-1-0-2-1-2-2,2,34,0.5686056703607024,0.6153743468368751,30
3,0-0-0-1-1-0-2-2-0-0,4,33,0.7538281938941017,0.7026199078246128,30
3,0-0-0-1-1-0-2-2-0-1,4,33,0.6624075991465237,0.6667858534270145,30
3,0-0-0-1-1-0-2-2-0-2,4,36,0.6495378550283376,0.6340376173071367,30
3,0-0-0-1-1-0-2-2-1-0,2,31,0.6624075991465237,0.6715133595698154,30
3,0-0-0-1-1-0-2-2-1-1,2,31,0.5800779934182112,0.6402998372888954,30
3,0-0-0-1-1-0-2-2-1-2,2,34,0.5531873022621191,0.6027617127987182,30
3,0-0-0-1-1-0-2-2-2-0,2,31,0.6495378550283376,0.6436759152153928,30
3,0-0-0-1-1-0-2-2-2-1,2,31,0.5531873022621191,0.607708687064418,30
3,0-0-0-1-1-0-2-2-2-2,2,34,0.5502014847886205,0.5751284197550478,30
3,0-0-0-1-1-1-0-0-0-2,4,33,0.8488007473214606,0.7421326536526218,30
3,0-0-0-1-1-1-0-0-1-2,2,31,0.7716991329148241,0.7151298873936132,30
3,0-0-0-1-1-1-0-0-2-0,2,31,0.8488007473214606,0.7517963279244662,30
3,0-0-0-1-1-1-0-0-2-1,2,31,0.7716991329148241,0.7207020928333188,30
3,0-0-0-1-1-1-0-0-2-2,2,31,0.7364750211136959,0.6830496872718251,30
3,0-0-0-1-1-1-0-1-0-2,4,32,0.7261707690129431,0.7051916592970177,30
3,0-0-0-1-1-1-0-1-1-2,2,30,0.6690892651678856,0.6839525963875507,30
3,0-0-0-1-1-1-0-1-2-0,2,30,0.7261707690129431,0.7147915188293527,30
3,0-0-0-1-1-1-0-1-2-1,2,30,0.6690892651678856,0.6903601298532038,30
3,0-0-0-1-1-1-0-1-2-2,2,30,0.6098414070828687,0.646540234459753,30
3,0-0-0-1-1-1-0-2-0-0,4,32,0.7737772502301294,0.7275715248602462,30
3,0-0-0-1-1-1-0-2-0-1,4,32,0.6948726496581427,0.6965915513830829,30
3,0-0-0-1-1-1-0-2-0-2,4,32,0.6624075991465237,0.6588253454925022,30
3,0-0-0-1-1-1-0-2-1-0,2,30,0.6948726496581427,0.7006216366455281,30
3,0-0-0-1-1-1-0-2-1-1,2,30,0.6278093142473866,0.6744443590832427,30
3,0-0-0-1-1-1-0-2-1-2,2,30,0.5800779934182112,0.6321579825154231,30
3,0-0-0-1-1-1-0-2-2-0,2,30,0.6624075991465237,0.6684887963882936,30
3,0-0-0-1-1-1-0-2-2-1,2,30,0.5800779934182112,0.6378238484203584,30
3,0-0-0-1-1-1-0-2-2-2,2,30,0.5531873022621191,0.5997439729293171,30
3,0-0-0-1-1-1-1-0-0-2,4,33,0.7716991329148241,0.715047299920368,30
3,0-0-0-1-1-1-1-0-1-2,2,31,0.7055183657234807,0.6920610196886856,30
3,0-0-0-1-1-1-1-0-2-0,2,31,0.7716991329148241,0.7246768522029085,30
3,0-0-0-1-1-1-1-0-2-1,2,31,0.7055183657234807,0.698227863817528,30
3,0-0-0-1-1-1-1-0-2-2,2,31,0.6565380298080602,0.6561947939442767,30
3,0-0-0-1-1-1-1-1-0-2,4,32,0.6690892651678856,0.6838899630014237,30
3,0-0-0-1-1-1-1-1-1-2,2,30,0.6286626068890782,0.6672385576990397,30
3,0-0-0-1-1-1-1-1-2-0,2,30,0.6690892651678856,0.6933716005681652,30
3,0-0-0-1-1-1-1-1-2-1,2,30,0.6286626068890782,0.6742300732938845,30
3,0-0-0-1-1-1-1-1-2-2,2,30,0.5530396781051741,0.6260410902958269,30
3,0-0-0-1-1-1-1-2-0-0,4,32,0.6948726496581427,0.7005393623751643,30
3,0-0-0-1-1-1-1-2-0-1,4,32,0.6278093142473866,0.6743787405209971,30
3,0-0-0-1-1-1-1-2-0-2,4,32,0.5800779934182112,0.6320773854460242,30
3,0-0-0-1-1-1-1-2-1-0,2,30,0.6278093142473866,0.677695865273215,30
3,0-0-0-1-1-1-1-2-1-1,2,30,0.5767329021412237,0.6568318074900282,30
3,0-0-0-1-1-1-1-2-1-2,2,30,0.5112503291272812,0.6100005195161331,30
3,0-0-0-1-1-1-1-2-2-0,2,30,0.5800779934182112,0.641697212209711,30
3,0-0-0-1-1-1-1-2-2-1,2,30,0.5112503291272812,0.6163352372156407,30
3,0-0-0-1-1-1-1-2-2-2,2,30,0.466168131897588,0.5732946757170487,30
3,0-0-0-1-1-1-2-0-0-0,4,33,0.8488007473214606,0.7516016503579672,30
3,0-0-0-1-1-1-2-0-0-1,4,33,0.7716991329148241,0.7205083029275947,30
3,0-0-0-1-1-1-2-0-0-2,4,36,0.7364750211136959,0.6828550132265147,30
3,0-0-0-1-1-1-2-0-1-0,2,31,0.7716991329148241,0.7245656373388034,30
3,0-0-0-1-1-1-2-0-1-1,2,31,0.7055183657234807,0.6981028482046829,30
3,0-0-0-1-1-1-2-0-1-2,2,34,0.6565380298080602,0.6560821717789707,30
3,0-0-0-1-1-1-2-0-2-0,2,31,0.7364750211136959,0.692518536947546,30
3,0-0-0-1-1-1-2-0-2-1,2,31,0.6565380298080602,0.6617186885898063,30
3,0-0-0-1-1-1-2-0-2-2,2,34,0.6257059807441399,0.6237731177088786,30
3,0-0-0-1-1-1-2-1-0-0,4,32,0.7261707690129431,0.7145981098386608,30
3,0-0-0-1-1-1-2-1-0-1,4,32,0.6690892651678856,0.6901695718580433,30
3,0-0-0-1-1-1-2-1-0-2,4,35,0.6098414070828687,0.6463471123446155,30
3,0-0-0-1-1-1-2-1-1-0,2,30,0.6690892651678856,0.6932436643153864,30
3,0-0-0-1-1-1-2-1-1-1,2,30,0.6286626068890782,0.6740885754407011,30
3,0-0-0-1-1-1-2-1-1-2,2,33,0.5530396781051741,0.625910084765313,30
3,0-0-0-1-1-1-2-1-2-0,2,30,0.6098414070828687,0.6559347075347302,30
3,0-0-0-1-1-1-2-1-2-1,2,30,0.5530396781051741,0.6324527214967618,30
3,0-0-0-1-1-1-2-1-2-2,2,33,0.4936282683967723,0.5877835670486454,30
3,0-0-0-1-1-1-2-2-0-0,4,32,0.6624075991465237,0.6682941232315218,30
3,0-0-0-1-1-1-2-2-0-1,4,32,0.5800779934182112,0.6376303095807506,30
3,0-0-0-1-1-1-2-2-0-2,4,35,0.5531873022621191,0.599549304878671,30
3,0-0-0-1-1-1-2-2-1-0,2,30,0.5800779934182112,0.641584254720836,30
3,0-0-0-1-1-1-2-2-1-1,2,30,0.5112503291272812,0.6162067693140569,30
3,0-0-0-1-1-1-2-2-1-2,2,33,0.466168131897588,0.5731799148493083,30
3,0-0-0-1-1-1-2-2-2-0,2,30,0.5531873022621191,0.6092125375252953,30
3,0-0-0-1-1-1-2-2-2-1,2,30,0.466168131897588,0.5789281626199622,30
3,0-0-0-1-1-1-2-2-2-2,2,33,0.44769222117950547,0.5404695179242208,30
3,0-0-0-1-1-2-0-0-0-0,4,33,0.9341229229116836,0.779417223699602,30
3,0-0-0-1-1-2-0-0-0-1,4,33,0.8488007473214606,0.7437264974043102,30
3,0-0-0-1-1-2-0-0-0-2,4,33,0.8251839179287286,0.7108014375718201,30
3,0-0-0-1-1-2-0-0-1-0,2,31,0.8488007473214606,0.7484648502128469,30
3,0-0-0-1-1-2-0-0-1-1,2,31,0.7716991329148241,0.7169118330996839,30
3,0-0-0-1-1-2-0-0-1-2,2,31,0.7364750211136959,0.679712904177176,30
3,0-0-0-1-1-2-0-0-2-0,2,31,0.8251839179287286,0.7204450637953209,30
3,0-0-0-1-1-2-0-0-2-1,2,31,0.7364750211136959,0.684646996148375,30
3,0-0-0-1-1-2-0-0-2-2,2,31,0.7186453445552714,0.6518539829548764,30
3,0-0-0-1-1-2-0-1-0-0,4,32,0.7963336589134077,0.7367686693857872,30
3,0-0-0-1-1-2-0-1-0-1,4,32,0.7261707690129431,0.7070518878393134,30
3,0-0-0-1-1-2-0-1-0-2,4,32,0.6820117063295691,0.668059690466763,30
3,0-0-0-1-1-2-0-1-1-0,2,30,0.7261707690129431,0.7109025904651909,30
3,0-0-0-1-1-2-0-1-1-1,2,30,0.6690892651678856,0.6860042588288165,30
3,0-0-0-1-1-2-0-1-1-2,2,30,0.6098414070828687,0.6425890568741606,30
3,0-0-0-1-1-2-0-1-2-0,2,30,0.6820117063295691,0.6777174575768932,30
3,0-0-0-1-1-2-0-1-2-1,2,30,0.6098414070828687,0.6484271564789542,30
3,0-0-0-1-1-2-0-1-2-2,2,30,0.5686056703607024,0.6090169786098355,30
3,0-0-0-1-1-2-0-2-0-0,4,32,0.7538281938941017,0.6962715688800599,30
3,0-0-0-1-1-2-0-2-0-1,4,32,0.6624075991465237,0.6604242536096481,30
3,0-0-0-1-1-2-0-2-0-2,4,32,0.6495378550283376,0.6276925826009228,30
3,0-0-0-1-1-2-0-2-1-0,2,30,0.6624075991465237,0.6651507496829419,30
3,0-0-0-1-1-2-0-2-1-1,2,30,0.5800779934182112,0.6339689795419504,30
3,0-0-0-1-1-2-0-2-1-2,2,30,0.5531873022621191,0.5963991326884679,30
3,0-0-0-1-1-2-0-2-2-0,2,30,0.6495378550283376,0.6373303511643079,30
3,0-0-0-1-1-2-0-2-2-1,2,30,0.5531873022621191,0.6013473195139741,30
3,0-0-0-1-1-2-0-2-2-2,2,30,0.5502014847886205,0.5687872249174182,30
3,0-0-0-1-1-2-1-0-0-0,4,33,0.8488007473214606,0.7483684590821506,30
3,0-0-0-1-1-2-1-0-0-1,4,33,0.7716991329148241,0.7168298728774763,30
3,0-0-0-1-1-2-1-0-0-2,4,33,0.7364750211136959,0.6796166099228242,30
3,0-0-0-1-1-2-1-0-1-0,2,31,0.7716991329148241,0.7209505583440184,30
3,0-0-0-1-1-2-1-0-1-1,2,31,0.7055183657234807,0.6940349225864788,30
3,0-0-0-1-1-2-1-0-1-2,2,31,0.6565380298080602,0.6524228832259124,30
3,0-0-0-1-1-2-1-0-2-0,2,31,0.7364750211136959,0.6892809287278658,30
3,0-0-0-1-1-2-1-0-2-1,2,31,0.6565380298080602,0.6579972947168977,30
3,0-0-0-1-1-2-1-0-2-2,2,31,0.6257059807441399,0.6205293181909057,30
3,0-0-0-1-1-2-1-1-0-0,4,32,0.7261707690129431,0.710823926006984,30
3,0-0-0-1-1-2-1-1-0-1,4,32,0.6690892651678856,0.6859422537294769,30
3,0-0-0-1-1-2-1-1-0-2,4,32,0.6098414070828687,0.6425124454058885,30
3,0-0-0-1-1-2-1-1-1-0,2,30,0.6690892651678856,0.6890798272686647,30
3,0-0-0-1-1-2-1-1-1-1,2,30,0.6286626068890782,0.669479036347387,30
3,0-0-0-1-1-2-1-1-1-2,2,30,0.5530396781051741,0.6216471041614737,30
3,0-0-0-1-1-2-1-1-2-0,2,30,0.6098414070828687,0.6521092705302344,30
3,0-0-0-1-1-2-1-1-2-1,2,30,0.5530396781051741,0.6281362490934802,30
3,0-0-0-1-1-2-1-1-2-2,2,30,0.4936282683967723,0.5838862385100956,30
3,0-0-0-1-1-2-1-2-0-0,4,32,0.6624075991465237,0.6650544785227281,30
3,0-0-0-1-1-2-1-2-0-1,4,32,0.5800779934182112,0.633889089894405,30
3,0-0-0-1-1-2-1-2-0-2,4,32,0.5531873022621191,0.596302985825229,30
3,0-0-0-1-1-2-1-2-1-0,2,30,0.5800779934182112,0.6379144262353947,30
3,0-0-0-1-1-2-1-2-1-1,2,30,0.5112503291272812,0.6120276008284049,30
3,0-0-0-1-1-2-1-2-1-2,2,30,0.466168131897588,0.5694533622224378,30
3,0-0-0-1-1-2-1-2-2-0,2,30,0.5531873022621191,0.6059672475465697,30
3,0-0-0-1-1-2-1-2-2-1,2,30,0.466168131897588,0.575131940540121,30
3,0-0-0-1-1-2-1-2-2-2,2,30,0.44769222117950547,0.5372161079981058,30
3,0-0-0-1-1-2-2-0-0-0,4,33,0.8251839179287286,0.7202507847888386,30
3,0-0-0-1-1-2-2-0-0-1,4,33,0.7364750211136959,0.6844523345055192,30
3,0-0-0-1-1-2-2-0-0-2,4,36,0.7186453445552714,0.6516597960610789,30
3,0-0-0-1-1-2-2-0-1-0,2,31,0.7364750211136959,0.689182547083855,30
3,0-0-0-1-1-2-2-0-1-1,2,31,0.6565380298080602,0.6578840616086002,30
3,0-0-0-1-1-2-2-0-1-2,2,34,0.6257059807441399,0.6204308221427105,30
3,0-0-0-1-1-2-2-0-2-0,2,31,0.7186453445552714,0.6612994843181131,30
3,0-0-0-1-1-2-2-0-2-1,2,31,0.6257059807441399,0.6253745583462605,30
3,0-0-0-1-1-2-2-0-2-2,2,34,0.6157544426452327,0.5927405459940739,30
3,0-0-0-1-1-2-2-1-0-0,4,32,0.6820117063295691,0.6775228973259037,30
3,0-0-0-1-1-2-2-1-0-1,4,32,0.6098414070828687,0.6482341299167683,30
3,0-0-0-1-1-2-2-1-0-2,4,35,0.5686056703607024,0.6088224503069748,30
3,0-0-0-1-1-2-2-1-1-0,2,30,0.6098414070828687,0.6519928405695955,30
3,0-0-0-1-1-2-2-1-1-1,2,30,0.5530396781051741,0.6280047173665131,30
3,0-0-0-1-1-2-2-1-1-2,2,33,0.4936282683967723,0.5837676667966226,30
3,0-0-0-1-1-2-2-1-2-0,2,30,0.5686056703607024,0.6184788518129678,30
3,0-0-0-1-1-2-2-1-2-1,2,30,0.4936282683967723,0.5897023197972093,30
3,0-0-0-1-1-2-2-1-2-2,2,33,0.45679822537498516,0.549789632340689,30
3,0-0-0-1-1-2-2-2-0-0,4,32,0.6495378550283376,0.6371361876915518,30
3,0-0-0-1-1-2-2-2-0-1,4,32,0.5531873022621191,0.6011526675235785,30
3,0-0-0-1-1-2-2-2-0-2,4,35,0.5502014847886205,0.568593197326963,30
3,0-0-0-1-1-2-2-2-1-0,2,30,0.5531873022621191,0.6058687239416733,30
3,0-0-0-1-1-2-2-2-1-1,2,30,0.466168131897588,0.575016494326748,30
3,0-0-0-1-1-2-2-2-1-2,2,33,0.44769222117950547,0.5371174341588131,30
3,0-0-0-1-1-2-2-2-2-0,2,30,0.5502014847886205,0.5782251587173112,30
3,0-0-0-1-1-2-2-2-2-1,2,30,0.44769222117950547,0.5420782851438622,30
3,0-0-0-1-1-2-2-2-2-2,2,33,0.45904650326084595,0.5097304058485777,30
3,0-0-0-1-2-0-0-0-0-0,4,32,1.0447117025062687,0.7738428196091117,30
3,0-0-0-1-2-0-0-0-0-1,4,32,0.9621381034581988,0.7250438453341451,30
3,0-0-0-1-2-0-0-0-0-2,4,34,0.9341229229116836,0.7083940323178191,30
3,0-0-0-1-2-0-0-0-1-0,2,30,0.9621381034581988,0.7317098230505171,30
3,0-0-0-1-2-0-0-0-1-1,2,30,0.8872297833382013,0.6858426812596924,30
3,0-0-0-1-2-0-0-0-1-2,2,32,0.8488007473214606,0.6651700427392975,30
3,0-0-0-1-2-0-0-0-2-0,2,33,0.9341229229116836,0.7175567316934534,30
3,0-0-0-1-2-0-0-0-2-1,2,33,0.8488007473214606,0.667687094709187,30
3,0-0-0-1-2-0-0-0-2-2,2,33,0.8251839179287286,0.6526883703989454,30
3,0-0-0-1-2-0-0-1-0-0,4,32,0.9112268623179843,0.7151289190262552,30
3,0-0-0-1-2-0-0-1-0-1,4,32,0.8425682164006089,0.6706128872836766,30
3,0-0-0-1-2-0-0-1-0-2,4,34,0.7963336589134077,0.6481720212829709,30
3,0-0-0-1-2-0-0-1-1-0,2,30,0.8425682164006089,0.6766253941826085,30
3,0-0-0-1-2-0-0-1-1-1,2,30,0.7852947048788411,0.6358138468990596,30
3,0-0-0-1-2-0-0-1-1-2,2,32,0.7261707690129431,0.6087709318334958,30
3,0-0-0-1-2-0-0-1-2-0,2,33,0.7963336589134077,0.6575616498353644,30
3,0-0-0-1-2-0-0-1-2-1,2,33,0.7261707690129431,0.6121781784282709,30
3,0-0-0-1-2-0-0-1-2-2,2,33,0.6820117063295691,0.5909568273343826,30
3,0-0-0-1-2-0-0-2-0-0,4,34,0.8612747739531744,0.6946134159781684,30
3,0-0-0-1-2-0-0-2-0-1,4,34,0.7737772502301294,0.644260714801606,30
3,0-0-0-1-2-0-0-2-0-2,4,34,0.7538281938941017,0.6300266651394402,30
3,0-0-0-1-2-0-0-2-1-0,2,32,0.7737772502301294,0.6511354330040982,30
3,0-0-0-1-2-0-0-2-1-1,2,32,0.6948726496581427,0.6038927662969412,30
3,0-0-0-1-2-0-0-2-1-2,2,32,0.6624075991465237,0.585222759545081,30
3,0-0-0-1-2-0-0-2-2-0,2,33,0.7538281938941017,0.6390530094850829,30
3,0-0-0-1-2-0-0-2-2-1,2,33,0.6624075991465237,0.5873970930793057,30
3,0-0-0-1-2-0-0-2-2-2,2,33,0.6495378550283376,0.5752908830794448,30
3,0-0-0-1-2-0-1-0-0-0,4,32,0.9621381034581988,0.731574874487775,30
3,0-0-0-1-2-0-1-0-0-1,4,33,0.8872297833382013,0.6857182270707157,30
3,0-0-0-1-2-0-1-0-0-2,4,34,0.8488007473214606,0.6650316559564304,30
3,0-0-0-1-2-0-1-0-1-0,2,30,0.8872297833382013,0.6919351749209299,30
3,0-0-0-1-2-0-1-0-1-1,2,31,0.8220847987295362,0.6495437062589251,30
3,0-0-0-1-2-0-1-0-1-2,2,32,0.7716991329148241,0.6244214264272703,30
3,0-0-0-1-2-0-1-0-2-0,2,33,0.8488007473214606,0.6743587454251052,30
3,0-0-0-1-2-0-1-0-2-1,2,34,0.7716991329148241,0.6275587084351425,30
3,0-0-0-1-2-0-1-0-2-2,2,33,0.7364750211136959,0.608235212780542,30
3,0-0-0-1-2-0-1-1-0-0,4,32,0.8425682164006089,0.6765034353164553,30
3,0-0-0-1-2-0-1-1-0-1,4,33,0.7852947048788411,0.6357051152201881,30
3,0-0-0-1-2-0-1-1-0-2,4,34,0.7261707690129431,0.6086463728806625,30
3,0-0-0-1-2-0-1-1-1-0,2,30,0.7852947048788411,0.6411516083135803,30
3,0-0-0-1-2-0-1-1-1-1,2,31,0.742047247334432,0.6047020179044876,30
3,0-0-0-1-2-0-1-1-1-2,2,32,0.6690892651678856,0.5726529656914144,30
3,0-0-0-1-2-0-1-1-2-0,2,33,0.7261707690129431,0.6181729671483694,30
3,0-0-0-1-2-0-1-1-2-1,2,34,0.6690892651678856,0.576770697835307,30
3,0-0-0-1-2-0-1-1-2-2,2,33,0.6098414070828687,0.550505564578017,30
3,0-0-0-1-2-0-1-2-0-0,4,34,0.7737772502301294,0.650996240389393,30
3,0-0-0-1-2-0-1-2-0-1,4,35,0.6948726496581427,0.6037648530179599,30
3,0-0-0-1-2-0-1-2-0-2,4,34,0.6624075991465237,0.5850793253999135,30
3,0-0-0-1-2-0-1-2-1-0,2,32,0.6948726496581427,0.6101570232986867,30
3,0-0-0-1-2-0-1-2-1-1,2,33,0.6278093142473866,0.5667032167827439,30
3,0-0-0-1-2-0-1-2-1-2,2,32,0.5800779934182112,0.5430247049041768,30
3,0-0-0-1-2-0-1-2-2-0,2,33,0.6624075991465237,0.5943063377482302,30
3,0-0-0-1-2-0-1-2-2-1,2,34,0.5800779934182112,0.545892334506218,30
3,0-0-0-1-2-0-1-2-2-2,2,33,0.5531873022621191,0.5290054680147723,30
3,0-0-0-1-2-0-2-0-0-0,4,34,0.9341229229116836,0.7173720166320938,30
3,0-0-0-1-2-0-2-0-0-1,4,34,0.8488007473214606,0.6674986062326795,30
3,0-0-0-1-2-0-2-0-0-2,4,37,0.8251839179287286,0.6525058065401214,30
3,0-0-0-1-2-0-2-0-1-0,2,32,0.8488007473214606,0.674308633154243,30
3,0-0-0-1-2-0-2-0-1-1,2,32,0.7716991329148241,0.6274941927337955,30
3,0-0-0-1-2-0-2-0-1-2,2,35,0.7364750211136959,0.6081906568785659,30
3,0-0-0-1-2-0-2-0-2-0,2,33,0.8251839179287286,0.6615765243778097,30
3,0-0-0-1-2-0-2-0-2-1,2,33,0.7364750211136959,0.6104734242617413,30
3,0-0-0-1-2-0-2-0-2-2,2,35,0.7186453445552714,0.5974527303662786,30
3,0-0-0-1-2-0-2-1-0-0,4,34,0.7963336589134077,0.6573724145694875,30
3,0-0-0-1-2-0-2-1-0-1,4,34,0.7261707690129431,0.6119858463066252,30
3,0-0-0-1-2-0-2-1-0-2,4,37,0.6820117063295691,0.5907689155178767,30
3,0-0-0-1-2-0-2-1-1-0,2,32,0.7261707690129431,0.6181051783260967,30
3,0-0-0-1-2-0-2-1-1-1,2,32,0.6690892651678856,0.5766864366436714,30
3,0-0-0-1-2-0-2-1-1-2,2,35,0.6098414070828687,0.5504416014665373,30
3,0-0-0-1-2-0-2-1-2-0,2,33,0.6820117063295691,0.6001019726400498,30
3,0-0-0-1-2-0-2-1-2-1,2,33,0.6098414070828687,0.5536904254684722,30
3,0-0-0-1-2-0-2-1-2-2,2,35,0.5686056703607024,0.5339633393448004,30
3,0-0-0-1-2-0-2-2-0-0,4,34,0.7538281938941017,0.638870987046022,30
3,0-0-0-1-2-0-2-2-0-1,4,34,0.6624075991465237,0.5872104562662384,30
3,0-0-0-1-2-0-2-2-0-2,4,37,0.6495378550283376,0.5751119551686272,30
3,0-0-0-1-2-0-2-2-1-0,2,32,0.6624075991465237,0.5942631229996023,30
3,0-0-0-1-2-0-2-2-1-1,2,32,0.5800779934182112,0.5458330251175786,30
3,0-0-0-1-2-0-2-2-1-2,2,35,0.5531873022621191,0.5289695712347013,30
3,0-0-0-1-2-0-2-2-2-0,2,33,0.6495378550283376,0.5840060128006004,30
3,0-0-0-1-2-0-2-2-2-1,2,33,0.5531873022621191,0.5308347481964243,30
3,0-0-0-1-2-0-2-2-2-2,2,35,0.5502014847886205,0.5213306973203277,30
3,0-0-0-1-2-1-0-0-0-0,4,32,0.9621381034581988,0.7271795741166117,30
3,0-0-0-1-2-1-0-0-0-1,4,32,0.8872297833382013,0.6816690826934219,30
3,0-0-0-1-2-1-0-0-0-2,4,34,0.8488007473214606,0.6605247134823959,30
3,0-0-0-1-2-1-0-0-1-0,2,30,0.8872297833382013,0.6878332299700888,30
3,0-0-0-1-2-1-0-0-1-1,2,30,0.8220847987295362,0.6458499884890305,30
3,0-0-0-1-2-1-0-0-1-2,2,32,0.7716991329148241,0.6202256374948799,30
3,0-0-0-1-2-1-0-0-2-0,2,33,0.8488007473214606,0.669868657667861,30
3,0-0-0-1-2-1-0-0-2-1,2,33,0.7716991329148241,0.6234333555879706,30
3,0-0-0-1-2-1-0-0-2-2,2,33,0.7364750211136959,0.6036156332690926,30
3,0-0-0-1-2-1-0-1-0-0,4,31,0.8425682164006089,0.672536588658143,30
3,0-0-0-1-2-1-0-1-0-1,4,31,0.7852947048788411,0.632174401521093,30
3,0-0-0-1-2-1-0-1-0-2,4,33,0.7261707690129431,0.6045960882903474,30
3,0-0-0-1-2-1-0-1-1-0,2,29,0.7852947048788411,0.6375546093156819,30
3,0-0-0-1-2-1-0-1-1-1,2,29,0.742047247334432,0.6016144453109591,30
3,0-0-0-1-2-1-0-1-1-2,2,31,0.6690892651678856,0.5690073565411872,30
3,0-0-0-1-2-1-0-1-2-0,2,32,0.7261707690129431,0.614135447084593,30
3,0-0-0-1-2-1-0-1-2-1,2,32,0.6690892651678856,0.5732049225771474,30
3,0-0-0-1-2-1-0-1-2-2,2,32,0.6098414070828687,0.546368341277541,30
3,0-0-0-1-2-1-0-2-0-0,4,33,0.7737772502301294,0.6464631122971475,30
3,0-0-0-1-2-1-0-2-0-1,4,33,0.6948726496581427,0.5996043392371851,30
3,0-0-0-1-2-1-0-2-0-2,4,33,0.6624075991465237,0.5804082401520883,30
3,0-0-0-1-2-1-0-2-1-0,2,31,0.6948726496581427,0.6059389190076159,30
3,0-0-0-1-2-1-0-2-1-1,2,31,0.6278093142473866,0.5629367919507364,30
3,0-0-0-1-2-1-0-2-1-2,2,31,0.5800779934182112,0.538686985446937,30
3,0-0-0-1-2-1-0-2-2-0,2,32,0.6624075991465237,0.5896562037419012,30
3,0-0-0-1-2-1-0-2-2-1,2,32,0.5800779934182112,0.5416343524267254,30
3,0-0-0-1-2-1-0-2-2-2,2,32,0.5531873022621191,0.5241933406476675,30
3,0-0-0-1-2-1-1-0-0-0,4,32,0.8872297833382013,0.6877082563760888,30
3,0-0-0-1-2-1-1-0-0-1,4,33,0.8220847987295362,0.6457376192652654,30
3,0-0-0-1-2-1-1-0-0-2,4,34,0.7716991329148241,0.6200978316974297,30
3,0-0-0-1-2-1-1-0-1-0,2,30,0.8220847987295362,0.6513624173603536,30
3,0-0-0-1-2-1-1-0-1-1,2,31,0.7691878273254401,0.6135409325290184,30
3,0-0-0-1-2-1-1-0-1-2,2,32,0.7055183657234807,0.5830216109063178,30
3,0-0-0-1-2-1-1-0-2-0,2,33,0.7716991329148241,0.6295867678189185,30
3,0-0-0-1-2-1-1-0-2-1,2,34,0.7055183657234807,0.5869211619165441,30
3,0-0-0-1-2-1-1-0-2-2,2,33,0.6565380298080602,0.5622127918263758,30
3,0-0-0-1-2-1-1-1-0-0,4,31,0.7852947048788411,0.6374452255727054,30
3,0-0-0-1-2-1-1-1-0-1,4,32,0.742047247334432,0.6015207795404207,30
3,0-0-0-1-2-1-1-1-0-2,4,33,0.6690892651678856,0.5688965577123171,30
3,0-0-0-1-2-1-1-1-1-0,2,29,0.742047247334432,0.6062283117804643,30
3,0-0-0-1-2-1-1-1-1-1,2,30,0.7153741892087576,0.5754377887401828,30
3,0-0-0-1-2-1-1-1-1-2,2,31,0.6286626068890782,0.5374775984373106,30
3,0-0-0-1-2-1-1-1-2-0,2,32,0.6690892651678856,0.5785294000297699,30
3,0-0-0-1-2-1-1-1-2-1,2,33,0.6286626068890782,0.5424478079580968,30
3,0-0-0-1-2-1-1-1-2-2,2,32,0.5530396781051741,0.5100276409792053,30
3,0-0-0-1-2-1-1-2-0-0,4,33,0.6948726496581427,0.6058104392129426,30
3,0-0-0-1-2-1-1-2-0-1,4,34,0.6278093142473866,0.5628222793114926,30
3,0-0-0-1-2-1-1-2-0-2,4,33,0.5800779934182112,0.5385548893235836,30
3,0-0-0-1-2-1-1-2-1-0,2,31,0.6278093142473866,0.5685592668223756,30
3,0-0-0-1-2-1-1-2-1-1,2,32,0.5767329021412237,0.5302332692430041,30
3,0-0-0-1-2-1-1-2-1-2,2,31,0.5112503291272812,0.5003571179575814,30
3,0-0-0-1-2-1-1-2-2-0,2,32,0.5800779934182112,0.5479864397239061,30
3,0-0-0-1-2-1-1-2-2-1,2,33,0.5112503291272812,0.5040975034629196,30
3,0-0-0-1-2-1-1-2-2-2,2,32,0.466168131897588,0.4810917467269237,30
3,0-0-0-1-2-1-2-0-0-0,4,34,0.8488007473214606,0.6696803315580753,30
3,0-0-0-1-2-1-2-0-0-1,4,34,0.7716991329148241,0.6232417369230315,30
3,0-0-0-1-2-1-2-0-0-2,4,37,0.7364750211136959,0.6034288129872291,30
3,0-0-0-1-2-1-2-0-1-0,2,32,0.7716991329148241,0.6295229404286309,30
3,0-0-0-1-2-1-2-0-1-1,2,32,0.7055183657234807,0.5868412892644267,30
3,0-0-0-1-2-1-2-0-1-2,2,35,0.6565380298080602,0.562153220607703,30
3,0-0-0-1-2-1-2-0-2-0,2,33,0.7364750211136959,0.6127083854592441,30
3,0-0-0-1-2-1-2-0-2-1,2,33,0.6565380298080602,0.5651836929932056,30
3,0-0-0-1-2-1-2-0-2-2,2,35,0.6257059807441399,0.5469837306282865,30
3,0-0-0-1-2-1-2-1-0-0,4,33,0.7261707690129431,0.6139432354626037,30
3,0-0-0-1-2-1-2-1-0-1,4,33,0.6690892651678856,0.5730106614229258,30
3,0-0-0-1-2-1-2-1-0-2,4,36,0.6098414070828687,0.5461767891637335,30
3,0-0-0-1-2-1-2-1-1-0,2,31,0.6690892651678856,0.5784459179193305,30
3,0-0-0-1-2-1-2-1-1-1,2,31,0.6286626068890782,0.542346431521502,30
3,0-0-0-1-2-1-2-1-1-2,2,34,0.5530396781051741,0.5099460693590186,30
3,0-0-0-1-2-1-2-1-2-0,2,32,0.6098414070828687,0.5556879648464287,30
3,0-0-0-1-2-1-2-1-2-1,2,32,0.5530396781051741,0.5140686345766248,30
3,0-0-0-1-2-1-2-1-2-2,2,34,0.4936282683967723,0.4881566890032363,30
3,0-0-0-1-2-1-2-2-0-0,4,33,0.6624075991465237,0.5894697690894017,30
3,0-0-0-1-2-1-2-2-0-1,4,33,0.5800779934182112,0.5414437437267965,30
3,0-0-0-1-2-1-2-2-0-2,4,36,0.5531873022621191,0.5240091603251805,30
3,0-0-0-1-2-1-2-2-1-0,2,31,0.5800779934182112,0.5479279090254702,30
3,0-0-0-1-2-1-2-2-1-1,2,31,0.5112503291272812,0.5040205973292378,30
3,0-0-0-1-2-1-2-2-1-2,2,34,0.466168131897588,0.4810389900721903,30
3,0-0-0-1-2-1-2-2-2-0,2,32,0.5531873022621191,0.5331607875151022,30
3,0-0-0-1-2-1-2-2-2-1,2,32,0.466168131897588,0.4837454592454185,30
3,0-0-0-1-2-1-2-2-2-2,2,34,0.44769222117950547,0.46850450037393804,30
3,0-0-0-1-2-2-0-0-0-0,4,34,0.9341229229116836,0.7113383385490823,30
3,0-0-0-1-2-2-0-0-0-1,4,34,0.8488007473214606,0.6613406600472844,30
3,0-0-0-1-2-2-0-0-0-2,4,34,0.8251839179287286,0.6465433972627197,30
3,0-0-0-1-2-2-0-0-1-0,2,32,0.8488007473214606,0.6681674336220843,30
3,0-0-0-1-2-2-0-0-1-1,2,32,0.7716991329148241,0.62124230875533,30
3,0-0-0-1-2-2-0-0-1-2,2,32,0.7364750211136959,0.6021016334919156,30
3,0-0-0-1-2-2-0-0-2-0,2,33,0.8251839179287286,0.6556028135833529,30
3,0-0-0-1-2-2-0-0-2-1,2,33,0.7364750211136959,0.6043565263705509,30
3,0-0-0-1-2-2-0-0-2-2,2,33,0.7186453445552714,0.5915709863787945,30
3,0-0-0-1-2-2-0-1-0-0,4,33,0.7963336589134077,0.6511898552719221,30
3,0-0-0-1-2-2-0-1-0-1,4,33,0.7261707690129431,0.6057011391090669,30
3,0-0-0-1-2-2-0-1-0-2,4,33,0.6820117063295691,0.5846302789342932,30
3,0-0-0-1-2-2-0-1-1-0,2,31,0.7261707690129431,0.6118330757727073,30
3,0-0-0-1-2-2-0-1-1-1,2,31,0.6690892651678856,0.5703423577211912,30
3,0-0-0-1-2-2-0-1-1-2,2,31,0.6098414070828687,0.5441935070298751,30
3,0-0-0-1-2-2-0-1-2-0,2,32,0.6820117063295691,0.5939562641021997,30
3,0-0-0-1-2-2-0-1-2-1,2,32,0.6098414070828687,0.5474232466944177,30
3,0-0-0-1-2-2-0-1-2-2,2,32,0.5686056703607024,0.5278763389246444,30
3,0-0-0-1-2-2-0-2-0-0,4,33,0.7538281938941017,0.6329265271660558,30
3,0-0-0-1-2-2-0-2-0-1,4,33,0.6624075991465237,0.5811139546732343,30
3,0-0-0-1-2-2-0-2-0-2,4,33,0.6495378550283376,0.5692701704917266,30
3,0-0-0-1-2-2-0-2-1-0,2,31,0.6624075991465237,0.5881874488820491,30
3,0-0-0-1-2-2-0-2-1-1,2,31,0.5800779934182112,0.5396174243298453,30
3,0-0-0-1-2-2-0-2-1-2,2,31,0.5531873022621191,0.5229718331706109,30
3,0-0-0-1-2-2-0-2-2-0,2,32,0.6495378550283376,0.5781477351129164,30
3,0-0-0-1-2-2-0-2-2-1,2,32,0.5531873022621191,0.5247997410326509,30
3,0-0-0-1-2-2-0-2-2-2,2,32,0.5502014847886205,0.5156087585853364,30
3,0-0-0-1-2-2-1-0-0-0,4,34,0.8488007473214606,0.6680292149959405,30
3,0-0-0-1-2-2-1-0-0-1,4,35,0.7716991329148241,0.6211151991289214,30
3,0-0-0-1-2-2-1-0-0-2,4,34,0.7364750211136959,0.601959363762847,30
3,0-0-0-1-2-2-1-0-1-0,2,32,0.7716991329148241,0.627466694872693,30
3,0-0-0-1-2-2-1-0-1-1,2,33,0.7055183657234807,0.5842606967509022,30
3,0-0-0-1-2-2-1-0-1-2,2,32,0.6565380298080602,0.560240146503623,30
3,0-0-0-1-2-2-1-0-2-0,2,33,0.7364750211136959,0.6112109424644161,30
3,0-0-0-1-2-2-1-0-2-1,2,34,0.6565380298080602,0.5631717320101992,30
3,0-0-0-1-2-2-1-0-2-2,2,33,0.6257059807441399,0.5457067983949258,30
3,0-0-0-1-2-2-1-1-0-0,4,33,0.7261707690129431,0.6117086458874615,30
3,0-0-0-1-2-2-1-1-0-1,4,34,0.6690892651678856,0.5702323487152272,30
3,0-0-0-1-2-2-1-1-0-2,4,33,0.6098414070828687,0.5440659093994253,30
3,0-0-0-1-2-2-1-1-1-0,2,31,0.6690892651678856,0.5757472414844137,30
3,0-0-0-1-2-2-1-1-1-1,2,32,0.6286626068890782,0.5390615922482752,30
3,0-0-0-1-2-2-1-1-1-2,2,31,0.5530396781051741,0.5073141604965549,30
3,0-0-0-1-2-2-1-1-2-0,2,32,0.6098414070828687,0.5535578111833982,30
3,0-0-0-1-2-2-1-1-2-1,2,33,0.5530396781051741,0.5113376960837408,30
3,0-0-0-1-2-2-1-1-2-2,2,32,0.4936282683967723,0.486180570088756,30
3,0-0-0-1-2-2-1-2-0-0,4,33,0.6624075991465237,0.5880442235171165,30
3,0-0-0-1-2-2-1-2-0-1,4,34,0.5800779934182112,0.5394861166853031,30
3,0-0-0-1-2-2-1-2-0-2,4,33,0.5531873022621191,0.52282354376259,30
3,0-0-0-1-2-2-1-2-1-0,2,31,0.5800779934182112,0.5460498408265977,30
3,0-0-0-1-2-2-1-2-1-1,2,32,0.5112503291272812,0.5015423611656485,30
3,0-0-0-1-2-2-1-2-1-2,2,31,0.466168131897588,0.4793551948332654,30
3,0-0-0-1-2-2-1-2-2-0,2,32,0.5531873022621191,0.5319377693387327,30
3,0-0-0-1-2-2-1-2-2-1,2,33,0.466168131897588,0.4819435410705982,30
3,0-0-0-1-2-2-1-2-2-2,2,32,0.44769222117950547,0.4675802494141649,30
3,0-0-0-1-2-2-2-0-0-0,4,34,0.8251839179287286,0.6554201385601343,30
3,0-0-0-1-2-2-2-0-0-1,4,34,0.7364750211136959,0.604169434555923,30
3,0-0-0-1-2-2-2-0-0-2,4,37,0.7186453445552714,0.5913911670318502,30
3,0-0-0-1-2-2-2-0-1-0,2,32,0.7364750211136959,0.6111661086030923,30
3,0-0-0-1-2-2-2-0-1-1,2,32,0.6565380298080602,0.563111187971795,30
3,0-0-0-1-2-2-2-0-1-2,2,35,0.6257059807441399,0.5456688480795066,30
3,0-0-0-1-2-2-2-0-2-0,2,33,0.7186453445552714,0.6003285008575225,30
3,0-0-0-1-2-2-2-0-2-1,2,33,0.6257059807441399,0.5476330720560432,30
3,0-0-0-1-2-2-2-0-2-2,2,35,0.6157544426452327,0.5372962994916958,30
3,0-0-0-1-2-2-2-1-0-0,4,33,0.6820117063295691,0.5937682827269609,30
3,0-0-0-1-2-2-2-1-0-1,4,33,0.6098414070828687,0.5472315111183819,30
3,0-0-0-1-2-2-2-1-0-2,4,36,0.5686056703607024,0.5276901844540081,30
3,0-0-0-1-2-2-2-1-1-0,2,31,0.6098414070828687,0.553493654330794,30
3,0-0-0-1-2-2-2-1-1-1,2,31,0.5530396781051741,0.5112551502580306,30
3,0-0-0-1-2-2-2-1-1-2,2,34,0.4936282683967723,0.48612128900851287,30
3,0-0-0-1-2-2-2-1-2-0,2,32,0.5686056703607024,0.5369381000196528,30
3,0-0-0-1-2-2-2-1-2-1,2,32,0.4936282683967723,0.4891488541204598,30
3,0-0-0-1-2-2-2-1-2-2,2,34,0.45679822537498516,0.4715121743304374,30
3,0-0-0-1-2-2-2-2-0-0,4,33,0.6495378550283376,0.5779686449773743,30
3,0-0-0-1-2-2-2-2-0-1,4,33,0.5531873022621191,0.5246151970557973,30
3,0-0-0-1-2-2-2-2-0-2,4,36,0.5502014847886205,0.5154339090097154,30
3,0-0-0-1-2-2-2-2-1-0,2,31,0.5531873022621191,0.5319015018030865,30
3,0-0-0-1-2-2-2-2-1-1,2,31,0.466168131897588,0.48188962233877897,30
3,0-0-0-1-2-2-2-2-1-2,2,34,0.44769222117950547,0.467553304604612,30
3,0-0-0-1-2-2-2-2-2-0,2,32,0.5502014847886205,0.524130234794472,30
3,0-0-0-1-2-2-2-2-2-1,2,32,0.44769222117950547,0.4689865440253907,30
3,0-0-0-1-2-2-2-2-2-2,2,34,0.45904650326084595,0.4631003272491644,30
3,0-0-1-0-0-0-0-0-0-2,1,29,0.7352512217896696,0.7963796926068184,30
3,0-0-1-0-0-0-0-0-1-2,2,30,0.6761355506756311,0.763499056045013,30
3,0-0-1-0-0-0-0-0-2-0,1,29,0.7352512217896696,0.8059986869713243,30
3,0-0-1-0-0-0-0-0-2-1,1,28,0.6761355506756311,0.7680853688312326,30
3,0-0-1-0-0-0-0-0-2-2,1,28,0.619097042104272,0.7375952624852428,30
3,0-0-1-0-0-0-0-1-0-2,1,28,0.6454732920002246,0.7509460252414237,30
3,0-0-1-0-0-0-0-1-1-2,2,29,0.6152237888247455,0.7228250992792513,30
3,0-0-1-0-0-0-0-1-2-0,1,28,0.6454732920002246,0.7606102795873351,30
3,0-0-1-0-0-0-0-1-2-1,1,27,0.6152237888247455,0.7282208822836524,30
3,0-0-1-0-0-0-0-1-2-2,1,27,0.5310107033174372,0.6918591533242674,30
3,0-0-1-0-0-0-0-2-0-0,1,28,0.65779853325227,0.7818879653627783,30
3,0-0-1-0-0-0-0-2-0-1,1,28,0.5986015012295582,0.7438653900602376,30
3,0-0-1-0-0-0-0-2-0-2,1,28,0.541761520514614,0.7135075568588919,30
3,0-0-1-0-0-0-0-2-1-0,2,30,0.5986015012295582,0.7489455640342063,30
3,0-0-1-0-0-0-0-2-1-1,2,29,0.5577888254019997,0.7148646278347816,30
3,0-0-1-0-0-0-0-2-1-2,2,29,0.4824109003821939,0.6802398299485085,30
3,0-0-1-0-0-0-0-2-2-0,1,28,0.541761520514614,0.7231154086781989,30
3,0-0-1-0-0-0-0-2-2-1,1,27,0.4824109003821939,0.6847958436383966,30
3,0-0-1-0-0-0-0-2-2-2,1,27,0.42601871955982645,0.6548016399459913,30
3,0-0-1-0-0-0-1-0-0-2,1,29,0.6761355506756311,0.7633959347178793,30
3,0-0-1-0-0-0-1-0-1-2,2,30,0.6331697846354439,0.7338184247836075,30
3,0-0-1-0-0-0-1-0-2-0,1,28,0.6761355506756311,0.7730547701675679,30
3,0-0-1-0-0-0-1-0-2-1,1,28,0.6331697846354439,0.7389768263286753,30
3,0-0-1-0-0-0-1-0-2-2,1,28,0.5598535130356018,0.7043454240636732,30
3,0-0-1-0-0-0-1-1-0-2,1,28,0.6152237888247455,0.7227386186023467,30
3,0-0-1-0-0-0-1-1-1-2,2,29,0.6062545831000054,0.6985078637813679,30
3,0-0-1-0-0-0-1-1-2-0,1,27,0.6152237888247455,0.7323839371117704,30
3,0-0-1-0-0-0-1-1-2-1,1,27,0.6062545831000054,0.7044967771950794,30
3,0-0-1-0-0-0-1-1-2-2,1,27,0.507372438608717,0.6637795061941993,30
3,0-0-1-0-0-0-1-2-0-0,1,28,0.5986015012295582,0.7488423316493338,30
3,0-0-1-0-0-0-1-2-0-1,1,28,0.5577888254019997,0.7147752007304067,30
3,0-0-1-0-0-0-1-2-0-2,1,28,0.4824109003821939,0.6801360098282104,30
3,0-0-1-0-0-0-1-2-1-0,2,29,0.5577888254019997,0.7192645124016589,30
3,0-0-1-0-0-0-1-2-1-1,2,29,0.5395486630101335,0.6896413842005855,30
3,0-0-1-0-0-0-1-2-1-2,2,29,0.4462227897008734,0.6505567754175539,30
3,0-0-1-0-0-0-1-2-2-0,1,27,0.4824109003821939,0.6897933809266451,30
3,0-0-1-0-0-0-1-2-2-1,1,27,0.4462227897008734,0.6557561919842272,30
3,0-0-1-0-0-0-1-2-2-2,1,27,0.3664649586037602,0.6210958965069417,30
3,0-0-1-0-0-0-2-0-0-0,1,29,0.7352512217896696,0.8058048989555618,30
3,0-0-1-0-0-0-2-0-0-1,1,29,0.6761355506756311,0.7678907288326015,30
3,0-0-1-0-0-0-2-0-0-2,1,32,0.619097042104272,0.7374016508581304,30
3,0-0-1-0-0-0-2-0-1-0,2,30,0.6761355506756311,0.7729632402198214,30
3,0-0-1-0-0-0-2-0-1-1,2,30,0.6331697846354439,0.7388720167051445,30
3,0-0-1-0-0-0-2-0-1-2,2,33,0.5598535130356018,0.7042544677067363,30
3,0-0-1-0-0-0-2-0-2-0,1,28,0.619097042104272,0.7470131023987604,30
3,0-0-1-0-0-0-2-0-2-1,1,28,0.5598535130356018,0.7088199605315597,30
3,0-0-1-0-0-0-2-0-2-2,1,31,0.5031378593237977,0.6786702327017552,30
3,0-0-1-0-0-0-2-1-0-0,1,28,0.6454732920002246,0.7604155904830684,30
3,0-0-1-0-0-0-2-1-0-1,1,28,0.6152237888247455,0.7280267248274197,30
3,0-0-1-0-0-0-2-1-0-2,1,31,0.5310107033174372,0.6916644652869618,30
3,0-0-1-0-0-0-2-1-1-0,2,29,0.6152237888247455,0.7322762479673413,30
3,0-0-1-0-0-0-2-1-1-1,2,29,0.6062545831000054,0.7043753227100409,30
3,0-0-1-0-0-0-2-1-1-2,2,32,0.507372438608717,0.6636707697905437,30
3,0-0-1-0-0-0-2-1-2-0,1,27,0.5310107033174372,0.7013286740130384,30
3,0-0-1-0-0-0-2-1-2-1,1,27,0.507372438608717,0.6691154428440381,30
3,0-0-1-0-0-0-2-1-2-2,1,30,0.41771848526653654,0.6325779172373892,30
3,0-0-1-0-0-0-2-2-0-0,1,28,0.541761520514614,0.72292184097462,30
3,0-0-1-0-0-0-2-2-0-1,1,28,0.4824109003821939,0.6846012176354107,30
3,0-0-1-0-0-0-2-2-0-2,1,31,0.42601871955982645,0.6546083204730839,30
3,0-0-1-0-0-0-2-2-1-0,2,29,0.4824109003821939,0.6897025608746218,30
3,0-0-1-0-0-0-2-2-1-1,2,29,0.4462227897008734,0.6556504492481385,30
3,0-0-1-0-0-0-2-2-1-2,2,32,0.3664649586037602,0.6210058072173964,30
3,0-0-1-0-0-0-2-2-2-0,1,27,0.42601871955982645,0.6642055598004599,30
3,0-0-1-0-0-0-2-2-2-1,1,27,0.3664649586037602,0.625535282574737,30
3,0-0-1-0-0-0-2-2-2-2,1,30,0.31089889556590583,0.5959783056763237,30
3,0-0-1-0-0-1-0-0-0-2,1,30,0.6761355506756311,0.7600456111173262,30
3,0-0-1-0-0-1-0-0-1-2,2,31,0.6331697846354439,0.7308470348263271,30
3,0-0-1-0-0-1-0-0-2-0,1,30,0.6761355506756311,0.769706543308115,30
3,0-0-1-0-0-1-0-0-2-1,1,29,0.6331697846354439,0.7360680337548765,30
3,0-0-1-0-0-1-0-0-2-2,1,29,0.5598535130356018,0.7009810405411605,30
3,0-0-1-0-0-1-0-1-0-2,1,29,0.6152237888247455,0.7199356344233196,30
3,0-0-1-0-0-1-0-1-1-2,2,30,0.6062545831000054,0.6961475221426155,30
3,0-0-1-0-0-1-0-1-2-0,1,29,0.6152237888247455,0.7295758668775906,30
3,0-0-1-0-0-1-0-1-2-1,1,28,0.6062545831000054,0.7022003550280902,30
3,0-0-1-0-0-1-0-1-2-2,1,28,0.507372438608717,0.6610108960527816,30
3,0-0-1-0-0-1-0-2-0-0,1,29,0.5986015012295582,0.7454887473113707,30
3,0-0-1-0-0-1-0-2-0-1,1,29,0.5577888254019997,0.7118757880484008,30
3,0-0-1-0-0-1-0-2-0-2,1,29,0.4824109003821939,0.6767651618021882,30
3,0-0-1-0-0-1-0-2-1-0,2,31,0.5577888254019997,0.716297426650324,30
3,0-0-1-0-0-1-0-2-1-1,2,30,0.5395486630101335,0.6871831770059948,30
3,0-0-1-0-0-1-0-2-1-2,2,30,0.4462227897008734,0.6476126468294161,30
3,0-0-1-0-0-1-0-2-2-0,1,29,0.4824109003821939,0.6864251656458152,30
3,0-0-1-0-0-1-0-2-2-1,1,28,0.4462227897008734,0.6528826068442936,30
3,0-0-1-0-0-1-0-2-2-2,1,28,0.3664649586037602,0.6177071879018984,30
3,0-0-1-0-0-1-1-0-0-2,1,30,0.6331697846354439,0.730756795849456,30
3,0-0-1-0-0-1-1-0-1-2,2,31,0.6097773683950303,0.7053222565883648,30
3,0-0-1-0-0-1-1-0-2-0,1,29,0.6331697846354439,0.7404129810078015,30
3,0-0-1-0-0-1-1-0-2-1,1,29,0.6097773683950303,0.7111337368654086,30
3,0-0-1-0-0-1-1-0-2-2,1,29,0.5203561608340671,0.6717243107935943,30
3,0-0-1-0-0-1-1-1-0-2,1,29,0.6062545831000054,0.6960760885564471,30
3,0-0-1-0-0-1-1-1-1-2,2,30,0.6194906764974482,0.6766401625353416,30
3,0-0-1-0-0-1-1-1-2-0,1,28,0.6062545831000054,0.7056363119977608,30
3,0-0-1-0-0-1-1-1-2-1,1,28,0.6194906764974482,0.6832853134965274,30
3,0-0-1-0-0-1-1-1-2-2,1,28,0.5099617489826583,0.6376934803332586,30
3,0-0-1-0-0-1-1-2-0-0,1,29,0.5577888254019997,0.7162073338167809,30
3,0-0-1-0-0-1-1-2-0-1,1,29,0.5395486630101335,0.6871087483167823,30
3,0-0-1-0-0-1-1-2-0-2,1,29,0.4462227897008734,0.6475233337522565,30
3,0-0-1-0-0-1-1-2-1-0,2,30,0.5395486630101335,0.6908599059823608,30
3,0-0-1-0-0-1-1-2-1-1,2,30,0.5461473384649249,0.6667667859056802,30
3,0-0-1-0-0-1-1-2-1-2,2,30,0.4389636076406782,0.6226423190571868,30
3,0-0-1-0-0-1-1-2-2-0,1,28,0.4462227897008734,0.6571772572818215,30
3,0-0-1-0-0-1-1-2-2-1,1,28,0.4389636076406782,0.6285777275208144,30
3,0-0-1-0-0-1-1-2-2-2,1,28,0.33805465815032903,0.588507026569499,30
3,0-0-1-0-0-1-2-0-0-0,1,30,0.6761355506756311,0.7695119203068896,30
3,0-0-1-0-0-1-2-0-0-1,1,30,0.6331697846354439,0.7358736092781206,30
3,0-0-1-0-0-1-2-0-0-2,1,33,0.5598535130356018,0.7007864321942705,30
3,0-0-1-0-0-1-2-0-1-0,2,31,0.6331697846354439,0.7403087832758493,30
3,0-0-1-0-0-1-2-0-1-1,2,31,0.6097773683950303,0.7110158352846307,30
3,0-0-1-0-0-1-2-0-1-2,2,34,0.5203561608340671,0.6716194217671247,30
3,0-0-1-0-0-1-2-0-2-0,1,29,0.5598535130356018,0.710446737795557,30
3,0-0-1-0-0-1-2-0-2-1,1,29,0.5203561608340671,0.6768740397062225,30
3,0-0-1-0-0-1-2-0-2-2,1,32,0.4437255894951171,0.6417263009960307,30
3,0-0-1-0-0-1-2-1-0-0,1,29,0.6152237888247455,0.7293816554231143,30
3,0-0-1-0-0-1-2-1-0-1,1,29,0.6062545831000054,0.702008104064561,30
3,0-0-1-0-0-1-2-1-0-2,1,32,0.507372438608717,0.6608167901199344,30
3,0-0-1-0-0-1-2-1-1-0,2,30,0.6062545831000054,0.7055154823997879,30
3,0-0-1-0-0-1-2-1-1-1,2,30,0.6194906764974482,0.6831507336619669,30
3,0-0-1-0-0-1-2-1-1-2,2,33,0.5099617489826583,0.6375702720396527,30
3,0-0-1-0-0-1-2-1-2-0,1,28,0.507372438608717,0.670452511208848,30
3,0-0-1-0-0-1-2-1-2-1,1,28,0.5099617489826583,0.6437288821678485,30
3,0-0-1-0-0-1-2-1-2-2,1,31,0.40439218850919467,0.6019242898533189,30
3,0-0-1-0-0-1-2-2-0-0,1,29,0.4824109003821939,0.6862305609807573,30
3,0-0-1-0-0-1-2-2-0-1,1,29,0.4462227897008734,0.6526882555593054,30
3,0-0-1-0-0-1-2-2-0-2,1,32,0.3664649586037602,0.6175126042795308,30
3,0-0-1-0-0-1-2-2-1-0,2,30,0.4462227897008734,0.6570722035617335,30
3,0-0-1-0-0-1-2-2-1-1,2,30,0.4389636076406782,0.6284572434995698,30
3,0-0-1-0-0-1-2-2-1-2,2,33,0.33805465815032903,0.588401087150471,30
3,0-0-1-0-0-1-2-2-2-0,1,28,0.3664649586037602,0.6271717086340775,30
3,0-0-1-0-0-1-2-2-2-1,1,28,0.33805465815032903,0.5937141174659172,30
3,0-0-1-0-0-1-2-2-2-2,1,31,0.25110281660103073,0.5584611318826341,30
3,0-0-1-0-0-2-0-0-0-0,1,29,0.7352512217896696,0.799472023888049,30
3,0-0-1-0-0-2-0-0-0-1,1,29,0.6761355506756311,0.7615297833257542,30
3,0-0-1-0-0-2-0-0-0-2,1,29,0.619097042104272,0.7310746143996784,30
3,0-0-1-0-0-2-0-0-1-0,2,31,0.6761355506756311,0.7666042769863748,30
3,0-0-1-0-0-2-0-0-1-1,2,30,0.6331697846354439,0.7325157073393311,30
3,0-0-1-0-0-2-0-0-1-2,2,30,0.5598535130356018,0.6978962798153092,30
3,0-0-1-0-0-2-0-0-2-0,1,29,0.619097042104272,0.7406851469294526,30
3,0-0-1-0-0-2-0-0-2-1,1,28,0.5598535130356018,0.7024593268230428,30
3,0-0-1-0-0-2-0-0-2-2,1,28,0.5031378593237977,0.6723496945893642,30
3,0-0-1-0-0-2-0-1-0-0,1,28,0.6454732920002246,0.7540530263700032,30
3,0-0-1-0-0-2-0-1-0-1,1,28,0.6152237888247455,0.7216816930317845,30
3,0-0-1-0-0-2-0-1-0-2,1,28,0.5310107033174372,0.6853019365223029,30
3,0-0-1-0-0-2-0-1-1-0,2,30,0.6152237888247455,0.7259260049267976,30
3,0-0-1-0-0-2-0-1-1-1,2,29,0.6062545831000054,0.6980846038991008,30
3,0-0-1-0-0-2-0-1-1-2,2,29,0.507372438608717,0.6573232593623167,30
3,0-0-1-0-0-2-0-1-2-0,1,28,0.5310107033174372,0.6949661396417438,30
3,0-0-1-0-0-2-0-1-2-1,1,27,0.507372438608717,0.662773686694237,30
3,0-0-1-0-0-2-0-1-2-2,1,27,0.41771848526653654,0.6262154285583572,30
3,0-0-1-0-0-2-0-2-0-0,1,28,0.541761520514614,0.7165962594204337,30
3,0-0-1-0-0-2-0-2-0-1,1,28,0.4824109003821939,0.6782407358094521,30
3,0-0-1-0-0-2-0-2-0-2,1,28,0.42601871955982645,0.6482909681788633,30
3,0-0-1-0-0-2-0-2-1-0,2,30,0.4824109003821939,0.6833445677680056,30
3,0-0-1-0-0-2-0-2-1-1,2,29,0.4462227897008734,0.64929588408256,30
3,0-0-1-0-0-2-0-2-1-2,2,29,0.3664649586037602,0.6146489272350791,30
3,0-0-1-0-0-2-0-2-2-0,1,28,0.42601871955982645,0.6578868948798723,30
3,0-0-1-0-0-2-0-2-2-1,1,27,0.3664649586037602,0.619175248372325,30
3,0-0-1-0-0-2-0-2-2-2,1,27,0.31089889556590583,0.5896704138365194,30
3,0-0-1-0-0-2-1-0-0-0,1,29,0.6761355506756311,0.766501178814865,30
3,0-0-1-0-0-2-1-0-0-1,1,29,0.6331697846354439,0.732426086916593,30
3,0-0-1-0-0-2-1-0-0-2,1,29,0.5598535130356018,0.6977926216606134,30
3,0-0-1-0-0-2-1-0-1-0,2,30,0.6331697846354439,0.7369237350375832,30
3,0-0-1-0-0-2-1-0-1-1,2,30,0.6097773683950303,0.7071814173362013,30
3,0-0-1-0-0-2-1-0-1-2,2,30,0.5203561608340671,0.6682137397774885,30
3,0-0-1-0-0-2-1-0-2-0,1,28,0.5598535130356018,0.7074503472600299,30
3,0-0-1-0-0-2-1-0-2-1,1,28,0.5203561608340671,0.6734036193517025,30
3,0-0-1-0-0-2-1-0-2-2,1,28,0.4437255894951171,0.6387499742859271,30
3,0-0-1-0-0-2-1-1-0-0,1,28,0.6152237888247455,0.7258394769980252,30
3,0-0-1-0-0-2-1-1-0-1,1,28,0.6062545831000054,0.698013801874352,30
3,0-0-1-0-0-2-1-1-0-2,1,28,0.507372438608717,0.6572378830162285,30
3,0-0-1-0-0-2-1-1-1-0,2,29,0.6062545831000054,0.7015849756394461,30
3,0-0-1-0-0-2-1-1-1-1,2,29,0.6194906764974482,0.678768627275778,30
3,0-0-1-0-0-2-1-1-1-2,2,29,0.5099617489826583,0.6335634866310952,30
3,0-0-1-0-0-2-1-1-2-0,1,27,0.507372438608717,0.6668792108403601,30
3,0-0-1-0-0-2-1-1-2-1,1,27,0.5099617489826583,0.6396645434410465,30
3,0-0-1-0-0-2-1-1-2-2,1,27,0.40439218850919467,0.5983072959996976,30
3,0-0-1-0-0-2-1-2-0-0,1,28,0.4824109003821939,0.6832407767275916,30
3,0-0-1-0-0-2-1-2-0-1,1,28,0.4462227897008734,0.6492072684729974,30
3,0-0-1-0-0-2-1-2-0-2,1,28,0.3664649586037602,0.6145444249764882,30
3,0-0-1-0-0-2-1-2-1-0,2,29,0.4462227897008734,0.6536616034991062,30
3,0-0-1-0-0-2-1-2-1-1,2,29,0.4389636076406782,0.6245403593334796,30
3,0-0-1-0-0-2-1-2-1-2,2,29,0.33805465815032903,0.5849640230147861,30
3,0-0-1-0-0-2-1-2-2-0,1,27,0.3664649586037602,0.6242002028469337,30
3,0-0-1-0-0-2-1-2-2-1,1,27,0.33805465815032903,0.5902038094889438,30
3,0-0-1-0-0-2-1-2-2-2,1,27,0.25110281660103073,0.5555158275090226,30
3,0-0-1-0-0-2-2-0-0-0,1,29,0.619097042104272,0.7404915262626303,30
3,0-0-1-0-0-2-2-0-0-1,1,29,0.5598535130356018,0.7022646974316064,30
3,0-0-1-0-0-2-2-0-0-2,1,32,0.5031378593237977,0.6721563040436377,30
3,0-0-1-0-0-2-2-0-1-0,2,30,0.5598535130356018,0.7073593625537282,30
3,0-0-1-0-0-2-2-0-1-1,2,30,0.5203561608340671,0.6732980934748619,30
3,0-0-1-0-0-2-2-0-1-2,2,33,0.4437255894951171,0.6386596820197129,30
3,0-0-1-0-0-2-2-0-2-0,1,28,0.5031378593237977,0.6817569977580182,30
3,0-0-1-0-0-2-2-0-2-1,1,28,0.4437255894951171,0.6431975853734474,30
3,0-0-1-0-0-2-2-0-2-2,1,31,0.38754874915451265,0.6135014675478709,30
3,0-0-1-0-0-2-2-1-0-0,1,28,0.5310107033174372,0.6947714515492903,30
3,0-0-1-0-0-2-2-1-0-1,1,28,0.507372438608717,0.6625796406823857,30
3,0-0-1-0-0-2-2-1-0-2,1,31,0.41771848526653654,0.6260207418849827,30
3,0-0-1-0-0-2-2-1-1-0,2,29,0.507372438608717,0.6667705263061918,30
3,0-0-1-0-0-2-2-1-1-1,2,29,0.5099617489826583,0.6395407689913509,30
3,0-0-1-0-0-2-2-1-1-2,2,32,0.40439218850919467,0.5981973413341226,30
3,0-0-1-0-0-2-2-1-2-0,1,27,0.41771848526653654,0.6356848843426358,30
3,0-0-1-0-0-2-2-1-2-1,1,27,0.40439218850919467,0.603707054445169,30
3,0-0-1-0-0-2-2-1-2-2,1,30,0.30689553332148517,0.566934671418628,30
3,0-0-1-0-0-2-2-2-0-0,1,28,0.42601871955982645,0.6576935624958979,30
3,0-0-1-0-0-2-2-2-0-1,1,28,0.3664649586037602,0.6189806376002115,30
3,0-0-1-0-0-2-2-2-0-2,1,31,0.31089889556590583,0.5894774162886433,30
3,0-0-1-0-0-2-2-2-1-0,2,29,0.3664649586037602,0.6241100770238677,30
3,0-0-1-0-0-2-2-2-1-1,2,29,0.33805465815032903,0.5900971495530867,30
3,0-0-1-0-0-2-2-2-1-2,2,32,0.25110281660103073,0.555426606722065,30
3,0-0-1-0-0-2-2-2-2-0,1,27,0.31089889556590583,0.5990590314909571,30
3,0-0-1-0-0-2-2-2-2-1,1,27,0.25110281660103073,0.5599200441425212,30
3,0-0-1-0-0-2-2-2-2-2,1,30,0.19749447247055918,0.5309609924177044,30
3,0-0-1-0-1-0-0-0-0-2,1,29,0.7352512217896696,0.6963368688539753,30
3,0-0-1-0-1-0-0-0-1-2,2,29,0.6761355506756311,0.6768464379701168,30
3,0-0-1-0-1-0-0-0-2-0,1,29,0.7352512217896696,0.7058984217788264,30
3,0-0-1-0-1-0-0-0-2-1,1,27,0.6761355506756311,0.6834845627242127,30
3,0-0-1-0-1-0-0-0-2-2,1,27,0.619097042104272,0.637945238488926,30
3,0-0-1-0-1-0-0-1-0-2,1,28,0.6454732920002246,0.6701985442344243,30
3,0-0-1-0-1-0-0-1-1-2,2,28,0.6152237888247455,0.6574558174497275,30
3,0-0-1-0-1-0-0-1-2-0,1,28,0.6454732920002246,0.6795354528083757,30
3,0-0-1-0-1-0-0-1-2-1,1,26,0.6152237888247455,0.6648935274184127,30
3,0-0-1-0-1-0-0-1-2-2,1,26,0.5310107033174372,0.6133336611077296,30
3,0-0-1-0-1-0-0-2-0-0,1,28,0.65779853325227,0.6819350561291774,30
3,0-0-1-0-1-0-0-2-0-1,1,28,0.5986015012295582,0.6599694418134725,30
3,0-0-1-0-1-0-0-2-0-2,1,28,0.541761520514614,0.6140426057637883,30
3,0-0-1-0-1-0-0-2-1-0,2,30,0.5986015012295582,0.6626703254014442,30
3,0-0-1-0-1-0-0-2-1-1,2,28,0.5577888254019997,0.6463600031018777,30
3,0-0-1-0-1-0-0-2-1-2,2,28,0.4824109003821939,0.5959927735545082,30
3,0-0-1-0-1-0-0-2-2-0,1,28,0.541761520514614,0.6235747434011326,30
3,0-0-1-0-1-0-0-2-2-1,1,26,0.4824109003821939,0.6028534058987568,30
3,0-0-1-0-1-0-0-2-2-2,1,26,0.42601871955982645,0.555862763292873,30
3,0-0-1-0-1-0-1-0-0-2,1,29,0.6761355506756311,0.6767898172806381,30
3,0-0-1-0-1-0-1-0-1-2,2,29,0.6331697846354439,0.6620320657379455,30
3,0-0-1-0-1-0-1-0-2-0,1,27,0.6761355506756311,0.6862062806848372,30
3,0-0-1-0-1-0-1-0-2-1,1,27,0.6331697846354439,0.6692454310808897,30
3,0-0-1-0-1-0-1-0-2-2,1,27,0.5598535130356018,0.619383981042133,30
3,0-0-1-0-1-0-1-1-0-2,1,28,0.6152237888247455,0.6574222008644249,30
3,0-0-1-0-1-0-1-1-1-2,2,28,0.6062545831000054,0.6498399395366425,30
3,0-0-1-0-1-0-1-1-2-0,1,26,0.6152237888247455,0.6665083263178676,30
3,0-0-1-0-1-0-1-1-2-1,1,26,0.6062545831000054,0.6577994694352671,30
3,0-0-1-0-1-0-1-1-2-2,1,26,0.507372438608717,0.602261577850357,30
3,0-0-1-0-1-0-1-2-0-0,1,28,0.5986015012295582,0.6626146327775422,30
3,0-0-1-0-1-0-1-2-0-1,1,28,0.5577888254019997,0.6463236160619984,30
3,0-0-1-0-1-0-1-2-0-2,1,28,0.4824109003821939,0.595942080546109,30
3,0-0-1-0-1-0-1-2-1-0,2,28,0.5577888254019997,0.6481979825513836,30
3,0-0-1-0-1-0-1-2-1-1,2,28,0.5395486630101335,0.6379355294892625,30
3,0-0-1-0-1-0-1-2-1-2,2,28,0.4462227897008734,0.5833626328662579,30
3,0-0-1-0-1-0-1-2-2-0,1,26,0.4824109003821939,0.6052860135607866,30
3,0-0-1-0-1-0-1-2-2-1,1,26,0.4462227897008734,0.5908550992985588,30
3,0-0-1-0-1-0-1-2-2-2,1,26,0.3664649586037602,0.539059384576076,30
3,0-0-1-0-1-0-2-0-0-0,1,29,0.7352512217896696,0.705705774002881,30
3,0-0-1-0-1-0-2-0-0-1,1,29,0.6761355506756311,0.6832953906669093,30
3,0-0-1-0-1-0-2-0-0-2,1,32,0.619097042104272,0.6377530529665829,30
3,0-0-1-0-1-0-2-0-1-0,2,29,0.6761355506756311,0.6860737182648299,30
3,0-0-1-0-1-0-2-0-1-1,2,29,0.6331697846354439,0.6690995056281905,30
3,0-0-1-0-1-0-2-0-1-2,2,32,0.5598535130356018,0.6192479221177746,30
3,0-0-1-0-1-0-2-0-2-0,1,27,0.619097042104272,0.6472948442377969,30
3,0-0-1-0-1-0-2-0-2-1,1,27,0.5598535130356018,0.6260392095298289,30
3,0-0-1-0-1-0-2-0-2-2,1,30,0.5031378593237977,0.5795032205057593,30
3,0-0-1-0-1-0-2-1-0-0,1,28,0.6454732920002246,0.6793472678013481,30
3,0-0-1-0-1-0-2-1-0-1,1,28,0.6152237888247455,0.66471126610111,30
3,0-0-1-0-1-0-2-1-0-2,1,31,0.5310107033174372,0.6131469890326633,30
3,0-0-1-0-1-0-2-1-1-0,2,28,0.6152237888247455,0.6663596740792104,30
3,0-0-1-0-1-0-2-1-1-1,2,28,0.6062545831000054,0.6576386715697737,30
3,0-0-1-0-1-0-2-1-1-2,2,31,0.507372438608717,0.6021081797948574,30
3,0-0-1-0-1-0-2-1-2-0,1,26,0.5310107033174372,0.6224192196209244,30
3,0-0-1-0-1-0-2-1-2-1,1,26,0.507372438608717,0.6097512337112285,30
3,0-0-1-0-1-0-2-1-2-2,1,29,0.41771848526653654,0.5567470295715157,30
3,0-0-1-0-1-0-2-2-0-0,1,28,0.541761520514614,0.623382675655946,30
3,0-0-1-0-1-0-2-2-0-1,1,28,0.4824109003821939,0.6026658398624213,30
3,0-0-1-0-1-0-2-2-0-2,1,31,0.42601871955982645,0.5556713803878182,30
3,0-0-1-0-1-0-2-2-1-0,2,28,0.4824109003821939,0.6051491274960458,30
3,0-0-1-0-1-0-2-2-1-1,2,28,0.4462227897008734,0.5907035388677285,30
3,0-0-1-0-1-0-2-2-1-2,2,31,0.3664649586037602,0.538918096030949,30
3,0-0-1-0-1-0-2-2-2-0,1,26,0.42601871955982645,0.5651742507942711,30
3,0-0-1-0-1-0-2-2-2-1,1,26,0.3664649586037602,0.5459712566026141,30
3,0-0-1-0-1-0-2-2-2-2,1,29,0.31089889556590583,0.49770644613820697,30
3,0-0-1-0-1-1-0-0-0-2,1,30,0.6761355506756311,0.6749677107046467,30
3,0-0-1-0-1-1-0-0-1-2,2,30,0.6331697846354439,0.6607384805745595,30
3,0-0-1-0-1-1-0-0-2-0,1,30,0.6761355506756311,0.684364318669523,30
3,0-0-1-0-1-1-0-0-2-1,1,28,0.6331697846354439,0.6680118437361732,30
3,0-0-1-0-1-1-0-0-2-2,1,28,0.5598535130356018,0.6176968792656479,30
3,0-0-1-0-1-1-0-1-0-2,1,29,0.6152237888247455,0.656354426332976,30
3,0-0-1-0-1-1-0-1-1-2,2,29,0.6062545831000054,0.6493389405557526,30
3,0-0-1-0-1-1-0-1-2-0,1,29,0.6152237888247455,0.6654089262446679,30
3,0-0-1-0-1-1-0-1-2-1,1,27,0.6062545831000054,0.6573513120066228,30
3,0-0-1-0-1-1-0-1-2-2,1,27,0.507372438608717,0.6014084767411203,30
3,0-0-1-0-1-1-0-2-0-0,1,29,0.5986015012295582,0.6608235484249707,30
3,0-0-1-0-1-1-0-2-0-1,1,29,0.5577888254019997,0.6451656706567568,30
3,0-0-1-0-1-1-0-2-0-2,1,29,0.4824109003821939,0.5943181232420176,30
3,0-0-1-0-1-1-0-2-1-0,2,31,0.5577888254019997,0.6469483480876589,30
3,0-0-1-0-1-1-0-2-1-1,2,29,0.5395486630101335,0.6373524893078281,30
3,0-0-1-0-1-1-0-2-1-2,2,29,0.4462227897008734,0.5823495166998557,30
3,0-0-1-0-1-1-0-2-2-0,1,29,0.4824109003821939,0.6036362594793063,30
3,0-0-1-0-1-1-0-2-2-1,1,27,0.4462227897008734,0.5899069750778018,30
3,0-0-1-0-1-1-0-2-2-2,1,27,0.3664649586037602,0.5376132934662553,30
3,0-0-1-0-1-1-1-0-0-2,1,30,0.6331697846354439,0.6606998241996682,30
3,0-0-1-0-1-1-1-0-1-2,2,30,0.6097773683950303,0.6515551554078854,30
3,0-0-1-0-1-1-1-0-2-0,1,28,0.6331697846354439,0.6698689601733161,30
3,0-0-1-0-1-1-1-0-2-1,1,28,0.6097773683950303,0.6593645033411634,30
3,0-0-1-0-1-1-1-0-2-2,1,28,0.5203561608340671,0.6049754116240006,30
3,0-0-1-0-1-1-1-1-0-2,1,29,0.6062545831000054,0.6493245874110825,30
3,0-0-1-0-1-1-1-1-1-2,2,29,0.6194906764974482,0.6476637091846082,30
3,0-0-1-0-1-1-1-1-2-0,1,27,0.6062545831000054,0.6580405625095178,30
3,0-0-1-0-1-1-1-1-2-1,1,27,0.6194906764974482,0.6561333034814247,30
3,0-0-1-0-1-1-1-1-2-2,1,27,0.5099617489826583,0.5966711066888227,30
3,0-0-1-0-1-1-1-2-0-0,1,29,0.5577888254019997,0.6469110590337609,30
3,0-0-1-0-1-1-1-2-0-1,1,29,0.5395486630101335,0.6373356419501843,30
3,0-0-1-0-1-1-1-2-0-2,1,29,0.4462227897008734,0.5823195846273381,30
3,0-0-1-0-1-1-1-2-1-0,2,29,0.5395486630101335,0.6382431001300197,30
3,0-0-1-0-1-1-1-2-1-1,2,29,0.5461473384649249,0.634966225208846,30
3,0-0-1-0-1-1-1-2-1-2,2,29,0.4389636076406782,0.5762108643979322,30
3,0-0-1-0-1-1-1-2-2-0,1,27,0.4462227897008734,0.59134241917597,30
3,0-0-1-0-1-1-1-2-2-1,1,27,0.4389636076406782,0.5843382444809004,30
3,0-0-1-0-1-1-1-2-2-2,1,27,0.33805465815032903,0.5276486398634825,30
3,0-0-1-0-1-1-2-0-0-0,1,30,0.6761355506756311,0.6841749477735595,30
3,0-0-1-0-1-1-2-0-0-1,1,30,0.6331697846354439,0.6678278578330815,30
3,0-0-1-0-1-1-2-0-0-2,1,33,0.5598535130356018,0.6175087406780653,30
3,0-0-1-0-1-1-2-0-1-0,2,30,0.6331697846354439,0.6697236222086733,30
3,0-0-1-0-1-1-2-0-1-1,2,30,0.6097773683950303,0.659206696548053,30
3,0-0-1-0-1-1-2-0-1-2,2,33,0.5203561608340671,0.6048255457926885,30
3,0-0-1-0-1-1-2-0-2-0,1,28,0.5598535130356018,0.6268526675799474,30
3,0-0-1-0-1-1-2-0-2-1,1,28,0.5203561608340671,0.6122952559307692,30
3,0-0-1-0-1-1-2-0-2-2,1,31,0.4437255894951171,0.5606166271147105,30
3,0-0-1-0-1-1-2-1-0-0,1,29,0.6152237888247455,0.6652263514575618,30
3,0-0-1-0-1-1-2-1-0-1,1,29,0.6062545831000054,0.6571766830749965,30
3,0-0-1-0-1-1-2-1-0-2,1,32,0.507372438608717,0.601228731108111,30
3,0-0-1-0-1-1-2-1-1-0,2,29,0.6062545831000054,0.657880283329698,30
3,0-0-1-0-1-1-2-1-1-1,2,29,0.6194906764974482,0.6559623551625505,30
3,0-0-1-0-1-1-2-1-1-2,2,32,0.5099617489826583,0.5965055579594831,30
3,0-0-1-0-1-1-2-1-2-0,1,27,0.507372438608717,0.6101622777042334,30
3,0-0-1-0-1-1-2-1-2-1,1,27,0.5099617489826583,0.6047442635390547,30
3,0-0-1-0-1-1-2-1-2-2,1,30,0.40439218850919467,0.5471498365731906,30
3,0-0-1-0-1-1-2-2-0-0,1,29,0.4824109003821939,0.6034484355436938,30
3,0-0-1-0-1-1-2-2-0-1,1,29,0.4462227897008734,0.5897261276902812,30
3,0-0-1-0-1-1-2-2-0-2,1,32,0.3664649586037602,0.5374273026000205,30
3,0-0-1-0-1-1-2-2-1-0,2,29,0.4462227897008734,0.5911914952974374,30
3,0-0-1-0-1-1-2-2-1-1,2,29,0.4389636076406782,0.5841740541353952,30
3,0-0-1-0-1-1-2-2-1-2,2,32,0.33805465815032903,0.527492180395201,30
3,0-0-1-0-1-1-2-2-2-0,1,27,0.3664649586037602,0.5466671012493304,30
3,0-0-1-0-1-1-2-2-2-1,1,27,0.33805465815032903,0.5352890209550804,30
3,0-0-1-0-1-1-2-2-2-2,1,30,0.25110281660103073,0.48129830760212455,30
3,0-0-1-0-1-2-0-0-0-0,1,29,0.7352512217896696,0.6994105441026528,30
3,0-0-1-0-1-2-0-0-0-1,1,29,0.6761355506756311,0.6771148486880523,30
3,0-0-1-0-1-2-0-0-0-2,1,29,0.619097042104272,0.6314731519563068,30
3,0-0-1-0-1-2-0-0-1-0,2,31,0.6761355506756311,0.6798732099432213,30
3,0-0-1-0-1-2-0-0-1-1,2,29,0.6331697846354439,0.6630701628054876,30
3,0-0-1-0-1-2-0-0-1-2,2,29,0.5598535130356018,0.613085099382153,30
3,0-0-1-0-1-2-0-0-2-0,1,29,0.619097042104272,0.641012492113384,30
3,0-0-1-0-1-2-0-0-2-1,1,27,0.5598535130356018,0.6198943048645847,30
3,0-0-1-0-1-2-0-0-2-2,1,27,0.5031378593237977,0.5732410466615215,30
3,0-0-1-0-1-2-0-1-0-0,1,28,0.6454732920002246,0.673199297785802,30
3,0-0-1-0-1-2-0-1-0-1,1,28,0.6152237888247455,0.6587587640541243,30
3,0-0-1-0-1-2-0-1-0-2,1,28,0.5310107033174372,0.6070491987989391,30
3,0-0-1-0-1-2-0-1-1-0,2,30,0.6152237888247455,0.6603754723434986,30
3,0-0-1-0-1-2-0-1-1-1,2,28,0.6062545831000054,0.6519099855380653,30
3,0-0-1-0-1-2-0-1-1-2,2,28,0.507372438608717,0.596212818331086,30
3,0-0-1-0-1-2-0-1-2-0,1,28,0.5310107033174372,0.6163133936166526,30
3,0-0-1-0-1-2-0-1-2-1,1,26,0.507372438608717,0.6038795731570624,30
3,0-0-1-0-1-2-0-1-2-2,1,26,0.41771848526653654,0.5507074399959866,30
3,0-0-1-0-1-2-0-2-0-0,1,28,0.541761520514614,0.6171066837324672,30
3,0-0-1-0-1-2-0-2-0-1,1,28,0.4824109003821939,0.5965385746141075,30
3,0-0-1-0-1-2-0-2-0-2,1,28,0.42601871955982645,0.5494181441433229,30
3,0-0-1-0-1-2-0-2-1-0,2,30,0.4824109003821939,0.5989959351050304,30
3,0-0-1-0-1-2-0-2-1-1,2,28,0.4462227897008734,0.5847724277530694,30
3,0-0-1-0-1-2-0-2-1-2,2,28,0.3664649586037602,0.5328210706468168,30
3,0-0-1-0-1-2-0-2-2-0,1,28,0.42601871955982645,0.558917312746525,30
3,0-0-1-0-1-2-0-2-2-1,1,26,0.3664649586037602,0.5398969340803902,30
3,0-0-1-0-1-2-0-2-2-2,1,26,0.31089889556590583,0.49148067163107034,30
3,0-0-1-0-1-2-1-0-0-0,1,29,0.6761355506756311,0.6798163964255649,30
3,0-0-1-0-1-2-1-0-0-1,1,29,0.6331697846354439,0.6630320985591677,30
3,0-0-1-0-1-2-1-0-0-2,1,29,0.5598535130356018,0.6130330139300282,30
3,0-0-1-0-1-2-1-0-1-0,2,29,0.6331697846354439,0.6649877734730066,30
3,0-0-1-0-1-2-1-0-1-1,2,29,0.6097773683950303,0.654060409925445,30
3,0-0-1-0-1-2-1-0-1-2,2,29,0.5203561608340671,0.5999420032252623,30
3,0-0-1-0-1-2-1-0-2-0,1,27,0.5598535130356018,0.6223947344764338,30
3,0-0-1-0-1-2-1-0-2-1,1,27,0.5203561608340671,0.6073705305832549,30
3,0-0-1-0-1-2-1-0-2-2,1,27,0.4437255894951171,0.5560210417921297,30
3,0-0-1-0-1-2-1-1-0-0,1,28,0.6152237888247455,0.6603415463473811,30
3,0-0-1-0-1-2-1-1-0-1,1,28,0.6062545831000054,0.6518961529800041,30
3,0-0-1-0-1-2-1-1-0-2,1,28,0.507372438608717,0.596186467420233,30
3,0-0-1-0-1-2-1-1-1-0,2,28,0.6062545831000054,0.6526525579426372,30
3,0-0-1-0-1-2-1-1-1-1,2,28,0.6194906764974482,0.6503830009458023,30
3,0-0-1-0-1-2-1-1-1-2,2,28,0.5099617489826583,0.5911050943257841,30
3,0-0-1-0-1-2-1-1-2-0,1,26,0.507372438608717,0.605143643489656,30
3,0-0-1-0-1-2-1-1-2-1,1,26,0.5099617489826583,0.5993154350923018,30
3,0-0-1-0-1-2-1-1-2-2,1,26,0.40439218850919467,0.5419513128049632,30
3,0-0-1-0-1-2-1-2-0-0,1,28,0.4824109003821939,0.5989449912783278,30
3,0-0-1-0-1-2-1-2-0-1,1,28,0.4462227897008734,0.5847431369683632,30
3,0-0-1-0-1-2-1-2-0-2,1,28,0.3664649586037602,0.5327763615847037,30
3,0-0-1-0-1-2-1-2-1-0,2,28,0.4462227897008734,0.5862734066674674,30
3,0-0-1-0-1-2-1-2-1-1,2,28,0.4389636076406782,0.578818616763667,30
3,0-0-1-0-1-2-1-2-1-2,2,28,0.33805465815032903,0.5223931290683071,30
3,0-0-1-0-1-2-1-2-2-0,1,26,0.3664649586037602,0.5420387188840086,30
3,0-0-1-0-1-2-1-2-2-1,1,26,0.33805465815032903,0.5301489710165281,30
3,0-0-1-0-1-2-1-2-2-2,1,26,0.25110281660103073,0.47649404167101317,30
3,0-0-1-0-1-2-2-0-0-0,1,29,0.619097042104272,0.6408202824818742,30
3,0-0-1-0-1-2-2-0-0-1,1,29,0.5598535130356018,0.6197063453212764,30
3,0-0-1-0-1-2-2-0-0-2,1,32,0.5031378593237977,0.5730494643908774,30
3,0-0-1-0-1-2-2-0-1-0,2,29,0.5598535130356018,0.6222588477861823,30
3,0-0-1-0-1-2-2-0-1-1,2,29,0.5203561608340671,0.6072202596521403,30
3,0-0-1-0-1-2-2-0-1-2,2,32,0.4437255894951171,0.5558809700763019,30
3,0-0-1-0-1-2-2-0-2-0,1,27,0.5031378593237977,0.5825619914709563,30
3,0-0-1-0-1-2-2-0-2-1,1,27,0.4437255894951171,0.5628732707672051,30
3,0-0-1-0-1-2-2-0-2-2,1,30,0.38754874915451265,0.5150131825474474,30
3,0-0-1-0-1-2-2-1-0-0,1,28,0.5310107033174372,0.6161266425017815,30
3,0-0-1-0-1-2-2-1-0-1,1,28,0.507372438608717,0.6037000622484376,30
3,0-0-1-0-1-2-2-1-0-2,1,31,0.41771848526653654,0.5505227484695917,30
3,0-0-1-0-1-2-2-1-1-0,2,28,0.507372438608717,0.6049904762437399,30
3,0-0-1-0-1-2-2-1-1-1,2,28,0.5099617489826583,0.599149607357293,30
3,0-0-1-0-1-2-2-1-1-2,2,31,0.40439218850919467,0.5417926341081829,30
3,0-0-1-0-1-2-2-1-2-0,1,26,0.41771848526653654,0.5596989171291215,30
3,0-0-1-0-1-2-2-1-2-1,1,26,0.40439218850919467,0.5496973061968023,30
3,0-0-1-0-1-2-2-1-2-2,1,29,0.30689553332148517,0.4948243980545296,30
3,0-0-1-0-1-2-2-2-0-0,1,28,0.42601871955982645,0.5587258934321421,30
3,0-0-1-0-1-2-2-2-0-1,1,28,0.3664649586037602,0.5397111697624222,30
3,0-0-1-0-1-2-2-2-0-2,1,31,0.31089889556590583,0.49129022355122565,30
3,0-0-1-0-1-2-2-2-1-0,2,28,0.3664649586037602,0.5418976489782171,30
3,0-0-1-0-1-2-2-2-1-1,2,28,0.33805465815032903,0.5299921082765453,30
3,0-0-1-0-1-2-2-2-1-2,2,31,0.25110281660103073,0.4763476112880673,30
3,0-0-1-0-1-2-2-2-2-0,1,26,0.31089889556590583,0.5007479016382135,30
3,0-0-1-0-1-2-2-2-2-1,1,26,0.25110281660103073,0.483657429195615,30
3,0-0-1-0-1-2-2-2-2-2,1,29,0.19749447247055918,0.4336645833510768,30
3,0-0-1-0-2-0-0-0-0-0,1,29,0.8515206047347085,0.6583987430989185,30
3,0-0-1-0-2-0-0-0-0-1,1,29,0.7925038670316957,0.61969047748111,30
3,0-0-1-0-2-0-0-0-0-2,1,31,0.7352512217896696,0.5901813770886439,30
3,0-0-1-0-2-0-0-0-1-0,2,31,0.7925038670316957,0.6248195816347796,30
3,0-0-1-0-2-0-0-0-1-1,2,29,0.7471393362527755,0.5908061802768423,30
3,0-0-1-0-2-0-0-0-1-2,2,31,0.6761355506756311,0.5561359434423693,30
3,0-0-1-0-2-0-0-0-2-0,1,32,0.7352512217896696,0.5997631892240798,30
3,0-0-1-0-2-0-0-0-2-1,1,30,0.6761355506756311,0.5606298165108866,30
3,0-0-1-0-2-0-0-0-2-2,1,30,0.619097042104272,0.5316635084231126,30
3,0-0-1-0-2-0-0-1-0-0,1,28,0.7605780327337581,0.612169002833152,30
3,0-0-1-0-2-0-0-1-0-1,1,28,0.7257779266108967,0.5802884425552619,30
3,0-0-1-0-2-0-0-1-0-2,1,30,0.6454732920002246,0.5434190314676335,30
3,0-0-1-0-2-0-0-1-1-0,2,30,0.7257779266108967,0.5843864220247013,30
3,0-0-1-0-2-0-0-1-1-1,2,28,0.7086663694417064,0.5582260553510819,30
3,0-0-1-0-2-0-0-1-1-2,2,30,0.6152237888247455,0.5158714675426215,30
3,0-0-1-0-2-0-0-1-2-0,1,31,0.6454732920002246,0.553083054370928,30
3,0-0-1-0-2-0-0-1-2-1,1,29,0.6152237888247455,0.5214855497633768,30
3,0-0-1-0-2-0-0-1-2-2,1,29,0.5310107033174372,0.48433384236111504,30
3,0-0-1-0-2-0-0-2-0-0,1,30,0.65779853325227,0.5757487767982884,30
3,0-0-1-0-2-0-0-2-0-1,1,30,0.5986015012295582,0.5364161068934531,30
3,0-0-1-0-2-0-0-2-0-2,1,30,0.541761520514614,0.5077087871011129,30
3,0-0-1-0-2-0-0-2-1-0,2,32,0.5986015012295582,0.5415904886842883,30
3,0-0-1-0-2-0-0-2-1-1,2,30,0.5577888254019997,0.5076424856883145,30
3,0-0-1-0-2-0-0-2-1-2,2,30,0.4824109003821939,0.47293164516080405,30
3,0-0-1-0-2-0-0-2-2-0,1,31,0.541761520514614,0.5172616646879992,30
3,0-0-1-0-2-0-0-2-2-1,1,29,0.4824109003821939,0.4773654161667598,30
3,0-0-1-0-2-0-0-2-2-2,1,29,0.42601871955982645,0.44940654018747794,30
3,0-0-1-0-2-0-1-0-0-0,1,29,0.7925038670316957,0.6247151944151302,30
3,0-0-1-0-2-0-1-0-0-1,1,29,0.7471393362527755,0.5907184429646011,30
3,0-0-1-0-2-0-1-0-0-2,1,31,0.6761355506756311,0.5560306987573398,30
3,0-0-1-0-2-0-1-0-1-0,2,29,0.7471393362527755,0.5951349531292668,30
3,0-0-1-0-2-0-1-0-1-1,2,29,0.7180193352799787,0.5665596766926538,30
3,0-0-1-0-2-0-1-0-1-2,2,31,0.6331697846354439,0.5264496189664085,30
3,0-0-1-0-2-0-1-0-2-0,1,30,0.6761355506756311,0.565684558016785,30
3,0-0-1-0-2-0-1-0-2-1,1,30,0.6331697846354439,0.5317337199673297,30
3,0-0-1-0-2-0-1-0-2-2,1,30,0.5598535130356018,0.4970162302164872,30
3,0-0-1-0-2-0-1-1-0-0,1,28,0.7257779266108967,0.5843025730687104,30
3,0-0-1-0-2-0-1-1-0-1,1,28,0.7086663694417064,0.5581622588343371,30
3,0-0-1-0-2-0-1-1-0-2,1,30,0.6152237888247455,0.5157894565669502,30
3,0-0-1-0-2-0-1-1-1-0,2,28,0.7086663694417064,0.5614018460379581,30
3,0-0-1-0-2-0-1-1-1-1,2,28,0.7105224958742579,0.541694280124576,30
3,0-0-1-0-2-0-1-1-1-2,2,30,0.6062545831000054,0.4938257024416632,30
3,0-0-1-0-2-0-1-1-2-0,1,29,0.6152237888247455,0.5254164450307607,30
3,0-0-1-0-2-0-1-1-2-1,1,29,0.6062545831000054,0.5002605081828437,30
3,0-0-1-0-2-0-1-1-2-2,1,29,0.507372438608717,0.45696472228411456,30
3,0-0-1-0-2-0-1-2-0-0,1,30,0.5986015012295582,0.5414850349055498,30
3,0-0-1-0-2-0-1-2-0-1,1,30,0.5577888254019997,0.5075563520787871,30
3,0-0-1-0-2-0-1-2-0-2,1,30,0.4824109003821939,0.4728250336234868,30
3,0-0-1-0-2-0-1-2-1-0,2,30,0.5577888254019997,0.5119038777917593,30
3,0-0-1-0-2-0-1-2-1-1,2,30,0.5395486630101335,0.4843325693153653,30
3,0-0-1-0-2-0-1-2-1-2,2,30,0.4462227897008734,0.4432443733866095,30
3,0-0-1-0-2-0-1-2-2-0,1,29,0.4824109003821939,0.4824748548984152,30
3,0-0-1-0-2-0-1-2-2-1,1,29,0.4462227897008734,0.4486110990204865,30
3,0-0-1-0-2-0-1-2-2-2,1,29,0.3664649586037602,0.41384115925818094,30
3,0-0-1-0-2-0-2-0-0-0,1,31,0.7352512217896696,0.5995701348043362,30
3,0-0-1-0-2-0-2-0-0-1,1,31,0.6761355506756311,0.5604352240850404,30
3,0-0-1-0-2-0-2-0-0-2,1,34,0.619097042104272,0.5314709034897025,30
3,0-0-1-0-2-0-2-0-1-0,2,31,0.6761355506756311,0.5655951891952608,30
3,0-0-1-0-2-0-2-0-1-1,2,31,0.6331697846354439,0.5316260546467824,30
3,0-0-1-0-2-0-2-0-1-2,2,34,0.5598535130356018,0.49692798049008485,30
3,0-0-1-0-2-0-2-0-2-0,1,30,0.619097042104272,0.5410335095040867,30
3,0-0-1-0-2-0-2-0-2-1,1,30,0.5598535130356018,0.5013811696688748,30
3,0-0-1-0-2-0-2-0-2-2,1,32,0.5031378593237977,0.47309542716633896,30
3,0-0-1-0-2-0-2-1-0-0,1,30,0.6454732920002246,0.5528883698250766,30
3,0-0-1-0-2-0-2-1-0-1,1,30,0.6152237888247455,0.5212919037360313,30
3,0-0-1-0-2-0-2-1-0-2,1,33,0.5310107033174372,0.48413916075667135,30
3,0-0-1-0-2-0-2-1-1-0,2,30,0.6152237888247455,0.5253047863064211,30
3,0-0-1-0-2-0-2-1-1-1,2,30,0.6062545831000054,0.5001298511605371,30
3,0-0-1-0-2-0-2-1-1-2,2,33,0.507372438608717,0.4568509834213327,30
3,0-0-1-0-2-0-2-1-2-0,1,29,0.5310107033174372,0.4938030580235252,30
3,0-0-1-0-2-0-2-1-2-1,1,29,0.507372438608717,0.4625620872624027,30
3,0-0-1-0-2-0-2-1-2-2,1,31,0.41771848526653654,0.4250549231525848,30
3,0-0-1-0-2-0-2-2-0-0,1,30,0.541761520514614,0.5170691784141278,30
3,0-0-1-0-2-0-2-2-0-1,1,30,0.4824109003821939,0.4771708623703813,30
3,0-0-1-0-2-0-2-2-0-2,1,33,0.42601871955982645,0.4492147766265901,30
3,0-0-1-0-2-0-2-2-1-0,2,30,0.4824109003821939,0.4823868836586765,30
3,0-0-1-0-2-0-2-2-1-1,2,30,0.4462227897008734,0.44850156326135926,30
3,0-0-1-0-2-0-2-2-1-2,2,33,0.3664649586037602,0.41375477138760136,30
3,0-0-1-0-2-0-2-2-2-0,1,29,0.42601871955982645,0.45873679235477827,30
3,0-0-1-0-2-0-2-2-2-1,1,29,0.3664649586037602,0.41813092009039937,30
3,0-0-1-0-2-0-2-2-2-2,1,31,0.31089889556590583,0.39114942800199576,30
3,0-0-1-0-2-1-0-0-0-0,1,30,0.7925038670316957,0.6213276770303383,30
3,0-0-1-0-2-1-0-0-0-1,1,30,0.7471393362527755,0.5878794113606783,30
3,0-0-1-0-2-1-0-0-0-2,1,32,0.6761355506756311,0.5526179545921344,30
3,0-0-1-0-2-1-0-0-1-0,2,32,0.7471393362527755,0.5922132643521005,30
3,0-0-1-0-2-1-0-0-1-1,2,30,0.7180193352799787,0.5642656472132196,30
3,0-0-1-0-2-1-0-0-1-2,2,32,0.6331697846354439,0.5235624098562744,30
3,0-0-1-0-2-1-0-0-2-0,1,33,0.6761355506756311,0.5622757261817681,30
3,0-0-1-0-2-1-0-0-2-1,1,31,0.6331697846354439,0.5289334904856723,30
3,0-0-1-0-2-1-0-0-2-2,1,31,0.5598535130356018,0.4935762999166734,30
3,0-0-1-0-2-1-0-1-0-0,1,29,0.7257779266108967,0.5815915526070266,30
3,0-0-1-0-2-1-0-1-0-1,1,29,0.7086663694417064,0.5561108339968378,30
3,0-0-1-0-2-1-0-1-0-2,1,31,0.6152237888247455,0.5131427270662642,30
3,0-0-1-0-2-1-0-1-1-0,2,31,0.7086663694417064,0.5592523579132926,30
3,0-0-1-0-2-1-0-1-1-1,2,29,0.7105224958742579,0.540276573200158,30
3,0-0-1-0-2-1-0-1-1-2,2,31,0.6062545831000054,0.49182562881064756,30
3,0-0-1-0-2-1-0-1-2-0,1,32,0.6152237888247455,0.5227596415578633,30
3,0-0-1-0-2-1-0-1-2-1,1,30,0.6062545831000054,0.4983479642907886,30
3,0-0-1-0-2-1-0-1-2-2,1,30,0.507372438608717,0.45438905929982254,30
3,0-0-1-0-2-1-0-2-0-0,1,31,0.5986015012295582,0.5380661350304661,30
3,0-0-1-0-2-1-0-2-0-1,1,31,0.5577888254019997,0.5047746908353842,30
3,0-0-1-0-2-1-0-2-0-2,1,31,0.4824109003821939,0.46937201954020125,30
3,0-0-1-0-2-1-0-2-1-0,2,33,0.5577888254019997,0.5090251788132036,30
3,0-0-1-0-2-1-0-2-1-1,2,31,0.5395486630101335,0.482197060961252,30
3,0-0-1-0-2-1-0-2-1-2,2,31,0.4462227897008734,0.4404135383621829,30
3,0-0-1-0-2-1-0-2-2-0,1,32,0.4824109003821939,0.4790272155243511,30
3,0-0-1-0-2-1-0-2-2-1,1,30,0.4462227897008734,0.44588330435284057,30
3,0-0-1-0-2-1-0-2-2-2,1,30,0.3664649586037602,0.41034991210692107,30
3,0-0-1-0-2-1-1-0-0-0,1,30,0.7471393362527755,0.5921247139049463,30
3,0-0-1-0-2-1-1-0-0-1,1,30,0.7180193352799787,0.5641964362114794,30
3,0-0-1-0-2-1-1-0-0-2,1,32,0.6331697846354439,0.5234750320599079,30
3,0-0-1-0-2-1-1-0-1-0,2,30,0.7180193352799787,0.567702456107673,30
3,0-0-1-0-2-1-1-0-1-1,2,30,0.7071535289024482,0.5460009803836667,30
3,0-0-1-0-2-1-1-0-1-2,2,32,0.6097773683950303,0.49976297991152957,30
3,0-0-1-0-2-1-1-0-2-0,1,31,0.6331697846354439,0.5331233943824266,30
3,0-0-1-0-2-1-1-0-2-1,1,31,0.6097773683950303,0.5059535754402973,30
3,0-0-1-0-2-1-1-0-2-2,1,31,0.5203561608340671,0.4644997697560987,30
3,0-0-1-0-2-1-1-1-0-0,1,29,0.7086663694417064,0.559187596682036,30
3,0-0-1-0-2-1-1-1-0-1,1,29,0.7105224958742579,0.5402343155212341,30
3,0-0-1-0-2-1-1-1-0-2,1,31,0.6062545831000054,0.49176559806437375,30
3,0-0-1-0-2-1-1-1-1-0,2,29,0.7105224958742579,0.5424123594404652,30
3,0-0-1-0-2-1-1-1-1-1,2,29,0.7312018740763038,0.5305643836048162,30
3,0-0-1-0-2-1-1-1-1-2,2,31,0.6194906764974482,0.47688188042387675,30
3,0-0-1-0-2-1-1-1-2-0,1,30,0.6062545831000054,0.5012211526585774,30
3,0-0-1-0-2-1-1-1-2-1,1,30,0.6194906764974482,0.48419780699866716,30
3,0-0-1-0-2-1-1-1-2-2,1,30,0.5099617489826583,0.4341547294703743,30
3,0-0-1-0-2-1-1-2-0-0,1,31,0.5577888254019997,0.508938090599203,30
3,0-0-1-0-2-1-1-2-0-1,1,31,0.5395486630101335,0.4821328910818622,30
3,0-0-1-0-2-1-1-2-0-2,1,31,0.4462227897008734,0.4403280799617656,30
3,0-0-1-0-2-1-1-2-1-0,2,31,0.5395486630101335,0.48540228747397546,30
3,0-0-1-0-2-1-1-2-1-1,2,31,0.5461473384649249,0.4660199302365528,30
3,0-0-1-0-2-1-1-2-1-2,2,31,0.4389636076406782,0.41779031064791466,30
3,0-0-1-0-2-1-1-2-2-0,1,30,0.4462227897008734,0.4499698372342969,30
3,0-0-1-0-2-1-1-2-2-1,1,30,0.4389636076406782,0.4242281509602026,30
3,0-0-1-0-2-1-1-2-2-2,1,30,0.33805465815032903,0.3814036476663973,30
3,0-0-1-0-2-1-2-0-0-0,1,32,0.6761355506756311,0.5620811654521707,30
3,0-0-1-0-2-1-2-0-0-1,1,32,0.6331697846354439,0.5287393190347781,30
3,0-0-1-0-2-1-2-0-0-2,1,35,0.5598535130356018,0.4933817789588572,30
3,0-0-1-0-2-1-2-0-1-0,2,32,0.6331697846354439,0.5330165772264805,30
3,0-0-1-0-2-1-2-0-1-1,2,32,0.6097773683950303,0.505827789497616,30
3,0-0-1-0-2-1-2-0-1-2,2,35,0.5203561608340671,0.46439158034683353,30
3,0-0-1-0-2-1-2-0-2-0,1,31,0.5598535130356018,0.5030378516457822,30
3,0-0-1-0-2-1-2-0-2-1,1,31,0.5203561608340671,0.4698293692096685,30
3,0-0-1-0-2-1-2-0-2-2,1,33,0.4437255894951171,0.4343529366004809,30
3,0-0-1-0-2-1-2-1-0-0,1,31,0.6152237888247455,0.5225658888590478,30
3,0-0-1-0-2-1-2-1-0-1,1,31,0.6062545831000054,0.4981581523003338,30
3,0-0-1-0-2-1-2-1-0-2,1,34,0.507372438608717,0.4541956123027341,30
3,0-0-1-0-2-1-2-1-1-0,2,31,0.6062545831000054,0.5010913497340381,30
3,0-0-1-0-2-1-2-1-1-1,2,31,0.6194906764974482,0.4840496125140864,30
3,0-0-1-0-2-1-2-1-1-2,2,34,0.5099617489826583,0.43402028968764766,30
3,0-0-1-0-2-1-2-1-2-0,1,30,0.507372438608717,0.46379947240150643,30
3,0-0-1-0-2-1-2-1-2-1,1,30,0.5099617489826583,0.440748127790025,30
3,0-0-1-0-2-1-2-1-2-2,1,32,0.40439218850919467,0.39554209223348896,30
3,0-0-1-0-2-1-2-2-0-0,1,31,0.4824109003821939,0.4788327052581719,30
3,0-0-1-0-2-1-2-2-0-1,1,31,0.4462227897008734,0.4456893462330264,30
3,0-0-1-0-2-1-2-2-0-2,1,34,0.3664649586037602,0.41015546862664276,30
3,0-0-1-0-2-1-2-2-1-0,2,31,0.4462227897008734,0.44986130466573493,30
3,0-0-1-0-2-1-2-2-1-1,2,31,0.4389636076406782,0.4240972497539234,30
3,0-0-1-0-2-1-2-2-1-2,2,34,0.33805465815032903,0.38129315139574615,30
3,0-0-1-0-2-1-2-2-2-0,1,30,0.3664649586037602,0.4198078141176793,30
3,0-0-1-0-2-1-2-2-2-1,1,30,0.33805465815032903,0.38685831975193163,30
3,0-0-1-0-2-1-2-2-2-2,1,32,0.25110281660103073,0.35115580545716,30
3,0-0-1-0-2-2-0-0-0-0,1,31,0.7352512217896696,0.5932615816251262,30
3,0-0-1-0-2-2-0-0-0-1,1,31,0.6761355506756311,0.5540758573918758,30
3,0-0-1-0-2-2-0-0-0-2,1,31,0.619097042104272,0.5251772979401239,30
3,0-0-1-0-2-2-0-0-1-0,2,33,0.6761355506756311,0.5592395199623202,30
3,0-0-1-0-2-2-0-0-1-1,2,31,0.6331697846354439,0.52527577737071,30
3,0-0-1-0-2-2-0-0-1-2,2,31,0.5598535130356018,0.4905744141038039,30
3,0-0-1-0-2-2-0-0-2-0,1,32,0.619097042104272,0.5347374552216998,30
3,0-0-1-0-2-2-0-0-2-1,1,30,0.5598535130356018,0.49502264854795885,30
3,0-0-1-0-2-2-0-0-2-2,1,30,0.5031378593237977,0.4668201860982922,30
3,0-0-1-0-2-2-0-1-0-0,1,30,0.6454732920002246,0.5465259570231447,30
3,0-0-1-0-2-2-0-1-0-1,1,30,0.6152237888247455,0.5149638616244886,30
3,0-0-1-0-2-2-0-1-0-2,1,30,0.5310107033174372,0.4777768459468083,30
3,0-0-1-0-2-2-0-1-1-0,2,32,0.6152237888247455,0.5189664302172879,30
3,0-0-1-0-2-2-0-1-1-1,2,30,0.6062545831000054,0.49391129048052534,30
3,0-0-1-0-2-2-0-1-1-2,2,30,0.507372438608717,0.4505205584227562,30
3,0-0-1-0-2-2-0-1-2-0,1,31,0.5310107033174372,0.48744072691275264,30
3,0-0-1-0-2-2-0-1-2-1,1,29,0.507372438608717,0.45624351434144755,30
3,0-0-1-0-2-2-0-1-2-2,1,29,0.41771848526653654,0.41869273359896053,30
3,0-0-1-0-2-2-0-2-0-0,1,30,0.541761520514614,0.5107795238723567,30
3,0-0-1-0-2-2-0-2-0-1,1,30,0.4824109003821939,0.47081278264607473,30
3,0-0-1-0-2-2-0-2-0-2,1,30,0.42601871955982645,0.4429492269025427,30
3,0-0-1-0-2-2-0-2-1-0,2,32,0.4824109003821939,0.4760338824402598,30
3,0-0-1-0-2-2-0-2-1-1,2,30,0.4462227897008734,0.44215637688417087,30
3,0-0-1-0-2-2-0-2-1-2,2,30,0.3664649586037602,0.40740529928278607,30
3,0-0-1-0-2-2-0-2-2-0,1,31,0.42601871955982645,0.4524671936494132,30
3,0-0-1-0-2-2-0-2-2-1,1,29,0.3664649586037602,0.41177425935930584,30
3,0-0-1-0-2-2-0-2-2-2,1,29,0.31089889556590583,0.3849154543893837,30
3,0-0-1-0-2-2-1-0-0-0,1,31,0.6761355506756311,0.5591343185034743,30
3,0-0-1-0-2-2-1-0-0-1,1,31,0.6331697846354439,0.5251892605522305,30
3,0-0-1-0-2-2-1-0-0-2,1,31,0.5598535130356018,0.490468130511165,30
3,0-0-1-0-2-2-1-0-1-0,2,31,0.6331697846354439,0.529553260972586,30
3,0-0-1-0-2-2-1-0-1-1,2,31,0.6097773683950303,0.5017412476269768,30
3,0-0-1-0-2-2-1-0-1-2,2,31,0.5203561608340671,0.4608871685908959,30
3,0-0-1-0-2-2-1-0-2-0,1,30,0.5598535130356018,0.5001189805681096,30
3,0-0-1-0-2-2-1-0-2-1,1,30,0.5203561608340671,0.4662339466853523,30
3,0-0-1-0-2-2-1-0-2-2,1,30,0.4437255894951171,0.4314763559405996,30
3,0-0-1-0-2-2-1-1-0-0,1,30,0.6152237888247455,0.5188843254928249,30
3,0-0-1-0-2-2-1-1-0-1,1,30,0.6062545831000054,0.4938521257220053,30
3,0-0-1-0-2-2-1-1-0-2,1,30,0.507372438608717,0.4504408362308962,30
3,0-0-1-0-2-2-1-1-1-0,2,30,0.6062545831000054,0.49687263041706187,30
3,0-0-1-0-2-2-1-1-1-1,2,30,0.6194906764974482,0.4792248321905815,30
3,0-0-1-0-2-2-1-1-1-2,2,30,0.5099617489826583,0.4296521146300528,30
3,0-0-1-0-2-2-1-1-2-0,1,29,0.507372438608717,0.4600562472207285,30
3,0-0-1-0-2-2-1-1-2-1,1,29,0.5099617489826583,0.4363063768627272,30
3,0-0-1-0-2-2-1-1-2-2,1,29,0.40439218850919467,0.3917049966512892,30
3,0-0-1-0-2-2-1-2-0-0,1,30,0.4824109003821939,0.47592733029981626,30
3,0-0-1-0-2-2-1-2-0-1,1,30,0.4462227897008734,0.44207193959901736,30
3,0-0-1-0-2-2-1-2-0-2,1,30,0.3664649586037602,0.4072972258830501,30
3,0-0-1-0-2-2-1-2-1-0,2,30,0.4462227897008734,0.4463466058717162,30
3,0-0-1-0-2-2-1-2-1-1,2,30,0.4389636076406782,0.41984654187006143,30
3,0-0-1-0-2-2-1-2-1-2,2,30,0.33805465815032903,0.3777195045336945,30
3,0-0-1-0-2-2-1-2-2-0,1,29,0.3664649586037602,0.4169419981958188,30
3,0-0-1-0-2-2-1-2-2-1,1,29,0.33805465815032903,0.3831761095897154,30
3,0-0-1-0-2-2-1-2-2-2,1,29,0.25110281660103073,0.34835310596829955,30
3,0-0-1-0-2-2-2-0-0-0,1,31,0.619097042104272,0.534544826204127,30
3,0-0-1-0-2-2-2-0-0-1,1,31,0.5598535130356018,0.4948280849075014,30
3,0-0-1-0-2-2-2-0-0-2,1,34,0.5031378593237977,0.46662820641255925,30
3,0-0-1-0-2-2-2-0-1-0,2,31,0.5598535130356018,0.5000306735475815,30
3,0-0-1-0-2-2-2-0-1-1,2,31,0.5203561608340671,0.4661248619979353,30
3,0-0-1-0-2-2-2-0-1-2,2,34,0.4437255894951171,0.43138951231214484,30
3,0-0-1-0-2-2-2-0-2-0,1,30,0.5031378593237977,0.4761606311206844,30
3,0-0-1-0-2-2-2-0-2-1,1,30,0.4437255894951171,0.43578450416132763,30
3,0-0-1-0-2-2-2-0-2-2,1,32,0.38754874915451265,0.40848220098306787,30
3,0-0-1-0-2-2-2-1-0-0,1,30,0.5310107033174372,0.48724604514799186,30
3,0-0-1-0-2-2-2-1-0-1,1,30,0.507372438608717,0.45605019073664393,30
3,0-0-1-0-2-2-2-1-0-2,1,33,0.41771848526653654,0.4184980562607587,30
3,0-0-1-0-2-2-2-1-1-0,2,30,0.507372438608717,0.45994261524268176,30
3,0-0-1-0-2-2-2-1-1-1,2,30,0.5099617489826583,0.4361712133639373,30
3,0-0-1-0-2-2-2-1-1-2,2,33,0.40439218850919467,0.39158862208217,30
3,0-0-1-0-2-2-2-1-2-0,1,29,0.41771848526653654,0.42816174827808084,30
3,0-0-1-0-2-2-2-1-2-1,1,29,0.40439218850919467,0.39743939876838286,30
3,0-0-1-0-2-2-2-1-2-2,1,31,0.30689553332148517,0.3594154244919633,30
3,0-0-1-0-2-2-2-2-0-0,1,30,0.42601871955982645,0.45227539026859165,30
3,0-0-1-0-2-2-2-2-0-1,1,30,0.3664649586037602,0.41157975389674434,30
3,0-0-1-0-2-2-2-2-0-2,1,33,0.31089889556590583,0.38472476656403853,30
3,0-0-1-0-2-2-2-2-1-0,2,30,0.3664649586037602,0.4168555273448945,30
3,0-0-1-0-2-2-2-2-1-1,2,30,0.33805465815032903,0.38306454540404683,30
3,0-0-1-0-2-2-2-2-1-2,2,33,0.25110281660103073,0.34826882302238554,30
3,0-0-1-0-2-2-2-2-2-0,1,29,0.31089889556590583,0.3941951313592372,30
3,0-0-1-0-2-2-2-2-2-1,1,29,0.25110281660103073,0.35255806870455336,30
3,0-0-1-0-2-2-2-2-2-2,1,31,0.19749447247055918,0.32707028150688733,30
3,0-0-1-1-0-0-0-0-0-2,1,29,0.607438789443298,0.6539436572743036,30
3,0-0-1-1-0-0-0-0-1-2,2,29,0.6259352975337956,0.6647567799254291,30
3,0-0-1-1-0-0-0-0-2-0,1,29,0.607438789443298,0.6615852047547431,30
3,0-0-1-1-0-0-0-0-2-1,1,27,0.6259352975337956,0.6740077848435392,30
3,0-0-1-1-0-0-0-0-2-2,1,27,0.514580184554816,0.6084759660205606,30
3,0-0-1-1-0-0-0-1-0-2,1,27,0.649695013976804,0.6706463352613475,30
3,0-0-1-1-0-0-0-1-1-2,2,27,0.7001545121405219,0.6883834499057053,30
3,0-0-1-1-0-0-0-1-2-0,1,28,0.649695013976804,0.6775057042162982,30
3,0-0-1-1-0-0-0-1-2-1,1,25,0.7001545121405219,0.6978981986592936,30
3,0-0-1-1-0-0-0-1-2-2,1,25,0.5835788743224553,0.6303096065453659,30
3,0-0-1-1-0-0-0-2-0-0,1,28,0.5445204288827831,0.6425323285868296,30
3,0-0-1-1-0-0-0-2-0-1,1,27,0.5730406045214232,0.6565858526466626,30
3,0-0-1-1-0-0-0-2-0-2,1,27,0.4587300156401709,0.5905312581294211,30
3,0-0-1-1-0-0-0-2-1-0,2,30,0.5730406045214232,0.6541922779802756,30
3,0-0-1-1-0-0-0-2-1-1,2,27,0.6224374192908751,0.674054727212913,30
3,0-0-1-1-0-0-0-2-1-2,2,27,0.505861788417181,0.606555385075416,30
3,0-0-1-1-0-0-0-2-2-0,1,28,0.4587300156401709,0.5976365409336398,30
3,0-0-1-1-0-0-0-2-2-1,1,25,0.505861788417181,0.6160269058425274,30
3,0-0-1-1-0-0-0-2-2-2,1,25,0.3892861756746461,0.5487930927957737,30
3,0-0-1-1-0-0-1-0-0-2,1,29,0.6259352975337956,0.6648007988929514,30
3,0-0-1-1-0-0-1-0-1-2,2,29,0.6646712571043837,0.6806065716691658,30
3,0-0-1-1-0-0-1-0-2-0,1,27,0.6259352975337956,0.6718927253675756,30
3,0-0-1-1-0-0-1-0-2-1,1,27,0.6646712571043837,0.6900602633394027,30
3,0-0-1-1-0-0-1-0-2-2,1,27,0.5488130509441804,0.6229476409423,30
3,0-0-1-1-0-0-1-1-0-2,1,27,0.7001545121405219,0.688449520273616,30
3,0-0-1-1-0-0-1-1-1-2,2,27,0.7651854939155367,0.7106855441702694,30
3,0-0-1-1-0-0-1-1-2-0,1,26,0.7001545121405219,0.6947210016569219,30
3,0-0-1-1-0-0-1-1-2-1,1,25,0.7651854939155367,0.7203034140890349,30
3,0-0-1-1-0-0-1-1-2-2,1,25,0.6498206806586615,0.6519121120828925,30
3,0-0-1-1-0-0-1-2-0-0,1,28,0.5730406045214232,0.6542391745701567,30
3,0-0-1-1-0-0-1-2-0-1,1,27,0.6224374192908751,0.6741200990310476,30
3,0-0-1-1-0-0-1-2-0-2,1,27,0.505861788417181,0.6066169977591893,30
3,0-0-1-1-0-0-1-2-1-0,2,28,0.6224374192908751,0.6709355963541237,30
3,0-0-1-1-0-0-1-2-1-1,2,27,0.6882302790347936,0.6961958308715834,30
3,0-0-1-1-0-0-1-2-1-2,2,27,0.57318307743307,0.627831493260299,30
3,0-0-1-1-0-0-1-2-2-0,1,26,0.505861788417181,0.613068924456019,30
3,0-0-1-1-0-0-1-2-2-1,1,25,0.57318307743307,0.6374363039200938,30
3,0-0-1-1-0-0-1-2-2-2,1,25,0.4589079788744122,0.5691518608019425,30
3,0-0-1-1-0-0-2-0-0-0,1,29,0.607438789443298,0.66143074129233,30
3,0-0-1-1-0-0-2-0-0-1,1,29,0.6259352975337956,0.6738661011202515,30
3,0-0-1-1-0-0-2-0-0-2,1,32,0.514580184554816,0.6083300216717381,30
3,0-0-1-1-0-0-2-0-1-0,2,29,0.6259352975337956,0.671707032015671,30
3,0-0-1-1-0-0-2-0-1-1,2,29,0.6646712571043837,0.6898697584793166,30
3,0-0-1-1-0-0-2-0-1-2,2,32,0.5488130509441804,0.6227581004259828,30
3,0-0-1-1-0-0-2-0-2-0,1,27,0.514580184554816,0.615607182700444,30
3,0-0-1-1-0-0-2-0-2-1,1,27,0.5488130509441804,0.6321705665017363,30
3,0-0-1-1-0-0-2-0-2-2,1,30,0.4333398427287941,0.5653954750663603,30
3,0-0-1-1-0-0-2-1-0-0,1,28,0.649695013976804,0.6773668449786078,30
3,0-0-1-1-0-0-2-1-0-1,1,27,0.7001545121405219,0.6977729895572817,30
3,0-0-1-1-0-0-2-1-0-2,1,30,0.5835788743224553,0.6301815890680734,30
3,0-0-1-1-0-0-2-1-1-0,2,28,0.7001545121405219,0.6945297340979183,30
3,0-0-1-1-0-0-2-1-1-1,2,27,0.7651854939155367,0.7201096471497097,30
3,0-0-1-1-0-0-2-1-1-2,2,30,0.6498206806586615,0.6517185505388614,30
3,0-0-1-1-0-0-2-1-2-0,1,26,0.5835788743224553,0.6365771118338024,30
3,0-0-1-1-0-0-2-1-2-1,1,25,0.6498206806586615,0.6613276394014991,30
3,0-0-1-1-0-0-2-1-2-2,1,28,0.5349810870191833,0.5930079779625865,30
3,0-0-1-1-0-0-2-2-0-0,1,28,0.4587300156401709,0.59749269413465,30
3,0-0-1-1-0-0-2-2-0-1,1,27,0.505861788417181,0.6158982213322611,30
3,0-0-1-1-0-0-2-2-0-2,1,30,0.3892861756746461,0.5486608377238564,30
3,0-0-1-1-0-0-2-2-1-0,2,28,0.505861788417181,0.6128786418579119,30
3,0-0-1-1-0-0-2-2-1-1,2,27,0.57318307743307,0.6372427945721162,30
3,0-0-1-1-0-0-2-2-1-2,2,30,0.4589079788744122,0.5689586540333319,30
3,0-0-1-1-0-0-2-2-2-0,1,26,0.3892861756746461,0.555270289991469,30
3,0-0-1-1-0-0-2-2-2-1,1,25,0.4589079788744122,0.5785505332202461,30
3,0-0-1-1-0-0-2-2-2-2,1,28,0.34617047164246956,0.5103737261529957,30
3,0-0-1-1-0-1-0-0-0-2,1,30,0.6259352975337956,0.6662690783032789,30
3,0-0-1-1-0-1-0-0-1-2,2,30,0.6646712571043837,0.6825918383787369,30
3,0-0-1-1-0-1-0-0-2-0,1,30,0.6259352975337956,0.6732998768705023,30
3,0-0-1-1-0-1-0-0-2-1,1,28,0.6646712571043837,0.6920628383062363,30
3,0-0-1-1-0-1-0-0-2-2,1,28,0.5488130509441804,0.624815261348327,30
3,0-0-1-1-0-1-0-1-0-2,1,28,0.7001545121405219,0.690635470793182,30
3,0-0-1-1-0-1-0-1-1-2,2,28,0.7651854939155367,0.7133305574367008,30
3,0-0-1-1-0-1-0-1-2-0,1,29,0.7001545121405219,0.6968431595370049,30
3,0-0-1-1-0-1-0-1-2-1,1,26,0.7651854939155367,0.7229557680322576,30
3,0-0-1-1-0-1-0-1-2-2,1,26,0.6498206806586615,0.6545074318882355,30
3,0-0-1-1-0-1-0-2-0-0,1,29,0.5730406045214232,0.6558017512172217,30
3,0-0-1-1-0-1-0-2-0-1,1,28,0.6224374192908751,0.6762838624478904,30
3,0-0-1-1-0-1-0-2-0-2,1,28,0.505861788417181,0.6086613828673079,30
3,0-0-1-1-0-1-0-2-1-0,2,31,0.6224374192908751,0.673018234329511,30
3,0-0-1-1-0-1-0-2-1-1,2,28,0.6882302790347936,0.6988293922985754,30
3,0-0-1-1-0-1-0-2-1-2,2,28,0.57318307743307,0.6304036888222039,30
3,0-0-1-1-0-1-0-2-2-0,1,29,0.505861788417181,0.6150418769927801,30
3,0-0-1-1-0-1-0-2-2-1,1,26,0.57318307743307,0.6400179381930828,30
3,0-0-1-1-0-1-0-2-2-2,1,26,0.4589079788744122,0.5716592539631384,30
3,0-0-1-1-0-1-1-0-0-2,1,30,0.6646712571043837,0.6826534299164659,30
3,0-0-1-1-0-1-1-0-1-2,2,30,0.7203891537817187,0.7035899175783386,30
3,0-0-1-1-0-1-1-0-2-0,1,28,0.6646712571043837,0.6891015896074587,30
3,0-0-1-1-0-1-1-0-2-1,1,28,0.7203891537817187,0.7131837564955015,30
3,0-0-1-1-0-1-1-0-2-2,1,28,0.6039689834589764,0.6449793006747583,30
3,0-0-1-1-0-1-1-1-0-2,1,28,0.7651854939155367,0.7134122327500533,30
3,0-0-1-1-0-1-1-1-1-2,2,28,0.8414161329986567,0.7401527397204346,30
3,0-0-1-1-0-1-1-1-2-0,1,27,0.7651854939155367,0.7190251075207946,30
3,0-0-1-1-0-1-1-1-2-1,1,26,0.8414161329986567,0.7498156977162749,30
3,0-0-1-1-0-1-1-1-2-2,1,26,0.7287999046456625,0.6810745961553233,30
3,0-0-1-1-0-1-1-2-0-0,1,29,0.6224374192908751,0.6730828080680719,30
3,0-0-1-1-0-1-1-2-0-1,1,28,0.6882302790347936,0.6989107339163717,30
3,0-0-1-1-0-1-1-2-0-2,1,28,0.57318307743307,0.6304832428309247,30
3,0-0-1-1-0-1-1-2-1-0,2,29,0.6882302790347936,0.6949273393530103,30
3,0-0-1-1-0-1-1-2-1-1,2,28,0.7662070624646796,0.7255927263551474,30
3,0-0-1-1-0-1-1-2-1-2,2,28,0.6544931635046153,0.6568524834392516,30
3,0-0-1-1-0-1-1-2-2-0,1,27,0.57318307743307,0.6361949440883161,30
3,0-0-1-1-0-1-1-2-2-1,1,26,0.6544931635046153,0.666515025634469,30
3,0-0-1-1-0-1-1-2-2-2,1,26,0.5448202539566817,0.5977773079917427,30
3,0-0-1-1-0-1-2-0-0-0,1,30,0.6259352975337956,0.6731575948258807,30
3,0-0-1-1-0-1-2-0-0-1,1,30,0.6646712571043837,0.6919340873779692,30
3,0-0-1-1-0-1-2-0-0-2,1,33,0.5488130509441804,0.6246833643999545,30
3,0-0-1-1-0-1-2-0-1-0,2,30,0.6646712571043837,0.6889112586938715,30
3,0-0-1-1-0-1-2-0-1-1,2,30,0.7203891537817187,0.7129904671533234,30
3,0-0-1-1-0-1-2-0-1-2,2,33,0.6039689834589764,0.6447863256054029,30
3,0-0-1-1-0-1-2-0-2-0,1,28,0.5488130509441804,0.631269876608203,30
3,0-0-1-1-0-1-2-0-2-1,1,28,0.6039689834589764,0.654366728954808,30
3,0-0-1-1-0-1-2-0-2-2,1,31,0.48762311534443936,0.5862720064029485,30
3,0-0-1-1-0-1-2-1-0-0,1,29,0.7001545121405219,0.6967173267014047,30
3,0-0-1-1-0-1-2-1-0-1,1,28,0.7651854939155367,0.7228437401656848,30
3,0-0-1-1-0-1-2-1-0-2,1,31,0.6498206806586615,0.6543939137825981,30
3,0-0-1-1-0-1-2-1-1-0,2,29,0.7651854939155367,0.7188314167775592,30
3,0-0-1-1-0-1-2-1-1-1,2,28,0.8414161329986567,0.7496210343965265,30
3,0-0-1-1-0-1-2-1-1-2,2,31,0.7287999046456625,0.6808799393890586,30
3,0-0-1-1-0-1-2-1-2-0,1,27,0.6498206806586615,0.6600746486085183,30
3,0-0-1-1-0-1-2-1-2-1,1,26,0.7287999046456625,0.6905426171878776,30
3,0-0-1-1-0-1-2-1-2-2,1,29,0.6176546467859352,0.6218037897101742,30
3,0-0-1-1-0-1-2-2-0-0,1,29,0.505861788417181,0.6149124944589625,30
3,0-0-1-1-0-1-2-2-0-1,1,28,0.57318307743307,0.6399040650199331,30
3,0-0-1-1-0-1-2-2-0-2,1,31,0.4589079788744122,0.5715434713956329,30
3,0-0-1-1-0-1-2-2-1-0,2,29,0.57318307743307,0.6360015326189781,30
3,0-0-1-1-0-1-2-2-1-1,2,28,0.6544931635046153,0.666320370522695,30
3,0-0-1-1-0-1-2-2-1-2,2,31,0.5448202539566817,0.5975826623933936,30
3,0-0-1-1-0-1-2-2-2-0,1,27,0.4589079788744122,0.5773420849201849,30
3,0-0-1-1-0-1-2-2-2-1,1,26,0.5448202539566817,0.6072447979633402,30
3,0-0-1-1-0-1-2-2-2-2,1,29,0.4387216506079745,0.5385104427638653,30
3,0-0-1-1-0-2-0-0-0-0,1,29,0.607438789443298,0.6563945533405389,30
3,0-0-1-1-0-2-0-0-0-1,1,29,0.6259352975337956,0.6692504494087768,30
3,0-0-1-1-0-2-0-0-0-2,1,29,0.514580184554816,0.6035756081289355,30
3,0-0-1-1-0-2-0-0-1-0,2,31,0.6259352975337956,0.6670303485987075,30
3,0-0-1-1-0-2-0-0-1-1,2,29,0.6646712571043837,0.685636121002211,30
3,0-0-1-1-0-2-0-0-1-2,2,29,0.5488130509441804,0.6184187222837474,30
3,0-0-1-1-0-2-0-0-2-0,1,29,0.514580184554816,0.6108087404815,30
3,0-0-1-1-0-2-0-0-2-1,1,27,0.5488130509441804,0.6278472719328969,30
3,0-0-1-1-0-2-0-0-2-2,1,27,0.4333398427287941,0.5609474775896638,30
3,0-0-1-1-0-2-0-1-0-0,1,28,0.649695013976804,0.672844069108181,30
3,0-0-1-1-0-2-0-1-0-1,1,27,0.7001545121405219,0.6936987107381157,30
3,0-0-1-1-0-2-0-1-0-2,1,27,0.5835788743224553,0.6260168122268093,30
3,0-0-1-1-0-2-0-1-1-0,2,30,0.7001545121405219,0.6903917838211239,30
3,0-0-1-1-0-2-0-1-1-1,2,27,0.7651854939155367,0.7164248915314879,30
3,0-0-1-1-0-2-0-1-1-2,2,27,0.6498206806586615,0.6479824442610584,30
3,0-0-1-1-0-2-0-1-2-0,1,28,0.5835788743224553,0.6323572154218381,30
3,0-0-1-1-0-2-0-1-2-1,1,25,0.6498206806586615,0.6575993711128312,30
3,0-0-1-1-0-2-0-1-2-2,1,25,0.5349810870191833,0.5892186401032673,30
3,0-0-1-1-0-2-0-2-0-0,1,28,0.4587300156401709,0.5928076692581167,30
3,0-0-1-1-0-2-0-2-0-1,1,27,0.505861788417181,0.6117119337510405,30
3,0-0-1-1-0-2-0-2-0-2,1,27,0.3892861756746461,0.5443592962109446,30
3,0-0-1-1-0-2-0-2-1-0,2,30,0.505861788417181,0.608621070779154,30
3,0-0-1-1-0-2-0-2-1-1,2,27,0.57318307743307,0.6334944475297964,30
3,0-0-1-1-0-2-0-2-1-2,2,27,0.4589079788744122,0.5651444447950089,30
3,0-0-1-1-0-2-0-2-2-0,1,28,0.3892861756746461,0.5509087384147964,30
3,0-0-1-1-0-2-0-2-2-1,1,25,0.4589079788744122,0.5747464834779243,30
3,0-0-1-1-0-2-0-2-2-2,1,25,0.34617047164246956,0.5064894853739198,30
3,0-0-1-1-0-2-1-0-0-0,1,29,0.6259352975337956,0.6670737641162414,30
3,0-0-1-1-0-2-1-0-0-1,1,29,0.6646712571043837,0.6856978801992852,30
3,0-0-1-1-0-2-1-0-0-2,1,29,0.5488130509441804,0.6184763720019779,30
3,0-0-1-1-0-2-1-0-1-0,2,29,0.6646712571043837,0.6826924759302786,30
3,0-0-1-1-0-2-1-0-1-1,2,29,0.7203891537817187,0.7066740712109915,30
3,0-0-1-1-0-2-1-0-1-2,2,29,0.6039689834589764,0.6384803502775888,30
3,0-0-1-1-0-2-1-0-2-0,1,27,0.5488130509441804,0.6250791000962914,30
3,0-0-1-1-0-2-1-0-2-1,1,27,0.6039689834589764,0.648059088788231,30
3,0-0-1-1-0-2-1-0-2-2,1,27,0.48762311534443936,0.5799780577075555,30
3,0-0-1-1-0-2-1-1-0-0,1,28,0.7001545121405219,0.6904572239445551,30
3,0-0-1-1-0-2-1-1-0-1,1,27,0.7651854939155367,0.7165066362579967,30
3,0-0-1-1-0-2-1-1-0-2,1,27,0.6498206806586615,0.6480624945429354,30
3,0-0-1-1-0-2-1-1-1-0,2,28,0.7651854939155367,0.7125017793338453,30
3,0-0-1-1-0-2-1-1-1-1,2,27,0.8414161329986567,0.7432593203929194,30
3,0-0-1-1-0-2-1-1-1-2,2,27,0.7287999046456625,0.6745184425470863,30
3,0-0-1-1-0-2-1-1-2-0,1,26,0.6498206806586615,0.6537512152728555,30
3,0-0-1-1-0-2-1-1-2-1,1,25,0.7287999046456625,0.6841810858402356,30
3,0-0-1-1-0-2-1-1-2-2,1,25,0.6176546467859352,0.6154425402092768,30
3,0-0-1-1-0-2-1-2-0-0,1,28,0.505861788417181,0.6086819774491166,30
3,0-0-1-1-0-2-1-2-0-1,1,27,0.57318307743307,0.6335740908468572,30
3,0-0-1-1-0-2-1-2-0-2,1,27,0.4589079788744122,0.5652218778416404,30
3,0-0-1-1-0-2-1-2-1-0,2,28,0.57318307743307,0.6296811561095863,30
3,0-0-1-1-0-2-1-2-1-1,2,27,0.6544931635046153,0.6599589285501648,30
3,0-0-1-1-0-2-1-2-1-2,2,27,0.5448202539566817,0.5912215362495088,30
3,0-0-1-1-0-2-1-2-2-0,1,26,0.4589079788744122,0.5710308413854862,30
3,0-0-1-1-0-2-1-2-2-1,1,25,0.5448202539566817,0.6008836208291353,30
3,0-0-1-1-0-2-1-2-2-2,1,25,0.4387216506079745,0.5321496908064506,30
3,0-0-1-1-0-2-2-0-0-0,1,29,0.514580184554816,0.6106623630356733,30
3,0-0-1-1-0-2-2-0-0-1,1,29,0.5488130509441804,0.6277155302256474,30
3,0-0-1-1-0-2-2-0-0-2,1,32,0.4333398427287941,0.5608119546338681,30
3,0-0-1-1-0-2-2-0-1-0,2,29,0.5488130509441804,0.6248897220601469,30
3,0-0-1-1-0-2-2-0-1-1,2,29,0.6039689834589764,0.6478660973434884,30
3,0-0-1-1-0-2-2-0-1-2,2,32,0.48762311534443936,0.5797854918973185,30
3,0-0-1-1-0-2-2-0-2-0,1,27,0.4333398427287941,0.5675807986928368,30
3,0-0-1-1-0-2-2-0-2-1,1,27,0.48762311534443936,0.5893460387151274,30
3,0-0-1-1-0-2-2-0-2-2,1,30,0.37142138037488115,0.5214158992294605,30
3,0-0-1-1-0-2-2-1-0-0,1,28,0.5835788743224553,0.6322286557332579,30
3,0-0-1-1-0-2-2-1-0-1,1,27,0.6498206806586615,0.657485926811655,30
3,0-0-1-1-0-2-2-1-0-2,1,30,0.5349810870191833,0.5891033888424867,30
3,0-0-1-1-0-2-2-1-1-0,2,28,0.6498206806586615,0.6535577356098302,30
3,0-0-1-1-0-2-2-1-1-1,2,27,0.7287999046456625,0.6839864287345684,30
3,0-0-1-1-0-2-2-1-1-2,2,30,0.6176546467859352,0.6152478918591507,30
3,0-0-1-1-0-2-2-1-2-0,1,26,0.5349810870191833,0.5948743676738004,30
3,0-0-1-1-0-2-2-1-2-1,1,25,0.6176546467859352,0.6249101608924782,30
3,0-0-1-1-0-2-2-1-2-2,1,28,0.5089449812353085,0.5561746964967437,30
3,0-0-1-1-0-2-2-2-0-0,1,28,0.3892861756746461,0.5507758930368225,30
3,0-0-1-1-0-2-2-2-0-1,1,27,0.4589079788744122,0.5746307965921554,30
3,0-0-1-1-0-2-2-2-0-2,1,30,0.34617047164246956,0.5063714217344831,30
3,0-0-1-1-0-2-2-2-1-0,2,28,0.4589079788744122,0.5708377407172199,30
3,0-0-1-1-0-2-2-2-1-1,2,27,0.5448202539566817,0.6006889747292581,30
3,0-0-1-1-0-2-2-2-1-2,2,30,0.4387216506079745,0.5319550579440834,30
3,0-0-1-1-0-2-2-2-2-0,1,26,0.34617047164246956,0.5122885156862941,30
3,0-0-1-1-0-2-2-2-2-1,1,25,0.4387216506079745,0.5416165769176133,30
3,0-0-1-1-0-2-2-2-2-2,1,28,0.33956447671475704,0.47288741344582236,30
3,0-0-1-1-1-0-0-0-0-2,1,30,0.607438789443298,0.7131145348568532,30
3,0-0-1-1-1-0-0-0-1-2,2,29,0.6259352975337956,0.739809084341373,30
3,0-0-1-1-1-0-0-0-2-0,1,30,0.607438789443298,0.7187345089994643,30
3,0-0-1-1-1-0-0-0-2-1,1,28,0.6259352975337956,0.7494718944065738,30
3,0-0-1-1-1-0-0-0-2-2,1,28,0.514580184554816,0.680731937035908,30
3,0-0-1-1-1-0-0-1-0-2,1,28,0.649695013976804,0.7518233008317252,30
3,0-0-1-1-1-0-0-1-1-2,2,27,0.7001545121405219,0.7834981905917185,30
3,0-0-1-1-1-0-0-1-2-0,1,29,0.649695013976804,0.7566240983878116,30
3,0-0-1-1-1-0-0-1-2-1,1,26,0.7001545121405219,0.7931363425709299,30
3,0-0-1-1-1-0-0-1-2-2,1,26,0.5835788743224553,0.7245860229942334,30
3,0-0-1-1-1-0-0-2-0-0,1,29,0.5445204288827831,0.7048120575614176,30
3,0-0-1-1-1-0-0-2-0-1,1,28,0.5730406045214232,0.7372615141860102,30
3,0-0-1-1-1-0-0-2-0-2,1,28,0.4587300156401709,0.6685118305851748,30
3,0-0-1-1-1-0-0-2-1-0,2,30,0.5730406045214232,0.73239719528146,30
3,0-0-1-1-1-0-0-2-1-1,2,27,0.6224374192908751,0.7689767262827658,30
3,0-0-1-1-1-0-0-2-1-2,2,27,0.505861788417181,0.7004400101727428,30
3,0-0-1-1-1-0-0-2-2-0,1,29,0.4587300156401709,0.6733087064675923,30
3,0-0-1-1-1-0-0-2-2-1,1,26,0.505861788417181,0.7100715760169621,30
3,0-0-1-1-1-0-0-2-2-2,1,26,0.3892861756746461,0.641574388084473,30
3,0-0-1-1-1-0-1-0-0-2,1,30,0.6259352975337956,0.7399032495169,30
3,0-0-1-1-1-0-1-0-1-2,2,29,0.6646712571043837,0.7702258718834354,30
3,0-0-1-1-1-0-1-0-2-0,1,28,0.6259352975337956,0.7449367954265259,30
3,0-0-1-1-1-0-1-0-2-1,1,28,0.6646712571043837,0.7798791425713841,30
3,0-0-1-1-1-0-1-0-2-2,1,28,0.5488130509441804,0.7112126374957979,30
3,0-0-1-1-1-0-1-1-0-2,1,28,0.7001545121405219,0.7836078063298977,30
3,0-0-1-1-1-0-1-1-1-2,2,27,0.7651854939155367,0.8183387237270126,30
3,0-0-1-1-1-0-1-1-2-0,1,27,0.7001545121405219,0.7878515092711893,30
3,0-0-1-1-1-0-1-1-2-1,1,26,0.7651854939155367,0.8279172990494714,30
3,0-0-1-1-1-0-1-1-2-2,1,26,0.6498206806586615,0.7598228675143642,30
3,0-0-1-1-1-0-1-2-0-0,1,29,0.5730406045214232,0.7324942486116413,30
3,0-0-1-1-1-0-1-2-0-1,1,28,0.6224374192908751,0.7690865684849011,30
3,0-0-1-1-1-0-1-2-0-2,1,28,0.505861788417181,0.7005510447333188,30
3,0-0-1-1-1-0-1-2-1-0,2,28,0.6224374192908751,0.7636749131956201,30
3,0-0-1-1-1-0-1-2-1-1,2,27,0.6882302790347936,0.8039096645218335,30
3,0-0-1-1-1-0-1-2-1-2,2,27,0.57318307743307,0.7358572144909705,30
3,0-0-1-1-1-0-1-2-2-0,1,27,0.505861788417181,0.7047236116249715,30
3,0-0-1-1-1-0-1-2-2-1,1,26,0.57318307743307,0.7454154676438852,30
3,0-0-1-1-1-0-1-2-2-2,1,26,0.4589079788744122,0.6774838454915929,30
3,0-0-1-1-1-0-2-0-0-0,1,30,0.607438789443298,0.7186204440542516,30
3,0-0-1-1-1-0-2-0-0-1,1,30,0.6259352975337956,0.7493714396242864,30
3,0-0-1-1-1-0-2-0-0-2,1,33,0.514580184554816,0.6806311702772839,30
3,0-0-1-1-1-0-2-0-1-0,2,29,0.6259352975337956,0.7447421874903367,30
3,0-0-1-1-1-0-2-0-1-1,2,29,0.6646712571043837,0.7796846720516307,30
3,0-0-1-1-1-0-2-0-1-2,2,32,0.5488130509441804,0.7110182122944867,30
3,0-0-1-1-1-0-2-0-2-0,1,28,0.514580184554816,0.6856820374049309,30
3,0-0-1-1-1-0-2-0-2-1,1,28,0.5488130509441804,0.7206695451993818,30
3,0-0-1-1-1-0-2-0-2-2,1,31,0.4333398427287941,0.6520186759998472,30
3,0-0-1-1-1-0-2-1-0-0,1,29,0.649695013976804,0.7565264671521432,30
3,0-0-1-1-1-0-2-1-0-1,1,28,0.7001545121405219,0.7930516458469107,30
3,0-0-1-1-1-0-2-1-0-2,1,31,0.5835788743224553,0.724502550461674,30
3,0-0-1-1-1-0-2-1-1-0,2,28,0.7001545121405219,0.7876572073268522,30
3,0-0-1-1-1-0-2-1-1-1,2,27,0.7651854939155367,0.8277243163186935,30
3,0-0-1-1-1-0-2-1-1-2,2,30,0.6498206806586615,0.7596302070244207,30
3,0-0-1-1-1-0-2-1-2-0,1,27,0.5835788743224553,0.7286973364005701,30
3,0-0-1-1-1-0-2-1-2-1,1,26,0.6498206806586615,0.7691950016753474,30
3,0-0-1-1-1-0-2-1-2-2,1,29,0.5349810870191833,0.7012107445651234,30
3,0-0-1-1-1-0-2-2-0-0,1,29,0.4587300156401709,0.6732110400907739,30
3,0-0-1-1-1-0-2-2-0-1,1,28,0.505861788417181,0.7099883937047282,30
3,0-0-1-1-1-0-2-2-0-2,1,31,0.3892861756746461,0.6414927570965568,30
3,0-0-1-1-1-0-2-2-1-0,2,28,0.505861788417181,0.7045294078204252,30
3,0-0-1-1-1-0-2-2-1-1,2,27,0.57318307743307,0.7452228869751915,30
3,0-0-1-1-1-0-2-2-1-2,2,30,0.4589079788744122,0.6772917129548393,30
3,0-0-1-1-1-0-2-2-2-0,1,27,0.3892861756746461,0.645603296029551,30
3,0-0-1-1-1-0-2-2-2-1,1,26,0.4589079788744122,0.6868308056470671,30
3,0-0-1-1-1-0-2-2-2-2,1,29,0.34617047164246956,0.6190545362437643,30
3,0-0-1-1-1-1-0-0-0-2,1,31,0.6259352975337956,0.7430021379674817,30
3,0-0-1-1-1-1-0-0-1-2,2,30,0.6646712571043837,0.7736893317248166,30
3,0-0-1-1-1-1-0-0-2-0,1,31,0.6259352975337956,0.7479737260469067,30
3,0-0-1-1-1-1-0-0-2-1,1,29,0.6646712571043837,0.7833391717682076,30
3,0-0-1-1-1-1-0-0-2-2,1,29,0.5488130509441804,0.7146990549008141,30
3,0-0-1-1-1-1-0-1-0-2,1,29,0.7001545121405219,0.7872082199634916,30
3,0-0-1-1-1-1-0-1-1-2,2,28,0.7651854939155367,0.822244357910533,30
3,0-0-1-1-1-1-0-1-2-0,1,30,0.7001545121405219,0.7913937675995409,30
3,0-0-1-1-1-1-0-1-2-1,1,27,0.7651854939155367,0.8318149218019294,30
3,0-0-1-1-1-1-0-1-2-2,1,27,0.6498206806586615,0.7637816064808661,30
3,0-0-1-1-1-1-0-2-0-0,1,30,0.5730406045214232,0.7356873245412443,30
3,0-0-1-1-1-1-0-2-0-1,1,29,0.6224374192908751,0.7726946876987537,30
3,0-0-1-1-1-1-0-2-0-2,1,29,0.505861788417181,0.7041997154108357,30
3,0-0-1-1-1-1-0-2-1-0,2,31,0.6224374192908751,0.7672283351216074,30
3,0-0-1-1-1-1-0-2-1-1,2,28,0.6882302790347936,0.8078277101048313,30
3,0-0-1-1-1-1-0-2-1-2,2,28,0.57318307743307,0.7398400117280642,30
3,0-0-1-1-1-1-0-2-2-0,1,30,0.505861788417181,0.7083073831233668,30
3,0-0-1-1-1-1-0-2-2-1,1,27,0.57318307743307,0.7493884940006439,30
3,0-0-1-1-1-1-0-2-2-2,1,27,0.4589079788744122,0.6815319499287184,30
3,0-0-1-1-1-1-1-0-0-2,1,31,0.6646712571043837,0.7737958911754511,30
3,0-0-1-1-1-1-1-0-1-2,2,30,0.7203891537817187,0.8076564986574244,30
3,0-0-1-1-1-1-1-0-2-0,1,29,0.6646712571043837,0.7782028366462908,30
3,0-0-1-1-1-1-1-0-2-1,1,29,0.7203891537817187,0.8172557983233891,30
3,0-0-1-1-1-1-1-0-2-2,1,29,0.6039689834589764,0.7490030774725738,30
3,0-0-1-1-1-1-1-1-0-2,1,29,0.7651854939155367,0.8223643507594018,30
3,0-0-1-1-1-1-1-1-1-2,2,28,0.8414161329986567,0.86004538343076,30
3,0-0-1-1-1-1-1-1-2-0,1,28,0.7651854939155367,0.8260251177472258,30
3,0-0-1-1-1-1-1-1-2-1,1,27,0.8414161329986567,0.8695293472017663,30
3,0-0-1-1-1-1-1-1-2-2,1,27,0.7287999046456625,0.802154382292987,30
3,0-0-1-1-1-1-1-2-0-0,1,30,0.6224374192908751,0.7673376392501723,30
3,0-0-1-1-1-1-1-2-0-1,1,29,0.6882302790347936,0.80794808946869,30
3,0-0-1-1-1-1-1-2-0-2,1,29,0.57318307743307,0.7399624066015142,30
3,0-0-1-1-1-1-1-2-1-0,2,29,0.6882302790347936,0.8020077711318402,30
3,0-0-1-1-1-1-1-2-1-1,2,28,0.7662070624646796,0.8457627195108933,30
3,0-0-1-1-1-1-1-2-1-2,2,28,0.6544931635046153,0.7784704879284761,30
3,0-0-1-1-1-1-1-2-2-0,1,28,0.57318307743307,0.7434874100601523,30
3,0-0-1-1-1-1-1-2-2-1,1,27,0.6544931635046153,0.7879144094572027,30
3,0-0-1-1-1-1-1-2-2-2,1,27,0.5448202539566817,0.7208577457334779,30
3,0-0-1-1-1-1-2-0-0-0,1,31,0.6259352975337956,0.7478726655950914,30
3,0-0-1-1-1-1-2-0-0-1,1,31,0.6646712571043837,0.7832512195633557,30
3,0-0-1-1-1-1-2-0-0-2,1,34,0.5488130509441804,0.7146120204910269,30
3,0-0-1-1-1-1-2-0-1-0,2,30,0.6646712571043837,0.7780083358872824,30
3,0-0-1-1-1-1-2-0-1-1,2,30,0.7203891537817187,0.8170624026387436,30
3,0-0-1-1-1-1-2-0-1-2,2,33,0.6039689834589764,0.7488099302508746,30
3,0-0-1-1-1-1-2-0-2-0,1,29,0.5488130509441804,0.7189832887673183,30
3,0-0-1-1-1-1-2-0-2-1,1,29,0.6039689834589764,0.7583986046770568,30
3,0-0-1-1-1-1-2-0-2-2,1,32,0.48762311534443936,0.6902310015532128,30
3,0-0-1-1-1-1-2-1-0-0,1,30,0.7001545121405219,0.7913085021265192,30
3,0-0-1-1-1-1-2-1-0-1,1,29,0.7651854939155367,0.8317418470341851,30
3,0-0-1-1-1-1-2-1-0-2,1,32,0.6498206806586615,0.7637107857082738,30
3,0-0-1-1-1-1-2-1-1-0,2,29,0.7651854939155367,0.8258320591019567,30
3,0-0-1-1-1-1-2-1-1-1,2,28,0.8414161329986567,0.8693382509145801,30
3,0-0-1-1-1-1-2-1-1-2,2,31,0.7287999046456625,0.8019639228520643,30
3,0-0-1-1-1-1-2-1-2-0,1,28,0.6498206806586615,0.767278039493255,30
3,0-0-1-1-1-1-2-1-2-1,1,27,0.7287999046456625,0.8114206489269273,30
3,0-0-1-1-1-1-2-1-2-2,1,30,0.6176546467859352,0.7442618213038794,30
3,0-0-1-1-1-1-2-2-0-0,1,30,0.505861788417181,0.7082235665267689,30
3,0-0-1-1-1-1-2-2-0-1,1,29,0.57318307743307,0.7493182047505226,30
3,0-0-1-1-1-1-2-2-0-2,1,32,0.4589079788744122,0.6814644830340043,30
3,0-0-1-1-1-1-2-2-1-0,2,29,0.57318307743307,0.7432947367755427,30
3,0-0-1-1-1-1-2-2-1-1,2,28,0.6544931635046153,0.7877241062690631,30
3,0-0-1-1-1-1-2-2-1-2,2,31,0.5448202539566817,0.7206683094304828,30
3,0-0-1-1-1-1-2-2-2-0,1,28,0.4589079788744122,0.6848722970768563,30
3,0-0-1-1-1-1-2-2-2-1,1,27,0.5448202539566817,0.7300751606076183,30
3,0-0-1-1-1-1-2-2-2-2,1,30,0.4387216506079745,0.6633161650742103,30
3,0-0-1-1-1-2-0-0-0-0,1,30,0.607438789443298,0.7149118929514515,30
3,0-0-1-1-1-2-0-0-0-1,1,30,0.6259352975337956,0.7461090297413039,30
3,0-0-1-1-1-2-0-0-0-2,1,30,0.514580184554816,0.6773605962529822,30
3,0-0-1-1-1-2-0-0-1-0,2,31,0.6259352975337956,0.7414179407475897,30
3,0-0-1-1-1-2-0-0-1-1,2,29,0.6646712571043837,0.7767916596700818,30
3,0-0-1-1-1-2-0-0-1-2,2,29,0.5488130509441804,0.7081535501439112,30
3,0-0-1-1-1-2-0-0-2-0,1,30,0.514580184554816,0.6823455564580816,30
3,0-0-1-1-1-2-0-0-2-1,1,28,0.5488130509441804,0.7178005663430699,30
3,0-0-1-1-1-2-0-0-2-2,1,28,0.4333398427287941,0.6491832339050188,30
3,0-0-1-1-1-2-0-1-0-0,1,29,0.649695013976804,0.753356543810152,30
3,0-0-1-1-1-2-0-1-0-1,1,28,0.7001545121405219,0.7903051038976056,30
3,0-0-1-1-1-2-0-1-0-2,1,28,0.5835788743224553,0.7217982041802391,30
3,0-0-1-1-1-2-0-1-1-0,2,30,0.7001545121405219,0.7848526153473769,30
3,0-0-1-1-1-2-0-1-1-1,2,27,0.7651854939155367,0.8253210000085823,30
3,0-0-1-1-1-2-0-1-1-2,2,27,0.6498206806586615,0.757299622553794,30
3,0-0-1-1-1-2-0-1-2-0,1,29,0.5835788743224553,0.7259239110297818,30
3,0-0-1-1-1-2-0-1-2-1,1,26,0.6498206806586615,0.7668533919831501,30
3,0-0-1-1-1-2-0-1-2-2,1,26,0.5349810870191833,0.6989543190749566,30
3,0-0-1-1-1-2-0-2-0-0,1,29,0.4587300156401709,0.6700425401637967,30
3,0-0-1-1-1-2-0-2-0-1,1,28,0.505861788417181,0.7072940534111029,30
3,0-0-1-1-1-2-0-2-0-2,1,28,0.3892861756746461,0.6388519185764933,30
3,0-0-1-1-1-2-0-2-1-0,2,30,0.505861788417181,0.7017702990129018,30
3,0-0-1-1-1-2-0-2-1-1,2,27,0.57318307743307,0.7429094662411658,30
3,0-0-1-1-1-2-0-2-1-2,2,27,0.4589079788744122,0.6750695118746155,30
3,0-0-1-1-1-2-0-2-2-0,1,29,0.3892861756746461,0.6428836962475294,30
3,0-0-1-1-1-2-0-2-2-1,1,26,0.4589079788744122,0.6845946569384699,30
3,0-0-1-1-1-2-0-2-2-2,1,26,0.34617047164246956,0.6169272771025126,30
3,0-0-1-1-1-2-1-0-0-0,1,30,0.6259352975337956,0.7415114937090729,30
3,0-0-1-1-1-2-1-0-0-1,1,30,0.6646712571043837,0.7768981829297845,30
3,0-0-1-1-1-2-1-0-0-2,1,30,0.5488130509441804,0.7082609468655303,30
3,0-0-1-1-1-2-1-0-1-0,2,29,0.6646712571043837,0.7716519792656821,30
3,0-0-1-1-1-2-1-0-1-1,2,29,0.7203891537817187,0.8107424489528758,30
3,0-0-1-1-1-2-1-0-1-2,2,29,0.6039689834589764,0.7424981991244842,30
3,0-0-1-1-1-2-1-0-2-0,1,28,0.5488130509441804,0.7126280276896423,30
3,0-0-1-1-1-2-1-0-2-1,1,28,0.6039689834589764,0.7520855817206116,30
3,0-0-1-1-1-2-1-0-2-2,1,28,0.48762311534443936,0.6839283803831714,30
3,0-0-1-1-1-2-1-1-0-0,1,29,0.7001545121405219,0.7849616566220875,30
3,0-0-1-1-1-2-1-1-0-1,1,28,0.7651854939155367,0.8254409120408182,30
3,0-0-1-1-1-2-1-1-0-2,1,28,0.6498206806586615,0.7574214670198895,30
3,0-0-1-1-1-2-1-1-1-0,2,28,0.7651854939155367,0.8195232038850072,30
3,0-0-1-1-1-2-1-1-1-1,2,27,0.8414161329986567,0.8630939860191092,30
3,0-0-1-1-1-2-1-1-1-2,2,27,0.7287999046456625,0.7957407134788802,30
3,0-0-1-1-1-2-1-1-2-0,1,27,0.6498206806586615,0.7609777997297927,30
3,0-0-1-1-1-2-1-1-2-1,1,26,0.7287999046456625,0.8051941589652418,30
3,0-0-1-1-1-2-1-1-2-2,1,26,0.6176546467859352,0.738061473123877,30
3,0-0-1-1-1-2-1-2-0-0,1,29,0.505861788417181,0.7018806921916478,30
3,0-0-1-1-1-2-1-2-0-1,1,28,0.57318307743307,0.7430317625726641,30
3,0-0-1-1-1-2-1-2-0-2,1,28,0.4589079788744122,0.6751941833210422,30
3,0-0-1-1-1-2-1-2-1-0,2,28,0.57318307743307,0.7369986340841795,30
3,0-0-1-1-1-2-1-2-1-1,2,27,0.6544931635046153,0.7815060657825253,30
3,0-0-1-1-1-2-1-2-1-2,2,27,0.5448202539566817,0.7144789645660322,30
3,0-0-1-1-1-2-1-2-2-0,1,27,0.4589079788744122,0.6785881771403529,30
3,0-0-1-1-1-2-1-2-2-1,1,26,0.5448202539566817,0.7238812978115547,30
3,0-0-1-1-1-2-1-2-2-2,1,26,0.4387216506079745,0.6571587657228127,30
3,0-0-1-1-1-2-2-0-0-0,1,30,0.514580184554816,0.6822441413509451,30
3,0-0-1-1-1-2-2-0-0-1,1,30,0.5488130509441804,0.7177134866123109,30
3,0-0-1-1-1-2-2-0-0-2,1,33,0.4333398427287941,0.6490972599228212,30
3,0-0-1-1-1-2-2-0-1-0,2,29,0.5488130509441804,0.7124335641996137,30
3,0-0-1-1-1-2-2-0-1-1,2,29,0.6039689834589764,0.7518924217919727,30
3,0-0-1-1-1-2-2-0-1-2,2,32,0.48762311534443936,0.6837355430837654,30
3,0-0-1-1-1-2-2-0-2-0,1,28,0.4333398427287941,0.6534213386210805,30
3,0-0-1-1-1-2-2-0-2-1,1,28,0.48762311534443936,0.6933091311018029,30
3,0-0-1-1-1-2-2-0-2-2,1,31,0.37142138037488115,0.625263688606265,30
3,0-0-1-1-1-2-2-1-0-0,1,29,0.5835788743224553,0.7258397589336636,30
3,0-0-1-1-1-2-2-1-0-1,1,28,0.6498206806586615,0.7667824604627675,30
3,0-0-1-1-1-2-2-1-0-2,1,31,0.5349810870191833,0.6988860728788189,30
3,0-0-1-1-1-2-2-1-1-0,2,28,0.6498206806586615,0.7607850341433029,30
3,0-0-1-1-1-2-2-1-1-1,2,27,0.7287999046456625,0.805003667254631,30
3,0-0-1-1-1-2-2-1-1-2,2,30,0.6176546467859352,0.7378717913281319,30
3,0-0-1-1-1-2-2-1-2-0,1,27,0.5349810870191833,0.7023309275370772,30
3,0-0-1-1-1-2-2-1-2-1,1,26,0.6176546467859352,0.7472906013364603,30
3,0-0-1-1-1-2-2-1-2-2,1,29,0.5089449812353085,0.6804352791285232,30
3,0-0-1-1-1-2-2-2-0-0,1,29,0.3892861756746461,0.642801290446352,30
3,0-0-1-1-1-2-2-2-0-1,1,28,0.4589079788744122,0.6845270500429326,30
3,0-0-1-1-1-2-2-2-0-2,1,31,0.34617047164246956,0.6168631039364139,30
3,0-0-1-1-1-2-2-2-1-0,2,28,0.4589079788744122,0.6783959115137027,30
3,0-0-1-1-1-2-2-2-1-1,2,27,0.5448202539566817,0.7236918170685729,30
3,0-0-1-1-1-2-2-2-1-2,2,30,0.4387216506079745,0.6569704162314615,30
3,0-0-1-1-1-2-2-2-2-0,1,27,0.34617047164246956,0.6201144038758035,30
3,0-0-1-1-1-2-2-2-2-1,1,26,0.4387216506079745,0.6663243821004059,30
3,0-0-1-1-1-2-2-2-2-2,1,29,0.33956447671475704,0.5999945949634347,30
3,0-0-1-1-2-0-0-0-0-0,1,29,0.7073547688733205,0.5512606218268146,30
3,0-0-1-1-2-0-0-0-0-1,1,29,0.7138445195239657,0.575052968525182,30
3,0-0-1-1-2-0-0-0-0-2,1,31,0.607438789443298,0.5068022852730663,30
3,0-0-1-1-2-0-0-0-1-0,2,31,0.7138445195239657,0.5712687227910783,30
3,0-0-1-1-2-0-0-0-1-1,2,29,0.738902562321036,0.6010579399397441,30
3,0-0-1-1-2-0-0-0-1-2,2,31,0.6259352975337956,0.532325804246541,30
3,0-0-1-1-2-0-0-0-2-0,1,32,0.607438789443298,0.512727792597699,30
3,0-0-1-1-2-0-0-0-2-1,1,30,0.6259352975337956,0.5419870457687227,30
3,0-0-1-1-2-0-0-0-2-2,1,30,0.514580184554816,0.4732601003420281,30
3,0-0-1-1-2-0-0-1-0-0,1,28,0.7285757952065065,0.581012167147305,30
3,0-0-1-1-2-0-0-1-0-1,1,27,0.765078776514809,0.6130490905081672,30
3,0-0-1-1-2-0-0-1-0-2,1,29,0.649695013976804,0.5443010420142486,30
3,0-0-1-1-2-0-0-1-1-0,2,30,0.765078776514809,0.6081782768010896,30
3,0-0-1-1-2-0-0-1-1-1,2,27,0.8167301566182181,0.6451820793116833,30
3,0-0-1-1-2-0-0-1-1-2,2,29,0.7001545121405219,0.5767424272442528,30
3,0-0-1-1-2-0-0-1-2-0,1,31,0.649695013976804,0.5490898407974476,30
3,0-0-1-1-2-0-0-1-2-1,1,28,0.7001545121405219,0.5863584461000882,30
3,0-0-1-1-2-0-0-1-2-2,1,28,0.5835788743224553,0.517989564879522,30
3,0-0-1-1-2-0-0-2-0-0,1,30,0.5445204288827831,0.49809483362888507,30
3,0-0-1-1-2-0-0-2-0-1,1,29,0.5730406045214232,0.5297398507796041,30
3,0-0-1-1-2-0-0-2-0-2,1,29,0.4587300156401709,0.46099365726205854,30
3,0-0-1-1-2-0-0-2-1-0,2,32,0.5730406045214232,0.52486297499327,30
3,0-0-1-1-2-0-0-2-1-1,2,29,0.6224374192908751,0.562256203903094,30
3,0-0-1-1-2-0-0-2-1-2,2,29,0.505861788417181,0.49392343162995234,30
3,0-0-1-1-2-0-0-2-2-0,1,31,0.4587300156401709,0.46577459886739275,30
3,0-0-1-1-2-0-0-2-2-1,1,28,0.505861788417181,0.5035219441221521,30
3,0-0-1-1-2-0-0-2-2-2,1,28,0.3892861756746461,0.43530186743300736,30
3,0-0-1-1-2-0-1-0-0-0,1,29,0.7138445195239657,0.5713435913423248,30
3,0-0-1-1-2-0-1-0-0-1,1,29,0.738902562321036,0.601151365763683,30
3,0-0-1-1-2-0-1-0-0-2,1,31,0.6259352975337956,0.5324187200207096,30
3,0-0-1-1-2-0-1-0-1-0,2,29,0.738902562321036,0.5965728064984392,30
3,0-0-1-1-2-0-1-0-1-1,2,29,0.7807430849507424,0.6316435931263307,30
3,0-0-1-1-2-0-1-0-1-2,2,31,0.6646712571043837,0.5630256055990973,30
3,0-0-1-1-2-0-1-0-2-0,1,30,0.6259352975337956,0.5375295176124526,30
3,0-0-1-1-2-0-1-0-2-1,1,30,0.6646712571043837,0.5726691650006419,30
3,0-0-1-1-2-0-1-0-2-2,1,30,0.5488130509441804,0.5040825591683791,30
3,0-0-1-1-2-0-1-1-0-0,1,28,0.765078776514809,0.6082752700959893,30
3,0-0-1-1-2-0-1-1-0-1,1,27,0.8167301566182181,0.6452942545605764,30
3,0-0-1-1-2-0-1-1-0-2,1,29,0.7001545121405219,0.5768563088450768,30
3,0-0-1-1-2-0-1-1-1-0,2,28,0.8167301566182181,0.6397737223682282,30
3,0-0-1-1-2-0-1-1-1-1,2,27,0.8808691916110243,0.6810589817952343,30
3,0-0-1-1-2-0-1-1-1-2,2,29,0.7651854939155367,0.6133003650114496,30
3,0-0-1-1-2-0-1-1-2-0,1,29,0.7001545121405219,0.5808840554840653,30
3,0-0-1-1-2-0-1-1-2-1,1,28,0.7651854939155367,0.6228119152042747,30
3,0-0-1-1-2-0-1-1-2-2,1,28,0.6498206806586615,0.5552618597131933,30
3,0-0-1-1-2-0-1-2-0-0,1,30,0.5730406045214232,0.5249599120903297,30
3,0-0-1-1-2-0-1-2-0-1,1,29,0.6224374192908751,0.5623704982277744,30
3,0-0-1-1-2-0-1-2-0-2,1,29,0.505861788417181,0.49403998717652126,30
3,0-0-1-1-2-0-1-2-1-0,2,30,0.6224374192908751,0.5567508618366936,30
3,0-0-1-1-2-0-1-2-1-1,2,29,0.6882302790347936,0.5989776625413431,30
3,0-0-1-1-2-0-1-2-1-2,2,29,0.57318307743307,0.5315323572743738,30
3,0-0-1-1-2-0-1-2-2-0,1,29,0.505861788417181,0.4979291011536565,30
3,0-0-1-1-2-0-1-2-2-1,1,28,0.57318307743307,0.5409931448706329,30
3,0-0-1-1-2-0-1-2-2-2,1,28,0.4589079788744122,0.4738681667887179,30
3,0-0-1-1-2-0-2-0-0-0,1,31,0.607438789443298,0.5126072993023226,30
3,0-0-1-1-2-0-2-0-0-1,1,31,0.6259352975337956,0.5418854100362804,30
3,0-0-1-1-2-0-2-0-0-2,1,34,0.514580184554816,0.4731578470637418,30
3,0-0-1-1-2-0-2-0-1-0,2,31,0.6259352975337956,0.537334989156664,30
3,0-0-1-1-2-0-2-0-1-1,2,31,0.6646712571043837,0.5724748858916698,30
3,0-0-1-1-2-0-2-0-1-2,2,34,0.5488130509441804,0.5038884008966938,30
3,0-0-1-1-2-0-2-0-2-0,1,30,0.514580184554816,0.47830293020873177,30
3,0-0-1-1-2-0-2-0-2-1,1,30,0.5488130509441804,0.5135267981368512,30
3,0-0-1-1-2-0-2-0-2-2,1,32,0.4333398427287941,0.4449840986807894,30
3,0-0-1-1-2-0-2-1-0-0,1,30,0.649695013976804,0.5489921022358915,30
3,0-0-1-1-2-0-2-1-0-1,1,29,0.7001545121405219,0.5862783367961805,30
3,0-0-1-1-2-0-2-1-0-2,1,32,0.5835788743224553,0.5179118033418726,30
3,0-0-1-1-2-0-2-1-1-0,2,30,0.7001545121405219,0.5806900835457981,30
3,0-0-1-1-2-0-2-1-1-1,2,29,0.7651854939155367,0.622620255934594,30
3,0-0-1-1-2-0-2-1-1-2,2,32,0.6498206806586615,0.5550709917642369,30
3,0-0-1-1-2-0-2-1-2-0,1,29,0.5835788743224553,0.5218455488304532,30
3,0-0-1-1-2-0-2-1-2-1,1,28,0.6498206806586615,0.564548723990702,30
3,0-0-1-1-2-0-2-1-2-2,1,30,0.5349810870191833,0.49728074027668245,30
3,0-0-1-1-2-0-2-2-0-0,1,30,0.4587300156401709,0.46567679033316994,30
3,0-0-1-1-2-0-2-2-0-1,1,29,0.505861788417181,0.5034447637533263,30
3,0-0-1-1-2-0-2-2-0-2,1,32,0.3892861756746461,0.4352279673480585,30
3,0-0-1-1-2-0-2-2-1-0,2,30,0.505861788417181,0.4977353906419653,30
3,0-0-1-1-2-0-2-2-1-1,2,29,0.57318307743307,0.5408024836164038,30
3,0-0-1-1-2-0-2-2-1-2,2,32,0.4589079788744122,0.4736787462518138,30
3,0-0-1-1-2-0-2-2-2-0,1,29,0.3892861756746461,0.4389855582366145,30
3,0-0-1-1-2-0-2-2-2-1,1,28,0.4589079788744122,0.48308653726036727,30
3,0-0-1-1-2-0-2-2-2-2,1,30,0.34617047164246956,0.41641551476830585,30
3,0-0-1-1-2-1-0-0-0-0,1,30,0.7138445195239657,0.5738213242274957,30
3,0-0-1-1-2-1-0-0-0-1,1,30,0.738902562321036,0.6042311583014115,30
3,0-0-1-1-2-1-0-0-0-2,1,32,0.6259352975337956,0.5354853535485152,30
3,0-0-1-1-2-1-0-0-1-0,2,32,0.738902562321036,0.5995735619182101,30
3,0-0-1-1-2-1-0-0-1-1,2,30,0.7807430849507424,0.6351676052569744,30
3,0-0-1-1-2-1-0-0-1-2,2,32,0.6646712571043837,0.5665903572461606,30
3,0-0-1-1-2-1-0-0-2-0,1,33,0.6259352975337956,0.5405102774589344,30
3,0-0-1-1-2-1-0-0-2-1,1,31,0.6646712571043837,0.5762276161457931,30
3,0-0-1-1-2-1-0-0-2-2,1,31,0.5488130509441804,0.5076909117347258,30
3,0-0-1-1-2-1-0-1-0-0,1,29,0.765078776514809,0.6114707237791143,30
3,0-0-1-1-2-1-0-1-0-1,1,28,0.8167301566182181,0.648981688593729,30
3,0-0-1-1-2-1-0-1-0-2,1,30,0.7001545121405219,0.5806016711560588,30
3,0-0-1-1-2-1-0-1-1-0,2,31,0.8167301566182181,0.6433972237965578,30
3,0-0-1-1-2-1-0-1-1-1,2,28,0.8808691916110243,0.685102783363674,30
3,0-0-1-1-2-1-0-1-1-2,2,30,0.7651854939155367,0.6174336945337797,30
3,0-0-1-1-2-1-0-1-2-0,1,32,0.7001545121405219,0.5845510180540505,30
3,0-0-1-1-2-1-0-1-2-1,1,29,0.7651854939155367,0.6269315782805183,30
3,0-0-1-1-2-1-0-1-2-2,1,29,0.6498206806586615,0.5594879778072113,30
3,0-0-1-1-2-1-0-2-0-0,1,31,0.5730406045214232,0.5281575869012154,30
3,0-0-1-1-2-1-0-2-0-1,1,30,0.6224374192908751,0.5661298613470731,30
3,0-0-1-1-2-1-0-2-0-2,1,30,0.505861788417181,0.4978759824444657,30
3,0-0-1-1-2-1-0-2-1-0,2,33,0.6224374192908751,0.5604382030009584,30
3,0-0-1-1-2-1-0-2-1-1,2,30,0.6882302790347936,0.6031323343869122,30
3,0-0-1-1-2-1-0-2-1-2,2,30,0.57318307743307,0.5358017933181365,30
3,0-0-1-1-2-1-0-2-2-0,1,32,0.505861788417181,0.501674079496762,30
3,0-0-1-1-2-1-0-2-2-1,1,29,0.57318307743307,0.5452448902949256,30
3,0-0-1-1-2-1-0-2-2-2,1,29,0.4589079788744122,0.47825933281554667,30
3,0-0-1-1-2-1-1-0-0-0,1,30,0.738902562321036,0.5996662102232005,30
3,0-0-1-1-2-1-1-0-0-1,1,30,0.7807430849507424,0.6352761336351165,30
3,0-0-1-1-2-1-1-0-0-2,1,32,0.6646712571043837,0.5667002084785804,30
3,0-0-1-1-2-1-1-0-1-0,2,30,0.7807430849507424,0.6299389187211438,30
3,0-0-1-1-2-1-1-0-1-1,2,30,0.8368526168542646,0.670018129377864,30
3,0-0-1-1-2-1-1-0-1-2,2,32,0.7203891537817187,0.6020258540727592,30
3,0-0-1-1-2-1-1-0-2-0,1,31,0.6646712571043837,0.5709491907302267,30
3,0-0-1-1-2-1-1-0-2-1,1,31,0.7203891537817187,0.6115731401269092,30
3,0-0-1-1-2-1-1-0-2-2,1,31,0.6039689834589764,0.5437440492494909,30
3,0-0-1-1-2-1-1-1-0-0,1,29,0.8167301566182181,0.6435087701269459,30
3,0-0-1-1-2-1-1-1-0-1,1,28,0.8808691916110243,0.6852270755597495,30
3,0-0-1-1-2-1-1-1-0-2,1,30,0.7651854939155367,0.6175607683620923,30
3,0-0-1-1-2-1-1-1-1-0,2,29,0.8808691916110243,0.6790972039432012,30
3,0-0-1-1-2-1-1-1-1-1,2,28,0.9549830816684233,0.7243829583485984,30
3,0-0-1-1-2-1-1-1-1-2,2,30,0.8414161329986567,0.6576574357820473,30
3,0-0-1-1-2-1-1-1-2-0,1,30,0.7651854939155367,0.6208139421041341,30
3,0-0-1-1-2-1-1-1-2-1,1,29,0.8414161329986567,0.6670120565679515,30
3,0-0-1-1-2-1-1-1-2-2,1,29,0.7287999046456625,0.6006769233065973,30
3,0-0-1-1-2-1-1-2-0-0,1,31,0.6224374192908751,0.5605517888381185,30
3,0-0-1-1-2-1-1-2-0-1,1,30,0.6882302790347936,0.6032600708119296,30
3,0-0-1-1-2-1-1-2-0-2,1,30,0.57318307743307,0.5359330892404115,30
3,0-0-1-1-2-1-1-2-1-0,2,31,0.6882302790347936,0.5969629673390622,30
3,0-0-1-1-2-1-1-2-1-1,2,30,0.7662070624646796,0.6435792410676243,30
3,0-0-1-1-2-1-1-2-1-2,2,30,0.6544931635046153,0.5774368169710649,30
3,0-0-1-1-2-1-1-2-2-0,1,30,0.57318307743307,0.5389320181792234,30
3,0-0-1-1-2-1-1-2-2-1,1,29,0.6544931635046153,0.5866980912968704,30
3,0-0-1-1-2-1-1-2-2-2,1,29,0.5448202539566817,0.5211321698805479,30
3,0-0-1-1-2-1-2-0-0-0,1,32,0.6259352975337956,0.5404078042889753,30
3,0-0-1-1-2-1-2-0-0-1,1,32,0.6646712571043837,0.5761431127245461,30
3,0-0-1-1-2-1-2-0-0-2,1,35,0.5488130509441804,0.5076081839589184,30
3,0-0-1-1-2-1-2-0-1-0,2,32,0.6646712571043837,0.5707548560993869,30
3,0-0-1-1-2-1-2-0-1-1,2,32,0.7203891537817187,0.6113807710887307,30
3,0-0-1-1-2-1-2-0-1-2,2,35,0.6039689834589764,0.5435523013408482,30
3,0-0-1-1-2-1-2-0-2-0,1,31,0.5488130509441804,0.5117880190664725,30
3,0-0-1-1-2-1-2-0-2-1,1,31,0.6039689834589764,0.5530730448229622,30
3,0-0-1-1-2-1-2-0-2-2,1,33,0.48762311534443936,0.4854662707522996,30
3,0-0-1-1-2-1-2-1-0-0,1,31,0.7001545121405219,0.5844701435148156,30
3,0-0-1-1-2-1-2-1-0-1,1,30,0.7651854939155367,0.6268668484061606,30
3,0-0-1-1-2-1-2-1-0-2,1,33,0.6498206806586615,0.5594274080962978,30
3,0-0-1-1-2-1-2-1-1-0,2,31,0.7651854939155367,0.6206221531833205,30
3,0-0-1-1-2-1-2-1-1-1,2,30,0.8414161329986567,0.6668235179452395,30
3,0-0-1-1-2-1-2-1-1-2,2,33,0.7287999046456625,0.6004898486546413,30
3,0-0-1-1-2-1-2-1-2-0,1,30,0.6498206806586615,0.5625075367960125,30
3,0-0-1-1-2-1-2-1-2-1,1,29,0.7287999046456625,0.6097818880296635,30
3,0-0-1-1-2-1-2-1-2-2,1,31,0.6176546467859352,0.5439608950227499,30
3,0-0-1-1-2-1-2-2-0-0,1,31,0.505861788417181,0.5015960117919909,30
3,0-0-1-1-2-1-2-2-0-1,1,30,0.57318307743307,0.5451853384241009,30
3,0-0-1-1-2-1-2-2-0-2,1,33,0.4589079788744122,0.47820543503625745,30
3,0-0-1-1-2-1-2-2-1-0,2,31,0.57318307743307,0.5387411889198441,30
3,0-0-1-1-2-1-2-2-1-1,2,30,0.6544931635046153,0.5865113919765402,30
3,0-0-1-1-2-1-2-2-1-2,2,33,0.5448202539566817,0.5209476679452678,30
3,0-0-1-1-2-1-2-2-2-0,1,30,0.4589079788744122,0.4809687496150398,30
3,0-0-1-1-2-1-2-2-2-1,1,29,0.5448202539566817,0.5301150416084096,30
3,0-0-1-1-2-1-2-2-2-2,1,31,0.4387216506079745,0.46533629479266,30
3,0-0-1-1-2-2-0-0-0-0,1,31,0.607438789443298,0.5086948036994401,30
3,0-0-1-1-2-2-0-0-0-1,1,31,0.6259352975337956,0.5385920676070294,30
3,0-0-1-1-2-2-0-0-0-2,1,31,0.514580184554816,0.4698482984786248,30
3,0-0-1-1-2-2-0-0-1-0,2,33,0.6259352975337956,0.5339560052556672,30
3,0-0-1-1-2-2-0-0-1-1,2,31,0.6646712571043837,0.5696885795059567,30
3,0-0-1-1-2-2-0-0-1-2,2,31,0.5488130509441804,0.5011572217052229,30
3,0-0-1-1-2-2-0-0-2-0,1,32,0.514580184554816,0.4748997609882153,30
3,0-0-1-1-2-2-0-0-2-1,1,30,0.5488130509441804,0.5107869614734971,30
3,0-0-1-1-2-2-0-0-2-2,1,30,0.4333398427287941,0.4423142020686566,30
3,0-0-1-1-2-2-0-1-0-0,1,30,0.649695013976804,0.5458265318389638,30
3,0-0-1-1-2-2-0-1-0-1,1,29,0.7001545121405219,0.583690003687488,30
3,0-0-1-1-2-2-0-1-0-2,1,29,0.5835788743224553,0.5154045264792219,30
3,0-0-1-1-2-2-0-1-1-0,2,32,0.7001545121405219,0.5780235398616572,30
3,0-0-1-1-2-2-0-1-1-1,2,29,0.7651854939155367,0.6204866479402039,30
3,0-0-1-1-2-2-0-1-1-2,2,29,0.6498206806586615,0.553072292504679,30
3,0-0-1-1-2-2-0-1-2-0,1,31,0.5835788743224553,0.5192388480302096,30
3,0-0-1-1-2-2-0-1-2-1,1,28,0.6498206806586615,0.5625290427127725,30
3,0-0-1-1-2-2-0-1-2-2,1,28,0.5349810870191833,0.4954283545096909,30
3,0-0-1-1-2-2-0-2-0-0,1,30,0.4587300156401709,0.4625140669494797,30
3,0-0-1-1-2-2-0-2-0-1,1,29,0.505861788417181,0.5009575599669334,30
3,0-0-1-1-2-2-0-2-0-2,1,29,0.3892861756746461,0.4328541185729209,30
3,0-0-1-1-2-2-0-2-1-0,2,32,0.505861788417181,0.49515742257635775,30
3,0-0-1-1-2-2-0-2-1-1,2,29,0.57318307743307,0.5388368380009471,30
3,0-0-1-1-2-2-0-2-1-2,2,29,0.4589079788744122,0.47189704811337263,30
3,0-0-1-1-2-2-0-2-2-0,1,31,0.3892861756746461,0.43649128208828075,30
3,0-0-1-1-2-2-0-2-2-1,1,28,0.4589079788744122,0.4812757828389119,30
3,0-0-1-1-2-2-0-2-2-2,1,28,0.34617047164246956,0.4148410723047862,30
3,0-0-1-1-2-2-1-0-0-0,1,31,0.6259352975337956,0.5340480710375902,30
3,0-0-1-1-2-2-1-0-0-1,1,31,0.6646712571043837,0.5697983642625103,30
3,0-0-1-1-2-2-1-0-0-2,1,31,0.5488130509441804,0.5012686638229514,30
3,0-0-1-1-2-2-1-0-1-0,2,31,0.6646712571043837,0.5644040113604478,30
3,0-0-1-1-2-2-1-0-1-1,2,31,0.7203891537817187,0.6050948453503361,30
3,0-0-1-1-2-2-1-0-1-2,2,31,0.6039689834589764,0.537287022212431,30
3,0-0-1-1-2-2-1-0-2-0,1,30,0.5488130509441804,0.5054400940431325,30
3,0-0-1-1-2-2-1-0-2-1,1,30,0.6039689834589764,0.5468043959679298,30
3,0-0-1-1-2-2-1-0-2-2,1,30,0.48762311534443936,0.47922611563929624,30
3,0-0-1-1-2-2-1-1-0-0,1,30,0.7001545121405219,0.5781366459355365,30
3,0-0-1-1-2-2-1-1-0-1,1,29,0.7651854939155367,0.6206135840261624,30
3,0-0-1-1-2-2-1-1-0-2,1,29,0.6498206806586615,0.5532025987908414,30
3,0-0-1-1-2-2-1-1-1-0,2,30,0.7651854939155367,0.6143553733560541,30
3,0-0-1-1-2-2-1-1-1-1,2,29,0.8414161329986567,0.6606639192268521,30
3,0-0-1-1-2-2-1-1-1-2,2,29,0.7287999046456625,0.5943788217568541,30
3,0-0-1-1-2-2-1-1-2-0,1,29,0.6498206806586615,0.5562619226852465,30
3,0-0-1-1-2-2-1-1-2-1,1,28,0.7287999046456625,0.6036630608045804,30
3,0-0-1-1-2-2-1-1-2-2,1,28,0.6176546467859352,0.5379066003102744,30
3,0-0-1-1-2-2-1-2-0-0,1,30,0.505861788417181,0.4952730770164553,30
3,0-0-1-1-2-2-1-2-0-1,1,29,0.57318307743307,0.5389679557618261,30
3,0-0-1-1-2-2-1-2-0-2,1,29,0.4589079788744122,0.47203258101127843,30
3,0-0-1-1-2-2-1-2-1-0,2,30,0.57318307743307,0.5325063055464008,30
3,0-0-1-1-2-2-1-2-1-1,2,29,0.6544931635046153,0.5804128289932367,30
3,0-0-1-1-2-2-1-2-1-2,2,29,0.5448202539566817,0.5149221564583902,30
3,0-0-1-1-2-2-1-2-2-0,1,29,0.4589079788744122,0.474767063771044,30
3,0-0-1-1-2-2-1-2-2-1,1,28,0.5448202539566817,0.5240775957897582,30
3,0-0-1-1-2-2-1-2-2-2,1,28,0.4387216506079745,0.4593997732401719,30
3,0-0-1-1-2-2-2-0-0-0,1,31,0.514580184554816,0.4747965867465208,30
3,0-0-1-1-2-2-2-0-0-1,1,31,0.5488130509441804,0.510704142967314,30
3,0-0-1-1-2-2-2-0-0-2,1,34,0.4333398427287941,0.4422336948011217,30
3,0-0-1-1-2-2-2-0-1-0,2,31,0.5488130509441804,0.5052458588008736,30
3,0-0-1-1-2-2-2-0-1-1,2,31,0.6039689834589764,0.5466126149164378,30
3,0-0-1-1-2-2-2-0-1-2,2,34,0.48762311534443936,0.4790352230400163,30
3,0-0-1-1-2-2-2-0-2-0,1,30,0.4333398427287941,0.4463150368125789,30
3,0-0-1-1-2-2-2-0-2-1,1,30,0.48762311534443936,0.4885146466474741,30
3,0-0-1-1-2-2-2-0-2-2,1,32,0.37142138037488115,0.42126120662700495,30
3,0-0-1-1-2-2-2-1-0-0,1,30,0.5835788743224553,0.5191601084036856,30
3,0-0-1-1-2-2-2-1-0-1,1,29,0.6498206806586615,0.5624682627335557,30
3,0-0-1-1-2-2-2-1-0-2,1,32,0.5349810870191833,0.49537285247831697,30
3,0-0-1-1-2-2-2-1-1-0,2,30,0.6498206806586615,0.5560708540681516,30
3,0-0-1-1-2-2-2-1-1-1,2,29,0.7287999046456625,0.6034759094291855,30
3,0-0-1-1-2-2-2-1-1-2,2,32,0.6176546467859352,0.5377214563369423,30
3,0-0-1-1-2-2-2-1-2-0,1,29,0.5349810870191833,0.49821233447710767,30
3,0-0-1-1-2-2-2-1-2-1,1,28,0.6176546467859352,0.5469199061070713,30
3,0-0-1-1-2-2-2-1-2-2,1,30,0.5089449812353085,0.4818792640614748,30
3,0-0-1-1-2-2-2-2-0-0,1,30,0.3892861756746461,0.4364161972791154,30
3,0-0-1-1-2-2-2-2-0-1,1,29,0.4589079788744122,0.48122159437089757,30
3,0-0-1-1-2-2-2-2-0-2,1,32,0.34617047164246956,0.4147943404216291,30
3,0-0-1-1-2-2-2-2-1-0,2,30,0.4589079788744122,0.4745773646787057,30
3,0-0-1-1-2-2-2-2-1-1,2,29,0.5448202539566817,0.523892976474405,30
3,0-0-1-1-2-2-2-2-1-2,2,32,0.4387216506079745,0.45921830071317554,30
3,0-0-1-1-2-2-2-2-2-0,1,29,0.34617047164246956,0.41721745898692,30
3,0-0-1-1-2-2-2-2-2-1,1,28,0.4387216506079745,0.4682393178397856,30
3,0-0-1-1-2-2-2-2-2-2,1,30,0.33956447671475704,0.40471064450329713,30
3,0-0-1-2-0-0-0-0-0-0,1,33,0.3980330724604726,0.3163506960711698,30
3,0-0-1-2-0-0-0-0-0-1,1,33,0.3384220157759009,0.27289488544981677,30
3,0-0-1-2-0-0-0-0-0-2,1,33,0.2831705063418629,0.2502715747334787,30
3,0-0-1-2-0-0-0-0-1-0,2,35,0.3384220157759009,0.27838816342432265,30
3,0-0-1-2-0-0-0-0-1-1,2,33,0.31274328816929525,0.24498750014489246,30
3,0-0-1-2-0-0-0-0-1-2,2,33,0.22332611675130273,0.21004902474396214,30
3,0-0-1-2-0-0-0-0-2-0,1,33,0.2831705063418629,0.2594762899356591,30
3,0-0-1-2-0-0-0-0-2-1,1,31,0.22332611675130273,0.21397272182451169,30
3,0-0-1-2-0-0-0-0-2-2,1,31,0.17064733837686613,0.19496433865237278,30
3,0-0-1-2-0-0-0-1-0-0,1,32,0.3167997612428096,0.26506851791756425,30
3,0-0-1-2-0-0-0-1-0-1,1,31,0.3189997470516744,0.23687883053982361,30
3,0-0-1-2-0-0-0-1-0-2,1,31,0.21158238481995553,0.1963354786821485,30
3,0-0-1-2-0-0-0-1-1-0,2,34,0.3189997470516744,0.23985312872284786,30
3,0-0-1-2-0-0-0-1-1-1,2,31,0.36102542577799385,0.22694676604340658,30
3,0-0-1-2-0-0-0-1-1-2,2,31,0.2444498726394433,0.17285354900242564,30
3,0-0-1-2-0-0-0-1-2-0,1,32,0.21158238481995553,0.20599635941834085,30
3,0-0-1-2-0-0-0-1-2-1,1,29,0.2444498726394433,0.17985351346796447,30
3,0-0-1-2-0-0-0-1-2-2,1,29,0.12787451643043182,0.13728019225097932,30
3,0-0-1-2-0-0-0-2-0-0,1,32,0.2076588874981582,0.23647126319450357,30
3,0-0-1-2-0-0-0-2-0-1,1,31,0.1478889972225397,0.1898439272145197,30
3,0-0-1-2-0-0-0-2-0-2,1,31,0.10088130824184764,0.17301202876855457,30
3,0-0-1-2-0-0-0-2-1-0,2,34,0.1478889972225397,0.19561151222613024,30
3,0-0-1-2-0-0-0-2-1-1,2,31,0.16673292112124255,0.16282190329111895,30
3,0-0-1-2-0-0-0-2-1-2,2,31,0.05015839976426237,0.12783150059144707,30
3,0-0-1-2-0-0-0-2-2-0,1,32,0.10088130824184764,0.18169985687373535,30
3,0-0-1-2-0-0-0-2-2-1,1,29,0.05015839976426237,0.13114656464286142,30
3,0-0-1-2-0-0-0-2-2-2,1,29,0.0664201226423071,0.12310317567903836,30
3,0-0-1-2-0-0-1-0-0-0,1,33,0.3384220157759009,0.27827525735972064,30
3,0-0-1-2-0-0-1-0-0-1,1,33,0.31274328816929525,0.24491385468656515,30
3,0-0-1-2-0-0-1-0-0-2,1,33,0.22332611675130273,0.20993124577563352,30
3,0-0-1-2-0-0-1-0-1-0,2,33,0.31274328816929525,0.24872727858376872,30
3,0-0-1-2-0-0-1-0-1-1,2,33,0.32903956809429474,0.2292073004138878,30
3,0-0-1-2-0-0-1-0-1-2,2,33,0.21620208770533292,0.18044886603201207,30
3,0-0-1-2-0-0-1-0-2-0,1,31,0.22332611675130273,0.21952281841345544,30
3,0-0-1-2-0-0-1-0-2-1,1,31,0.21620208770533292,0.18654348074714586,30
3,0-0-1-2-0-0-1-0-2-2,1,31,0.11135267229944398,0.15149035279845027,30
3,0-0-1-2-0-0-1-1-0-0,1,32,0.3189997470516744,0.23978973037017404,30
3,0-0-1-2-0-0-1-1-0-1,1,31,0.36102542577799385,0.22693875322817683,30
3,0-0-1-2-0-0-1-1-0-2,1,31,0.2444498726394433,0.17280430165005772,30
3,0-0-1-2-0-0-1-1-1-0,2,32,0.36102542577799385,0.22753736524171334,30
3,0-0-1-2-0-0-1-1-1-1,2,31,0.4313903650302703,0.2321645657705343,30
3,0-0-1-2-0-0-1-1-1-2,2,31,0.31925560988712287,0.16792256996950972,30
3,0-0-1-2-0-0-1-1-2-0,1,30,0.2444498726394433,0.1821407766127741,30
3,0-0-1-2-0-0-1-1-2-1,1,29,0.31925560988712287,0.17674804235725988,30
3,0-0-1-2-0-0-1-1-2-2,1,29,0.21196794897216495,0.11688680197263158,30
3,0-0-1-2-0-0-1-2-0-0,1,32,0.1478889972225397,0.19549228653261505,30
3,0-0-1-2-0-0-1-2-0-1,1,31,0.16673292112124255,0.16276091126568423,30
3,0-0-1-2-0-0-1-2-0-2,1,31,0.05015839976426237,0.12770140467115523,30
3,0-0-1-2-0-0-1-2-1-0,2,32,0.16673292112124255,0.1660372642371421,30
3,0-0-1-2-0-0-1-2-1-1,2,31,0.24679616693817413,0.15481376989842266,30
3,0-0-1-2-0-0-1-2-1-2,2,31,0.14844009338738284,0.09859671811399862,30
3,0-0-1-2-0-0-1-2-2-0,1,30,0.05015839976426237,0.1371728128179537,30
3,0-0-1-2-0-0-1-2-2-1,1,29,0.14844009338738284,0.1056067505651789,30
3,0-0-1-2-0-0-1-2-2-2,1,29,0.10168748289712576,0.07093550119754402,30
3,0-0-1-2-0-0-2-0-0-0,1,33,0.2831705063418629,0.259290528191412,30
3,0-0-1-2-0-0-2-0-0-1,1,33,0.22332611675130273,0.21377872786871363,30
3,0-0-1-2-0-0-2-0-0-2,1,34,0.17064733837686613,0.19478577459224589,30
3,0-0-1-2-0-0-2-0-1-0,2,33,0.22332611675130273,0.21944646602609663,30
3,0-0-1-2-0-0-2-0-1-1,2,33,0.21620208770533292,0.18641772454154723,30
3,0-0-1-2-0-0-2-0-1-2,2,34,0.11135267229944398,0.1514238966323454,30
3,0-0-1-2-0-0-2-0-2-0,1,31,0.17064733837686613,0.20368528117381773,30
3,0-0-1-2-0-0-2-0-2-1,1,31,0.11135267229944398,0.15498382267998786,30
3,0-0-1-2-0-0-2-0-2-2,1,32,0.07235511089016976,0.14255758076334724,30
3,0-0-1-2-0-0-2-1-0-0,1,32,0.21158238481995553,0.20580173497597798,30
3,0-0-1-2-0-0-2-1-0-1,1,31,0.2444498726394433,0.1796678217306932,30
3,0-0-1-2-0-0-2-1-0-2,1,32,0.12787451643043182,0.1370856552536229,30
3,0-0-1-2-0-0-2-1-1-0,2,32,0.2444498726394433,0.18200418978077165,30
3,0-0-1-2-0-0-2-1-1-1,2,31,0.31925560988712287,0.17656938363319377,30
3,0-0-1-2-0-0-2-1-1-2,2,32,0.21196794897216495,0.11673119934793912,30
3,0-0-1-2-0-0-2-1-2-0,1,30,0.12787451643043182,0.14674286573709117,30
3,0-0-1-2-0-0-2-1-2-1,1,29,0.21196794897216495,0.12458798392029674,30
3,0-0-1-2-0-0-2-1-2-2,1,30,0.12294896454282284,0.0780809931702189,30
3,0-0-1-2-0-0-2-2-0-0,1,32,0.10088130824184764,0.18152386363217787,30
3,0-0-1-2-0-0-2-2-0-1,1,31,0.05015839976426237,0.13095374118676517,30
3,0-0-1-2-0-0-2-2-0-2,1,32,0.0664201226423071,0.1229521801702543,30
3,0-0-1-2-0-0-2-2-1-0,2,32,0.05015839976426237,0.13710975631971054,30
3,0-0-1-2-0-0-2-2-1-1,2,31,0.14844009338738284,0.10546138930162313,30
3,0-0-1-2-0-0-2-2-1-2,2,32,0.10168748289712576,0.07090793936489936,30
3,0-0-1-2-0-0-2-2-2-0,1,30,0.0664201226423071,0.1305872365972279,30
3,0-0-1-2-0-0-2-2-2-1,1,29,0.10168748289712576,0.07289390009608362,30
3,0-0-1-2-0-0-2-2-2-2,1,30,0.16070468746950117,0.08569948655206096,30
3,0-0-1-2-0-1-0-0-0-0,1,34,0.3384220157759009,0.2746358340731272,30
3,0-0-1-2-0-1-0-0-0-1,1,34,0.31274328816929525,0.24258077839830622,30
3,0-0-1-2-0-1-0-0-0-2,1,34,0.22332611675130273,0.2061463269562892,30
3,0-0-1-2-0-1-0-0-1-0,2,36,0.31274328816929525,0.24618064817878224,30
3,0-0-1-2-0-1-0-0-1-1,2,34,0.32903956809429474,0.22836495861128212,30
3,0-0-1-2-0-1-0-0-1-2,2,34,0.21620208770533292,0.17815415612472552,30
3,0-0-1-2-0-1-0-0-2-0,1,34,0.22332611675130273,0.2157636560369181,30
3,0-0-1-2-0-1-0-0-2-1,1,32,0.21620208770533292,0.18449139005374765,30
3,0-0-1-2-0-1-0-0-2-2,1,32,0.11135267229944398,0.14748041266373602,30
3,0-0-1-2-0-1-0-1-0-0,1,33,0.3189997470516744,0.2377962706767668,30
3,0-0-1-2-0-1-0-1-0-1,1,32,0.36102542577799385,0.2267687469780821,30
3,0-0-1-2-0-1-0-1-0-2,1,32,0.2444498726394433,0.17130889028820975,30
3,0-0-1-2-0-1-0-1-1-0,2,35,0.36102542577799385,0.22709719079181145,30
3,0-0-1-2-0-1-0-1-1-1,2,32,0.4313903650302703,0.23361331814835606,30
3,0-0-1-2-0-1-0-1-1-2,2,32,0.31925560988712287,0.16862778138786266,30
3,0-0-1-2-0-1-0-1-2-0,1,33,0.2444498726394433,0.18055242736027938,30
3,0-0-1-2-0-1-0-1-2-1,1,30,0.31925560988712287,0.17759139148669595,30
3,0-0-1-2-0-1-0-1-2-2,1,30,0.21196794897216495,0.11629229837874056,30
3,0-0-1-2-0-1-0-2-0-0,1,33,0.1478889972225397,0.1916639536306984,30
3,0-0-1-2-0-1-0-2-0-1,1,32,0.16673292112124255,0.16088463753916685,30
3,0-0-1-2-0-1-0-2-0-2,1,32,0.05015839976426237,0.12354328572942742,30
3,0-0-1-2-0-1-0-2-1-0,2,35,0.16673292112124255,0.16382350280277,30
3,0-0-1-2-0-1-0-2-1-1,2,32,0.24679616693817413,0.15528034530438514,30
3,0-0-1-2-0-1-0-2-1-2,2,32,0.14844009338738284,0.09710065625062626,30
3,0-0-1-2-0-1-0-2-2-0,1,33,0.05015839976426237,0.1330796098874539,30
3,0-0-1-2-0-1-0-2-2-1,1,30,0.14844009338738284,0.10450599546827999,30
3,0-0-1-2-0-1-0-2-2-2,1,30,0.10168748289712576,0.06605380373446076,30
3,0-0-1-2-0-1-1-0-0-0,1,34,0.31274328816929525,0.2461049017495327,30
3,0-0-1-2-0-1-1-0-0-1,1,34,0.32903956809429474,0.22834193026093833,30
3,0-0-1-2-0-1-1-0-0-2,1,34,0.21620208770533292,0.1780870582190162,30
3,0-0-1-2-0-1-1-0-1-0,2,34,0.32903956809429474,0.22968157625035018,30
3,0-0-1-2-0-1-1-0-1-1,2,34,0.381975758382696,0.22902203171640675,30
3,0-0-1-2-0-1-1-0-1-2,2,34,0.26606747372929845,0.16722299230387608,30
3,0-0-1-2-0-1-1-0-2-0,1,32,0.21620208770533292,0.18761583991238584,30
3,0-0-1-2-0-1-1-0-2-1,1,32,0.26606747372929845,0.17559795808162093,30
3,0-0-1-2-0-1-1-0-2-2,1,32,0.15118892388321503,0.12030017089974317,30
3,0-0-1-2-0-1-1-1-0-0,1,33,0.36102542577799385,0.2270865194192833,30
3,0-0-1-2-0-1-1-1-0-1,1,32,0.4313903650302703,0.23366023906316202,30
3,0-0-1-2-0-1-1-1-0-2,1,32,0.31925560988712287,0.16865309877198625,30
3,0-0-1-2-0-1-1-1-1-0,2,33,0.4313903650302703,0.2315173614283256,30
3,0-0-1-2-0-1-1-1-1-1,2,32,0.5186865195542837,0.2544683845831241,30
3,0-0-1-2-0-1-1-1-1-2,2,32,0.41385059888681575,0.1858450809476093,30
3,0-0-1-2-0-1-1-1-2-0,1,31,0.31925560988712287,0.17641815890486706,30
3,0-0-1-2-0-1-1-1-2-1,1,30,0.41385059888681575,0.19548583543247602,30
3,0-0-1-2-0-1-1-1-2-2,1,30,0.31731482848148507,0.12698030283210496,30
3,0-0-1-2-0-1-1-2-0-0,1,33,0.16673292112124255,0.16375918982608623,30
3,0-0-1-2-0-1-1-2-0-1,1,32,0.24679616693817413,0.15529871051014207,30
3,0-0-1-2-0-1-1-2-0-2,1,32,0.14844009338738284,0.09706109137753222,30
3,0-0-1-2-0-1-1-2-1-0,2,33,0.24679616693817413,0.15468055735847985,30
3,0-0-1-2-0-1-1-2-1-1,2,32,0.3481330185270369,0.17132350145519468,30
3,0-0-1-2-0-1-1-2-1-2,2,32,0.26216946261228974,0.10291930371845785,30
3,0-0-1-2-0-1-1-2-2-0,1,31,0.14844009338738284,0.10627864559943413,30
3,0-0-1-2-0-1-1-2-2-1,1,30,0.26216946261228974,0.11250907870179883,30
3,0-0-1-2-0-1-1-2-2-2,1,30,0.20844381786876257,0.044988707581714006,30
3,0-0-1-2-0-1-2-0-0-0,1,34,0.22332611675130273,0.21556987066658903,30
3,0-0-1-2-0-1-2-0-0-1,1,34,0.21620208770533292,0.18430103827684996,30
3,0-0-1-2-0-1-2-0-0-2,1,35,0.11135267229944398,0.14728766974392377,30
3,0-0-1-2-0-1-2-0-1-0,2,34,0.21620208770533292,0.1874924161970309,30
3,0-0-1-2-0-1-2-0-1-1,2,34,0.26606747372929845,0.1754279333362761,30
3,0-0-1-2-0-1-2-0-1-2,2,35,0.15118892388321503,0.12016330428648556,30
3,0-0-1-2-0-1-2-0-2-0,1,32,0.11135267229944398,0.1568611381815151,30
3,0-0-1-2-0-1-2-0-2-1,1,32,0.15118892388321503,0.12713947179603977,30
3,0-0-1-2-0-1-2-0-2-2,1,33,0.04586992889526571,0.08918382859861361,30
3,0-0-1-2-0-1-2-1-0-0,1,33,0.2444498726394433,0.18036577822022276,30
3,0-0-1-2-0-1-2-1-0-1,1,32,0.31925560988712287,0.17743935045712647,30
3,0-0-1-2-0-1-2-1-0-2,1,33,0.21196794897216495,0.11611763542134544,30
3,0-0-1-2-0-1-2-1-1-0,2,33,0.31925560988712287,0.1762408819832913,30
3,0-0-1-2-0-1-2-1-1-1,2,32,0.41385059888681575,0.1952915966252264,30
3,0-0-1-2-0-1-2-1-1-2,2,33,0.31731482848148507,0.12678669027688594,30
3,0-0-1-2-0-1-2-1-2-0,1,31,0.21196794897216495,0.12485936189934883,30
3,0-0-1-2-0-1-2-1-2-1,1,30,0.31731482848148507,0.13640122593962858,30
3,0-0-1-2-0-1-2-1-2-2,1,31,0.23934254133586677,0.06831106535029156,30
3,0-0-1-2-0-1-2-2-0-0,1,33,0.05015839976426237,0.1328873152321158,30
3,0-0-1-2-0-1-2-2-0-1,1,32,0.14844009338738284,0.10432518825186644,30
3,0-0-1-2-0-1-2-2-0-2,1,33,0.10168748289712576,0.06586905674085763,30
3,0-0-1-2-0-1-2-2-1-0,2,33,0.14844009338738284,0.10613705436993229,30
3,0-0-1-2-0-1-2-2-1-1,2,32,0.26216946261228974,0.11231576361773518,30
3,0-0-1-2-0-1-2-2-1-2,2,33,0.20844381786876257,0.044802828514696,30
3,0-0-1-2-0-1-2-2-2-0,1,31,0.10168748289712576,0.07510049013862204,30
3,0-0-1-2-0-1-2-2-2-1,1,30,0.20844381786876257,0.054104667261795504,30
3,0-0-1-2-0-1-2-2-2-2,1,31,0.21294269847217917,0.021090941133890005,30
3,0-0-1-2-0-2-0-0-0-0,1,33,0.2831705063418629,0.25322710057993436,30
3,0-0-1-2-0-2-0-0-0-1,1,33,0.22332611675130273,0.20743960232737776,30
3,0-0-1-2-0-2-0-0-0-2,1,33,0.17064733837686613,0.18896772151431757,30
3,0-0-1-2-0-2-0-0-1-0,2,35,0.22332611675130273,0.21313165619749835,30
3,0-0-1-2-0-2-0-0-1-1,2,33,0.21620208770533292,0.1801593103662156,30
3,0-0-1-2-0-2-0-0-1-2,2,33,0.11135267229944398,0.14516357403268143,30
3,0-0-1-2-0-2-0-0-2-0,1,33,0.17064733837686613,0.19781812392399772,30
3,0-0-1-2-0-2-0-0-2-1,1,31,0.11135267229944398,0.14866660467196802,30
3,0-0-1-2-0-2-0-0-2-2,1,31,0.07235511089016976,0.1372657843438194,30
3,0-0-1-2-0-2-0-1-0-0,1,32,0.21158238481995553,0.1994413575631654,30
3,0-0-1-2-0-2-0-1-0-1,1,31,0.2444498726394433,0.1736101518322135,30
3,0-0-1-2-0-2-0-1-0-2,1,31,0.12787451643043182,0.13072831826464984,30
3,0-0-1-2-0-2-0-1-1-0,2,34,0.2444498726394433,0.1758521852269058,30
3,0-0-1-2-0-2-0-1-1-1,2,31,0.31925560988712287,0.17150122697568415,30
3,0-0-1-2-0-2-0-1-1-2,2,31,0.21196794897216495,0.11090335515665802,30
3,0-0-1-2-0-2-0-1-2-0,1,32,0.12787451643043182,0.1403848266724858,30
3,0-0-1-2-0-2-0-1-2-1,1,29,0.21196794897216495,0.11888672894268046,30
3,0-0-1-2-0-2-0-1-2-2,1,29,0.12294896454282284,0.07173554029942472,30
3,0-0-1-2-0-2-0-2-0-0,1,32,0.10088130824184764,0.17579399473430876,30
3,0-0-1-2-0-2-0-2-0-1,1,31,0.05015839976426237,0.12465534691195279,30
3,0-0-1-2-0-2-0-2-0-2,1,31,0.0664201226423071,0.11808797338333843,30
3,0-0-1-2-0-2-0-2-1-0,2,34,0.05015839976426237,0.13087270822654418,30
3,0-0-1-2-0-2-0-2-1-1,2,31,0.14844009338738284,0.09943914108722289,30
3,0-0-1-2-0-2-0-2-1-2,2,31,0.10168748289712576,0.06504945563145555,30
3,0-0-1-2-0-2-0-2-2-0,1,32,0.0664201226423071,0.1255291671541209,30
3,0-0-1-2-0-2-0-2-2-1,1,29,0.10168748289712576,0.06674970997510793,30
3,0-0-1-2-0-2-0-2-2-2,1,29,0.16070468746950117,0.08320975166449197,30
3,0-0-1-2-0-2-1-0-0-0,1,33,0.22332611675130273,0.21301416173373358,30
3,0-0-1-2-0-2-1-0-0-1,1,33,0.21620208770533292,0.1800946390196106,30
3,0-0-1-2-0-2-1-0-0-2,1,33,0.11135267229944398,0.14503716518446846,30
3,0-0-1-2-0-2-1-0-1-0,2,33,0.21620208770533292,0.18352685124392246,30
3,0-0-1-2-0-2-1-0-1-1,2,33,0.26606747372929845,0.16990056246083698,30
3,0-0-1-2-0-2-1-0-1-2,2,33,0.15118892388321503,0.11578158903466068,30
3,0-0-1-2-0-2-1-0-2-0,1,31,0.11135267229944398,0.154551109977647,30
3,0-0-1-2-0-2-1-0-2-1,1,31,0.15118892388321503,0.12250557761205003,30
3,0-0-1-2-0-2-1-0-2-2,1,31,0.04586992889526571,0.08758905110495044,30
3,0-0-1-2-0-2-1-1-0-0,1,32,0.2444498726394433,0.17580205739332208,30
3,0-0-1-2-0-2-1-1-0-1,1,31,0.31925560988712287,0.17152788360831875,30
3,0-0-1-2-0-2-1-1-0-2,1,31,0.21196794897216495,0.11088422950455663,30
3,0-0-1-2-0-2-1-1-1-0,2,32,0.31925560988712287,0.17046827549189222,30
3,0-0-1-2-0-2-1-1-1-1,2,31,0.41385059888681575,0.18894426298018427,30
3,0-0-1-2-0-2-1-1-1-2,2,31,0.31731482848148507,0.12046122597970936,30
3,0-0-1-2-0-2-1-1-2-0,1,30,0.21196794897216495,0.11975130332676127,30
3,0-0-1-2-0-2-1-1-2-1,1,29,0.31731482848148507,0.13007056225811697,30
3,0-0-1-2-0-2-1-1-2-2,1,29,0.23934254133586677,0.0620836025861386,30
3,0-0-1-2-0-2-1-2-0-0,1,32,0.05015839976426237,0.1307433250253791,30
3,0-0-1-2-0-2-1-2-0-1,1,31,0.14844009338738284,0.09940354986942491,30
3,0-0-1-2-0-2-1-2-0-2,1,31,0.10168748289712576,0.06489197786520988,30
3,0-0-1-2-0-2-1-2-1-0,2,32,0.14844009338738284,0.10160653441393962,30
3,0-0-1-2-0-2-1-2-1-1,2,31,0.26216946261228974,0.10600088026089098,30
3,0-0-1-2-0-2-1-2-1-2,2,31,0.20844381786876257,0.03877582538694352,30
3,0-0-1-2-0-2-1-2-2-0,1,30,0.10168748289712576,0.07382971672680706,30
3,0-0-1-2-0-2-1-2-2-1,1,29,0.20844381786876257,0.04796457866147234,30
3,0-0-1-2-0-2-1-2-2-2,1,29,0.21294269847217917,0.026325442390373408,30
3,0-0-1-2-0-2-2-0-0-0,1,33,0.17064733837686613,0.19763907743001569,30
3,0-0-1-2-0-2-2-0-0-1,1,33,0.11135267229944398,0.1484733644544949,30
3,0-0-1-2-0-2-2-0-0-2,1,34,0.07235511089016976,0.13710529527497625,30
3,0-0-1-2-0-2-2-0-1-0,2,33,0.11135267229944398,0.15448401258468072,30
3,0-0-1-2-0-2-2-0-1-1,2,33,0.15118892388321503,0.12236623415728139,30
3,0-0-1-2-0-2-2-0-1-2,2,34,0.04586992889526571,0.087547085934228,30
3,0-0-1-2-0-2-2-0-2-0,1,31,0.07235511089016976,0.14517294594755886,30
3,0-0-1-2-0-2-2-0-2-1,1,31,0.04586992889526571,0.09011572729775319,30
3,0-0-1-2-0-2-2-0-2-2,1,32,0.09235680588006155,0.09453513311285296,30
3,0-0-1-2-0-2-2-1-0-0,1,32,0.12787451643043182,0.14019028279073661,30
3,0-0-1-2-0-2-2-1-0-1,1,31,0.21196794897216495,0.11871333531217802,30
3,0-0-1-2-0-2-2-1-0-2,1,32,0.12294896454282284,0.07154142322787588,30
3,0-0-1-2-0-2-2-1-1-0,2,32,0.21196794897216495,0.11959689855048022,30
3,0-0-1-2-0-2-2-1-1-1,2,31,0.31731482848148507,0.1298768987441959,30
3,0-0-1-2-0-2-2-1-1-2,2,32,0.23934254133586677,0.06189348138275869,30
3,0-0-1-2-0-2-2-1-2-0,1,30,0.12294896454282284,0.08118062247351482,30
3,0-0-1-2-0-2-2-1-2-1,1,29,0.23934254133586677,0.07136076725654604,30
3,0-0-1-2-0-2-2-1-2-2,1,30,0.2026345808483989,0.013423986227348436,30
3,0-0-1-2-0-2-2-2-0-0,1,32,0.0664201226423071,0.12537626844820043,30
3,0-0-1-2-0-2-2-2-0-1,1,31,0.10168748289712576,0.06656235045817892,30
3,0-0-1-2-0-2-2-2-0-2,1,32,0.16070468746950117,0.08314007049546732,30
3,0-0-1-2-0-2-2-2-1-0,2,32,0.10168748289712576,0.0737991373622131,30
3,0-0-1-2-0-2-2-2-1-1,2,31,0.20844381786876257,0.04777761585146698,30
3,0-0-1-2-0-2-2-2-1-2,2,32,0.21294269847217917,0.026493402077942582,30
3,0-0-1-2-0-2-2-2-2-0,1,30,0.16070468746950117,0.08705851787603233,30
3,0-0-1-2-0-2-2-2-2-1,1,29,0.21294269847217917,0.01878958194197869,30
3,0-0-1-2-0-2-2-2-2-2,1,30,0.27280053152649736,0.0830499744689235,30
3,0-0-1-2-1-0-0-0-0-0,1,33,0.3980330724604726,0.22712624647287113,30
3,0-0-1-2-1-0-0-0-0-1,1,33,0.3384220157759009,0.23348983411739488,30
3,0-0-1-2-1-0-0-0-0-2,1,33,0.2831705063418629,0.1685618214525344,30
3,0-0-1-2-1-0-0-0-1-0,2,35,0.3384220157759009,0.23137504262407083,30
3,0-0-1-2-1-0-0-0-1-1,2,33,0.31274328816929525,0.2541468694301094,30
3,0-0-1-2-1-0-0-0-1-2,2,33,0.22332611675130273,0.18553622613951143,30
3,0-0-1-2-1-0-0-0-2-0,1,33,0.2831705063418629,0.17635036124745163,30
3,0-0-1-2-1-0-0-0-2-1,1,31,0.22332611675130273,0.19517465449612179,30
3,0-0-1-2-1-0-0-0-2-2,1,31,0.17064733837686613,0.1266935508191663,30
3,0-0-1-2-1-0-0-1-0-0,1,32,0.3167997612428096,0.23738496974824816,30
3,0-0-1-2-1-0-0-1-0-1,1,31,0.3189997470516744,0.2659684196077332,30
3,0-0-1-2-1-0-0-1-0-2,1,31,0.21158238481995553,0.19724751572678947,30
3,0-0-1-2-1-0-0-1-1-0,2,34,0.3189997470516744,0.26104731355040417,30
3,0-0-1-2-1-0-0-1-1-1,2,31,0.36102542577799385,0.30109521147082846,30
3,0-0-1-2-1-0-0-1-1-2,2,31,0.2444498726394433,0.23401534897556844,30
3,0-0-1-2-1-0-0-1-2-0,1,32,0.21158238481995553,0.20195975021316387,30
3,0-0-1-2-1-0-0-1-2-1,1,29,0.2444498726394433,0.24338825386341628,30
3,0-0-1-2-1-0-0-1-2-2,1,29,0.12787451643043182,0.177391514443894,30
3,0-0-1-2-1-0-0-2-0-0,1,32,0.2076588874981582,0.1572198941564214,30
3,0-0-1-2-1-0-0-2-0-1,1,31,0.1478889972225397,0.18269501553502274,30
3,0-0-1-2-1-0-0-2-0-2,1,31,0.10088130824184764,0.11402305249396905,30
3,0-0-1-2-1-0-0-2-1-0,2,34,0.1478889972225397,0.17773343073132614,30
3,0-0-1-2-1-0-0-2-1-1,2,31,0.16673292112124255,0.21993998289268438,30
3,0-0-1-2-1-0-0-2-1-2,2,31,0.05015839976426237,0.15470894876274563,30
3,0-0-1-2-1-0-0-2-2-0,1,32,0.10088130824184764,0.11864742193102551,30
3,0-0-1-2-1-0-0-2-2-1,1,29,0.05015839976426237,0.1637043351897723,30
3,0-0-1-2-1-0-0-2-2-2,1,29,0.0664201226423071,0.10239835059651198,30
3,0-0-1-2-1-0-1-0-0-0,1,33,0.3384220157759009,0.23141385285437838,30
3,0-0-1-2-1-0-1-0-0-1,1,33,0.31274328816929525,0.25423485962998715,30
3,0-0-1-2-1-0-1-0-0-2,1,33,0.22332611675130273,0.18562068307943938,30
3,0-0-1-2-1-0-1-0-1-0,2,33,0.31274328816929525,0.2500127665307479,30
3,0-0-1-2-1-0-1-0-1-1,2,33,0.32903956809429474,0.2858573526762097,30
3,0-0-1-2-1-0-1-0-1-2,2,33,0.21620208770533292,0.21787972638267353,30
3,0-0-1-2-1-0-1-0-2-0,1,31,0.22332611675130273,0.19122880583130447,30
3,0-0-1-2-1-0-1-0-2-1,1,31,0.21620208770533292,0.2274070662580624,30
3,0-0-1-2-1-0-1-0-2-2,1,31,0.11135267229944398,0.15998804007224368,30
3,0-0-1-2-1-0-1-1-0-0,1,32,0.3189997470516744,0.2611438357773561,30
3,0-0-1-2-1-0-1-1-0-1,1,31,0.36102542577799385,0.3012233408778733,30
3,0-0-1-2-1-0-1-1-0-2,1,31,0.2444498726394433,0.2341516014080475,30
3,0-0-1-2-1-0-1-1-1-0,2,32,0.36102542577799385,0.2949510343040556,30
3,0-0-1-2-1-0-1-1-1-1,2,31,0.4313903650302703,0.34301685214384187,30
3,0-0-1-2-1-0-1-1-1-2,2,31,0.31925560988712287,0.2787283752342688,30
3,0-0-1-2-1-0-1-1-2-0,1,30,0.2444498726394433,0.23692865301563915,30
3,0-0-1-2-1-0-1-1-2-1,1,29,0.31925560988712287,0.2876405913482702,30
3,0-0-1-2-1-0-1-1-2-2,1,29,0.21196794897216495,0.22559057203209743,30
3,0-0-1-2-1-0-1-2-0-0,1,32,0.1478889972225397,0.17782956558921692,30
3,0-0-1-2-1-0-1-2-0-1,1,31,0.16673292112124255,0.22007850812674473,30
3,0-0-1-2-1-0-1-2-0-2,1,31,0.05015839976426237,0.1548626057463995,30
3,0-0-1-2-1-0-1-2-1-0,2,32,0.16673292112124255,0.2133081463555378,30
3,0-0-1-2-1-0-1-2-1-1,2,31,0.24679616693817413,0.26539896521237777,30
3,0-0-1-2-1-0-1-2-1-2,2,31,0.14844009338738284,0.20474853505901175,30
3,0-0-1-2-1-0-1-2-2-0,1,30,0.05015839976426237,0.15647823114248072,30
3,0-0-1-2-1-0-1-2-2-1,1,29,0.14844009338738284,0.2129768936044104,30
3,0-0-1-2-1-0-1-2-2-2,1,29,0.10168748289712576,0.15801759134639445,30
3,0-0-1-2-1-0-2-0-0-0,1,33,0.2831705063418629,0.176191624922971,30
3,0-0-1-2-1-0-2-0-0-1,1,33,0.22332611675130273,0.19506555403694203,30
3,0-0-1-2-1-0-2-0-0-2,1,34,0.17064733837686613,0.126578300930277,30
3,0-0-1-2-1-0-2-0-1-0,2,33,0.22332611675130273,0.19103542607835766,30
3,0-0-1-2-1-0-2-0-1-1,2,33,0.21620208770533292,0.22721502104439148,30
3,0-0-1-2-1-0-2-0-1-2,2,34,0.11135267229944398,0.1597987379067782,30
3,0-0-1-2-1-0-2-0-2-0,1,31,0.17064733837686613,0.13252373519963634,30
3,0-0-1-2-1-0-2-0-2-1,1,31,0.11135267229944398,0.16921036350137147,30
3,0-0-1-2-1-0-2-0-2-2,1,32,0.07235511089016976,0.10327714198787415,30
3,0-0-1-2-1-0-2-1-0-0,1,32,0.21158238481995553,0.20186133988844654,30
3,0-0-1-2-1-0-2-1-0-1,1,31,0.2444498726394433,0.2433341073241616,30
3,0-0-1-2-1-0-2-1-0-2,1,32,0.12787451643043182,0.1773549573551033,30
3,0-0-1-2-1-0-2-1-1-0,2,32,0.2444498726394433,0.2367383437522804,30
3,0-0-1-2-1-0-2-1-1-1,2,31,0.31925560988712287,0.28746057249783297,30
3,0-0-1-2-1-0-2-1-1-2,2,32,0.21196794897216495,0.22542038240963283,30
3,0-0-1-2-1-0-2-1-2-0,1,30,0.12787451643043182,0.17941586052621145,30
3,0-0-1-2-1-0-2-1-2-1,1,29,0.21196794897216495,0.23391464960602465,30
3,0-0-1-2-1-0-2-1-2-2,1,30,0.12294896454282284,0.17613029681958137,30
3,0-0-1-2-1-0-2-2-0-0,1,32,0.10088130824184764,0.11854826705093313,30
3,0-0-1-2-1-0-2-2-0-1,1,31,0.05015839976426237,0.16367338232893677,30
3,0-0-1-2-1-0-2-2-0-2,1,32,0.0664201226423071,0.10241423124314133,30
3,0-0-1-2-1-0-2-2-1-0,2,32,0.05015839976426237,0.15629374815794045,30
3,0-0-1-2-1-0-2-2-1-1,2,31,0.14844009338738284,0.21280993930734063,30
3,0-0-1-2-1-0-2-2-1-2,2,32,0.10168748289712576,0.15787730647519496,30
3,0-0-1-2-1-0-2-2-2-0,1,30,0.0664201226423071,0.10207223352174162,30
3,0-0-1-2-1-0-2-2-2-1,1,29,0.10168748289712576,0.16497439305720324,30
3,0-0-1-2-1-0-2-2-2-2,1,30,0.16070468746950117,0.12238780204326961,30
3,0-0-1-2-1-1-0-0-0-0,1,34,0.3384220157759009,0.23276827463277291,30
3,0-0-1-2-1-1-0-0-0-1,1,34,0.31274328816929525,0.25717499405300287,30
3,0-0-1-2-1-1-0-0-0-2,1,34,0.22332611675130273,0.1884706715532263,30
3,0-0-1-2-1-1-0-0-1-0,2,36,0.31274328816929525,0.2527588015056696,30
3,0-0-1-2-1-1-0-0-1-1,2,34,0.32903956809429474,0.28977572314075567,30
3,0-0-1-2-1-1-0-0-1-2,2,34,0.21620208770533292,0.22201274996055806,30
3,0-0-1-2-1-1-0-0-2-0,1,34,0.22332611675130273,0.19383786917443127,30
3,0-0-1-2-1-1-0-0-2-1,1,32,0.21620208770533292,0.23150281307791631,30
3,0-0-1-2-1-1-0-0-2-2,1,32,0.11135267229944398,0.16443325083088087,30
3,0-0-1-2-1-1-0-1-0-0,1,33,0.3189997470516744,0.26435776970892055,30
3,0-0-1-2-1-1-0-1-0-1,1,32,0.36102542577799385,0.30544941293619166,30
3,0-0-1-2-1-1-0-1-0-2,1,32,0.2444498726394433,0.23864902587095027,30
3,0-0-1-2-1-1-0-1-1-0,2,35,0.36102542577799385,0.2990601444619632,30
3,0-0-1-2-1-1-0-1-1-1,2,32,0.4313903650302703,0.3478165228331183,30
3,0-0-1-2-1-1-0-1-1-2,2,32,0.31925560988712287,0.28384471493327085,30
3,0-0-1-2-1-1-0-1-2-0,1,33,0.2444498726394433,0.24124692541994436,30
3,0-0-1-2-1-1-0-1-2-1,1,30,0.31925560988712287,0.2927061966006636,30
3,0-0-1-2-1-1-0-1-2-2,1,30,0.21196794897216495,0.23107024096749532,30
3,0-0-1-2-1-1-0-2-0-0,1,33,0.1478889972225397,0.18105846378845872,30
3,0-0-1-2-1-1-0-2-0-1,1,32,0.16673292112124255,0.2246514588947808,30
3,0-0-1-2-1-1-0-2-0-2,1,32,0.05015839976426237,0.15993341500945993,30
3,0-0-1-2-1-1-0-2-1-0,2,35,0.16673292112124255,0.2177409197671322,30
3,0-0-1-2-1-1-0-2-1-1,2,32,0.24679616693817413,0.2705961361654574,30
3,0-0-1-2-1-1-0-2-1-2,2,32,0.14844009338738284,0.21040476019911927,30
3,0-0-1-2-1-1-0-2-2-0,1,33,0.05015839976426237,0.16130782590151582,30
3,0-0-1-2-1-1-0-2-2-1,1,30,0.14844009338738284,0.21856086204407954,30
3,0-0-1-2-1-1-0-2-2-2,1,30,0.10168748289712576,0.1641395586589247,30
3,0-0-1-2-1-1-1-0-0-0,1,34,0.31274328816929525,0.2528448822613782,30
3,0-0-1-2-1-1-1-0-0-1,1,34,0.32903956809429474,0.2898969888344349,30
3,0-0-1-2-1-1-1-0-0-2,1,34,0.21620208770533292,0.2221408781053263,30
3,0-0-1-2-1-1-1-0-1-0,2,34,0.32903956809429474,0.28397607323830987,30
3,0-0-1-2-1-1-1-0-1-1,2,34,0.381975758382696,0.3299654374534907,30
3,0-0-1-2-1-1-1-0-1-2,2,34,0.26606747372929845,0.2648036450990541,30
3,0-0-1-2-1-1-1-0-2-0,1,32,0.21620208770533292,0.22544522870942232,30
3,0-0-1-2-1-1-1-0-2-1,1,32,0.26606747372929845,0.27385727276011257,30
3,0-0-1-2-1-1-1-0-2-2,1,32,0.15118892388321503,0.2106338920496896,30
3,0-0-1-2-1-1-1-1-0-0,1,33,0.36102542577799385,0.29918712348931126,30
3,0-0-1-2-1-1-1-1-0-1,1,32,0.4313903650302703,0.34796417930335305,30
3,0-0-1-2-1-1-1-1-0-2,1,32,0.31925560988712287,0.284002064930726,30
3,0-0-1-2-1-1-1-1-1-0,2,33,0.4313903650302703,0.3406916613082264,30
3,0-0-1-2-1-1-1-1-1-1,2,32,0.5186865195542837,0.3946669398289249,30
3,0-0-1-2-1-1-1-1-1-2,2,32,0.41385059888681575,0.3335829299504515,30
3,0-0-1-2-1-1-1-1-2-0,1,31,0.31925560988712287,0.2851858171305465,30
3,0-0-1-2-1-1-1-1-2-1,1,30,0.41385059888681575,0.3419935826227239,30
3,0-0-1-2-1-1-1-1-2-2,1,30,0.31731482848148507,0.28390181120952146,30
3,0-0-1-2-1-1-1-2-0-0,1,33,0.16673292112124255,0.21787806668577173,30
3,0-0-1-2-1-1-1-2-0-1,1,32,0.24679616693817413,0.27075594984358986,30
3,0-0-1-2-1-1-1-2-0-2,1,32,0.14844009338738284,0.21057847171377755,30
3,0-0-1-2-1-1-1-2-1-0,2,33,0.24679616693817413,0.2628796804573242,30
3,0-0-1-2-1-1-1-2-1-1,2,32,0.3481330185270369,0.32104315741476436,30
3,0-0-1-2-1-1-1-2-1-2,2,32,0.26216946261228974,0.26465202105819285,30
3,0-0-1-2-1-1-1-2-2-0,1,31,0.14844009338738284,0.21026617926303387,30
3,0-0-1-2-1-1-1-2-2-1,1,30,0.26216946261228974,0.2722357868119288,30
3,0-0-1-2-1-1-1-2-2-2,1,30,0.20844381786876257,0.22183182152472228,30
3,0-0-1-2-1-1-2-0-0-0,1,34,0.22332611675130273,0.19372645459193055,30
3,0-0-1-2-1-1-2-0-0-1,1,34,0.21620208770533292,0.23143845397606794,30
3,0-0-1-2-1-1-2-0-0-2,1,35,0.11135267229944398,0.16438334869391016,30
3,0-0-1-2-1-1-2-0-1-0,2,34,0.21620208770533292,0.22525285366301448,30
3,0-0-1-2-1-1-2-0-1-1,2,34,0.26606747372929845,0.2736744725872801,30
3,0-0-1-2-1-1-2-0-1-2,2,35,0.15118892388321503,0.21045978059633247,30
3,0-0-1-2-1-1-2-0-2-0,1,32,0.11135267229944398,0.16711649434553266,30
3,0-0-1-2-1-1-2-0-2-1,1,32,0.15118892388321503,0.21914439645739126,30
3,0-0-1-2-1-1-2-0-2-2,1,33,0.04586992889526571,0.15982777885563593,30
3,0-0-1-2-1-1-2-1-0-0,1,33,0.2444498726394433,0.24119104411598036,30
3,0-0-1-2-1-1-2-1-0-1,1,32,0.31925560988712287,0.2926830095833637,30
3,0-0-1-2-1-1-2-1-0-2,1,33,0.21196794897216495,0.23106983503757866,30
3,0-0-1-2-1-1-2-1-1-0,2,33,0.31925560988712287,0.2850053090266917,30
3,0-0-1-2-1-1-2-1-1-1,2,32,0.41385059888681575,0.3418234933455275,30
3,0-0-1-2-1-1-2-1-1-2,2,33,0.31731482848148507,0.28374407504333493,30
3,0-0-1-2-1-1-2-1-2-0,1,31,0.21196794897216495,0.2312879201425649,30
3,0-0-1-2-1-1-2-1-2-1,1,30,0.31731482848148507,0.2916279331393903,30
3,0-0-1-2-1-1-2-1-2-2,1,31,0.23934254133586677,0.23840994316288863,30
3,0-0-1-2-1-1-2-2-0-0,1,33,0.05015839976426237,0.16127453763306684,30
3,0-0-1-2-1-1-2-2-0-1,1,32,0.14844009338738284,0.21856691891113203,30
3,0-0-1-2-1-1-2-2-0-2,1,33,0.10168748289712576,0.16418839232652596,30
3,0-0-1-2-1-1-2-2-1-0,2,33,0.14844009338738284,0.21009851054176268,30
3,0-0-1-2-1-1-2-2-1-1,2,32,0.26216946261228974,0.2720817079076327,30
3,0-0-1-2-1-1-2-2-1-2,2,33,0.20844381786876257,0.22170309168827018,30
3,0-0-1-2-1-1-2-2-2-0,1,31,0.10168748289712576,0.1620291871837039,30
3,0-0-1-2-1-1-2-2-2-1,1,30,0.20844381786876257,0.22820605622817786,30
3,0-0-1-2-1-1-2-2-2-2,1,31,0.21294269847217917,0.187954407444845,30
3,0-0-1-2-1-2-0-0-0-0,1,33,0.2831705063418629,0.17104491542699815,30
3,0-0-1-2-1-2-0-0-0-1,1,33,0.22332611675130273,0.19157479593727242,30
3,0-0-1-2-1-2-0-0-0-2,1,33,0.17064733837686613,0.1229221542249424,30
3,0-0-1-2-1-2-0-0-1-0,2,35,0.22332611675130273,0.1873055615329636,30
3,0-0-1-2-1-2-0-0-1-1,2,33,0.21620208770533292,0.22506213101870057,30
3,0-0-1-2-1-2-0-0-1-2,2,33,0.11135267229944398,0.15811195822363036,30
3,0-0-1-2-1-2-0-0-2-0,1,33,0.17064733837686613,0.12855872089947679,30
3,0-0-1-2-1-2-0-0-2-1,1,31,0.11135267229944398,0.16743479062174876,30
3,0-0-1-2-1-2-0-0-2-2,1,31,0.07235511089016976,0.10249823275404543,30
3,0-0-1-2-1-2-0-1-0-0,1,32,0.21158238481995553,0.19872339940522338,30
3,0-0-1-2-1-2-0-1-0-1,1,31,0.2444498726394433,0.24164423101554064,30
3,0-0-1-2-1-2-0-1-0-2,1,31,0.12787451643043182,0.17627445975101502,30
3,0-0-1-2-1-2-0-1-1-0,2,34,0.2444498726394433,0.234870171149912,30
3,0-0-1-2-1-2-0-1-1-1,2,31,0.31925560988712287,0.28668797027506104,30
3,0-0-1-2-1-2-0-1-1-2,2,31,0.21196794897216495,0.22540678346401619,30
3,0-0-1-2-1-2-0-1-2-0,1,32,0.12787451643043182,0.17800272432068037,30
3,0-0-1-2-1-2-0-1-2-1,1,29,0.21196794897216495,0.2337700575860151,30
3,0-0-1-2-1-2-0-1-2-2,1,29,0.12294896454282284,0.177177074271616,30
3,0-0-1-2-1-2-0-2-0-0,1,32,0.10088130824184764,0.11544173889700943,30
3,0-0-1-2-1-2-0-2-0-1,1,31,0.05015839976426237,0.16278678450051348,30
3,0-0-1-2-1-2-0-2-0-2,1,31,0.0664201226423071,0.10313434710309786,30
3,0-0-1-2-1-2-0-2-1-0,2,34,0.05015839976426237,0.15516702012944225,30
3,0-0-1-2-1-2-0-2-1-1,2,31,0.14844009338738284,0.21301313658275484,30
3,0-0-1-2-1-2-0-2-1-2,2,31,0.10168748289712576,0.1595281406364669,30
3,0-0-1-2-1-2-0-2-2-0,1,32,0.0664201226423071,0.10219478578928125,30
3,0-0-1-2-1-2-0-2-2-1,1,29,0.10168748289712576,0.16637019389671054,30
3,0-0-1-2-1-2-0-2-2-2,1,29,0.16070468746950117,0.12601080432984849,30
3,0-0-1-2-1-2-1-0-0-0,1,33,0.22332611675130273,0.18738760691833733,30
3,0-0-1-2-1-2-1-0-0-1,1,33,0.21620208770533292,0.22518986729073343,30
3,0-0-1-2-1-2-1-0-0-2,1,33,0.11135267229944398,0.15825144236904126,30
3,0-0-1-2-1-2-1-0-1-0,2,33,0.21620208770533292,0.21896816923321605,30
3,0-0-1-2-1-2-1-0-1-1,2,33,0.26606747372929845,0.2677096754577698,30
3,0-0-1-2-1-2-1-0-1-2,2,33,0.15118892388321503,0.20479010710702716,30
3,0-0-1-2-1-2-1-0-2-0,1,31,0.11135267229944398,0.1608976807289947,30
3,0-0-1-2-1-2-1-0-2-1,1,31,0.15118892388321503,0.21341731376359083,30
3,0-0-1-2-1-2-1-0-2-2,1,31,0.04586992889526571,0.15473369879180005,30
3,0-0-1-2-1-2-1-1-0-0,1,32,0.2444498726394433,0.23500464091247608,30
3,0-0-1-2-1-2-1-1-0-1,1,31,0.31925560988712287,0.286844815050201,30
3,0-0-1-2-1-2-1-1-0-2,1,31,0.21196794897216495,0.225576567531238,30
3,0-0-1-2-1-2-1-1-1-0,2,32,0.31925560988712287,0.27911668294503283,30
3,0-0-1-2-1-2-1-1-1-1,2,31,0.41385059888681575,0.3362795555212084,30
3,0-0-1-2-1-2-1-1-1-2,2,31,0.31731482848148507,0.278614885304558,30
3,0-0-1-2-1-2-1-1-2-0,1,30,0.21196794897216495,0.22566375086913182,30
3,0-0-1-2-1-2-1-1-2-1,1,29,0.31731482848148507,0.286425243603577,30
3,0-0-1-2-1-2-1-1-2-2,1,29,0.23934254133586677,0.23389481635474582,30
3,0-0-1-2-1-2-1-2-0-0,1,32,0.05015839976426237,0.15531827656704933,30
3,0-0-1-2-1-2-1-2-0-1,1,31,0.14844009338738284,0.2131861414892345,30
3,0-0-1-2-1-2-1-2-0-2,1,31,0.10168748289712576,0.1597171762460271,30
3,0-0-1-2-1-2-1-2-1-0,2,32,0.14844009338738284,0.20464532663869703,30
3,0-0-1-2-1-2-1-2-1-1,2,31,0.26216946261228974,0.26707550186209483,30
3,0-0-1-2-1-2-1-2-1-2,2,31,0.20844381786876257,0.21755009564136196,30
3,0-0-1-2-1-2-1-2-2-0,1,30,0.10168748289712576,0.15730134459125825,30
3,0-0-1-2-1-2-1-2-2-1,1,29,0.20844381786876257,0.2238990887515801,30
3,0-0-1-2-1-2-1-2-2-2,1,29,0.21294269847217917,0.18507990829634954,30
3,0-0-1-2-1-2-2-0-0-0,1,33,0.17064733837686613,0.1284404348473259,30
3,0-0-1-2-1-2-2-0-0-1,1,33,0.11135267229944398,0.16738397631845733,30
3,0-0-1-2-1-2-2-0-0-2,1,34,0.07235511089016976,0.10248053458340241,30
3,0-0-1-2-1-2-2-0-1-0,2,33,0.11135267229944398,0.16070756797060806,30
3,0-0-1-2-1-2-2-0-1-1,2,33,0.15118892388321503,0.21324263813777172,30
3,0-0-1-2-1-2-2-0-1-2,2,34,0.04586992889526571,0.15457930687520252,30
3,0-0-1-2-1-2-2-0-2-0,1,31,0.07235511089016976,0.10379720879034245,30
3,0-0-1-2-1-2-2-0-2-1,1,31,0.04586992889526571,0.16234788518282062,30
3,0-0-1-2-1-2-2-0-2-2,1,32,0.09235680588006155,0.11359676628283498,30
3,0-0-1-2-1-2-2-1-0-0,1,32,0.12787451643043182,0.17796289361704004,30
3,0-0-1-2-1-2-2-1-0-1,1,31,0.21196794897216495,0.2337683624785506,30
3,0-0-1-2-1-2-2-1-0-2,1,32,0.12294896454282284,0.17721260946318795,30
3,0-0-1-2-1-2-2-1-1-0,2,32,0.21196794897216495,0.22549227512462267,30
3,0-0-1-2-1-2-2-1-1-1,2,31,0.31731482848148507,0.2862667847039767,30
3,0-0-1-2-1-2-2-1-1-2,2,32,0.23934254133586677,0.2337580129863822,30
3,0-0-1-2-1-2-2-1-2-0,1,30,0.12294896454282284,0.17570061332272366,30
3,0-0-1-2-1-2-2-1-2-1,1,29,0.23934254133586677,0.24064514613761698,30
3,0-0-1-2-1-2-2-1-2-2,1,30,0.2026345808483989,0.19679754333503516,30
3,0-0-1-2-1-2-2-2-0-0,1,32,0.0664201226423071,0.10220477941851853,30
3,0-0-1-2-1-2-2-2-0-1,1,31,0.10168748289712576,0.1664165554981488,30
3,0-0-1-2-1-2-2-2-0-2,1,32,0.16070468746950117,0.1261250854020055,30
3,0-0-1-2-1-2-2-2-1-0,2,32,0.10168748289712576,0.15715849580528904,30
3,0-0-1-2-1-2-2-2-1-1,2,31,0.20844381786876257,0.22376884480236023,30
3,0-0-1-2-1-2-2-2-1-2,2,32,0.21294269847217917,0.1849946974421615,30
3,0-0-1-2-1-2-2-2-2-0,1,30,0.16070468746950117,0.12070099304460984,30
3,0-0-1-2-1-2-2-2-2-1,1,29,0.21294269847217917,0.18941992444327502,30
3,0-0-1-2-1-2-2-2-2-2,1,30,0.27280053152649736,0.16779600724138655,30
3,0-0-1-2-2-0-0-0-0-0,1,34,0.3980330724604726,0.1259345209903117,30
3,0-0-1-2-2-0-0-0-0-1,1,34,0.3384220157759009,0.06724594245523906,30
3,0-0-1-2-2-0-0-0-0-2,1,34,0.2831705063418629,0.08339614494255115,30
3,0-0-1-2-2-0-0-0-1-0,2,36,0.3384220157759009,0.0744623807590364,30
3,0-0-1-2-2-0-0-0-1-1,2,34,0.31274328816929525,0.048292954356294056,30
3,0-0-1-2-2-0-0-0-1-2,2,34,0.22332611675130273,0.026506312621413744,30
3,0-0-1-2-2-0-0-0-2-0,1,34,0.2831705063418629,0.08738167767616513,30
3,0-0-1-2-2-0-0-0-2-1,1,32,0.22332611675130273,0.018989361216111014,30
3,0-0-1-2-2-0-0-0-2-2,1,32,0.17064733837686613,0.08280109359327502,30
3,0-0-1-2-2-0-0-1-0-0,1,33,0.3167997612428096,0.05774017434135555,30
3,0-0-1-2-2-0-0-1-0-1,1,32,0.3189997470516744,0.05876092663964384,30
3,0-0-1-2-2-0-0-1-0-2,1,32,0.21158238481995553,0.01255165051547327,30
3,0-0-1-2-2-0-0-1-1-0,2,35,0.3189997470516744,0.05352632848688343,30
3,0-0-1-2-2-0-0-1-1-1,2,32,0.36102542577799385,0.10539941508559972,30
3,0-0-1-2-2-0-0-1-1-2,2,32,0.2444498726394433,0.06124711491359298,30
3,0-0-1-2-2-0-0-1-2-0,1,33,0.21158238481995553,0.005742866701192797,30
3,0-0-1-2-2-0-0-1-2-1,1,30,0.2444498726394433,0.06491859772659762,30
3,0-0-1-2-2-0-0-1-2-2,1,30,0.12787451643043182,0.07058078214472727,30
3,0-0-1-2-2-0-0-2-0-0,1,33,0.2076588874981582,0.079259918801186,30
3,0-0-1-2-2-0-0-2-0-1,1,32,0.1478889972225397,0.02593936605773866,30
3,0-0-1-2-2-0-0-2-0-2,1,32,0.10088130824184764,0.09398911484600625,30
3,0-0-1-2-2-0-0-2-1-0,2,35,0.1478889972225397,0.029837494334320862,30
3,0-0-1-2-2-0-0-2-1-1,2,32,0.16673292112124255,0.058361306906020594,30
3,0-0-1-2-2-0-0-2-1-2,2,32,0.05015839976426237,0.08662921040605445,30
3,0-0-1-2-2-0-0-2-2-0,1,33,0.10088130824184764,0.08890549072967155,30
3,0-0-1-2-2-0-0-2-2-1,1,30,0.05015839976426237,0.07973347672873139,30
3,0-0-1-2-2-0-0-2-2-2,1,30,0.0664201226423071,0.13631234483923382,30
3,0-0-1-2-2-0-1-0-0-0,1,34,0.3384220157759009,0.0743115151375483,30
3,0-0-1-2-2-0-1-0-0-1,1,34,0.31274328816929525,0.0483377310238114,30
3,0-0-1-2-2-0-1-0-0-2,1,34,0.22332611675130273,0.026334873754907475,30
3,0-0-1-2-2-0-1-0-1-0,2,34,0.31274328816929525,0.047045483059457355,30
3,0-0-1-2-2-0-1-0-1-1,2,34,0.32903956809429474,0.08457341501507011,30
3,0-0-1-2-2-0-1-0-1-2,2,34,0.21620208770533292,0.03804112007035548,30
3,0-0-1-2-2-0-1-0-2-0,1,32,0.22332611675130273,0.02830586705945615,30
3,0-0-1-2-2-0-1-0-2-1,1,32,0.21620208770533292,0.04096440057831363,30
3,0-0-1-2-2-0-1-0-2-2,1,32,0.11135267229944398,0.06401247141110697,30
3,0-0-1-2-2-0-1-1-0-0,1,33,0.3189997470516744,0.053619633382096764,30
3,0-0-1-2-2-0-1-1-0-1,1,32,0.36102542577799385,0.10557369752674259,30
3,0-0-1-2-2-0-1-1-0-2,1,32,0.2444498726394433,0.06143770960210032,30
3,0-0-1-2-2-0-1-1-1-0,2,33,0.36102542577799385,0.09701617811149463,30
3,0-0-1-2-2-0-1-1-1-1,2,32,0.4313903650302703,0.1606484653936048,30
3,0-0-1-2-2-0-1-1-1-2,2,32,0.31925560988712287,0.1198924140166652,30
3,0-0-1-2-2-0-1-1-2-0,1,31,0.2444498726394433,0.0554714762784946,30
3,0-0-1-2-2-0-1-1-2-1,1,30,0.31925560988712287,0.12413843180987073,30
3,0-0-1-2-2-0-1-1-2-2,1,30,0.21196794897216495,0.11000755360500693,30
3,0-0-1-2-2-0-1-2-0-0,1,33,0.1478889972225397,0.02973301626794979,30
3,0-0-1-2-2-0-1-2-0-1,1,32,0.16673292112124255,0.05853708225010138,30
3,0-0-1-2-2-0-1-2-0-2,1,32,0.05015839976426237,0.08667053776794291,30
3,0-0-1-2-2-0-1-2-1-0,2,33,0.16673292112124255,0.04998126868323146,30
3,0-0-1-2-2-0-1-2-1-1,2,32,0.24679616693817413,0.11474194984255615,30
3,0-0-1-2-2-0-1-2-1-2,2,32,0.14844009338738284,0.11484068149414778,30
3,0-0-1-2-2-0-1-2-2-0,1,31,0.05015839976426237,0.07751819542153231,30
3,0-0-1-2-2-0-1-2-2-1,1,30,0.14844009338738284,0.11231265916910928,30
3,0-0-1-2-2-0-1-2-2-2,1,30,0.10168748289712576,0.14408973098221278,30
3,0-0-1-2-2-0-2-0-0-0,1,34,0.2831705063418629,0.08729262388240144,30
3,0-0-1-2-2-0-2-0-0-1,1,34,0.22332611675130273,0.018932148936070904,30
3,0-0-1-2-2-0-2-0-0-2,1,34,0.17064733837686613,0.08286879604140729,30
3,0-0-1-2-2-0-2-0-1-0,2,34,0.22332611675130273,0.028427303196512287,30
3,0-0-1-2-2-0-2-0-1-1,2,34,0.21620208770533292,0.04088503074000231,30
3,0-0-1-2-2-0-2-0-1-2,2,34,0.11135267229944398,0.06417064583097992,30
3,0-0-1-2-2-0-2-0-2-0,1,32,0.17064733837686613,0.08001243543182227,30
3,0-0-1-2-2-0-2-0-2-1,1,32,0.11135267229944398,0.056594513418310816,30
3,0-0-1-2-2-0-2-0-2-2,1,32,0.07235511089016976,0.11736385767914587,30
3,0-0-1-2-2-0-2-1-0-0,1,33,0.21158238481995553,0.005800531288256173,30
3,0-0-1-2-2-0-2-1-0-1,1,32,0.2444498726394433,0.06502673149739735,30
3,0-0-1-2-2-0-2-1-0-2,1,32,0.12787451643043182,0.07077488339641892,30
3,0-0-1-2-2-0-2-1-1-0,2,33,0.2444498726394433,0.055387300738068475,30
3,0-0-1-2-2-0-2-1-1-1,2,32,0.31925560988712287,0.1240468976701116,30
3,0-0-1-2-2-0-2-1-1-2,2,32,0.21196794897216495,0.11002597914065824,30
3,0-0-1-2-2-0-2-1-2-0,1,31,0.12787451643043182,0.06114435845782299,30
3,0-0-1-2-2-0-2-1-2-1,1,30,0.21196794897216495,0.10952619441707992,30
3,0-0-1-2-2-0-2-1-2-2,1,30,0.12294896454282284,0.12976563728618887,30
3,0-0-1-2-2-0-2-2-0-0,1,33,0.10088130824184764,0.08900041000842224,30
3,0-0-1-2-2-0-2-2-0-1,1,32,0.05015839976426237,0.07992308705376144,30
3,0-0-1-2-2-0-2-2-0-2,1,32,0.0664201226423071,0.13647239179295795,30
3,0-0-1-2-2-0-2-2-1-0,2,33,0.05015839976426237,0.07766711744976046,30
3,0-0-1-2-2-0-2-2-1-1,2,32,0.14844009338738284,0.11235594371466107,30
3,0-0-1-2-2-0-2-2-1-2,2,32,0.10168748289712576,0.1442163198782957,30
3,0-0-1-2-2-0-2-2-2-0,1,31,0.0664201226423071,0.12864314267847918,30
3,0-0-1-2-2-0-2-2-2-1,1,30,0.10168748289712576,0.13812389390323487,30
3,0-0-1-2-2-0-2-2-2-2,1,30,0.16070468746950117,0.18808973653748423,30
3,0-0-1-2-2-1-0-0-0-0,1,35,0.3384220157759009,0.06950116346187923,30
3,0-0-1-2-2-1-0-0-0-1,1,35,0.31274328816929525,0.05019623505323702,30
3,0-0-1-2-2-1-0-0-0-2,1,35,0.22332611675130273,0.020956948309332854,30
3,0-0-1-2-2-1-0-0-1-0,2,37,0.31274328816929525,0.04768037168928801,30
3,0-0-1-2-2-1-0-0-1-1,2,35,0.32903956809429474,0.08993174204870573,30
3,0-0-1-2-2-1-0-0-1-2,2,35,0.21620208770533292,0.04409903457644529,30
3,0-0-1-2-2-1-0-0-2-0,1,35,0.22332611675130273,0.022031738794554622,30
3,0-0-1-2-2-1-0-0-2-1,1,33,0.21620208770533292,0.04729876162794449,30
3,0-0-1-2-2-1-0-0-2-2,1,33,0.11135267229944398,0.06495559688524163,30
3,0-0-1-2-2-1-0-1-0-0,1,34,0.3189997470516744,0.056951774185719,30
3,0-0-1-2-2-1-0-1-0-1,1,33,0.36102542577799385,0.1113066055578531,30
3,0-0-1-2-2-1-0-1-0-2,1,33,0.2444498726394433,0.06767931239499278,30
3,0-0-1-2-2-1-0-1-1-0,2,36,0.36102542577799385,0.10262800905136028,30
3,0-0-1-2-2-1-0-1-1-1,2,33,0.4313903650302703,0.16674295844885867,30
3,0-0-1-2-2-1-0-1-1-2,2,33,0.31925560988712287,0.12622209803146456,30
3,0-0-1-2-2-1-0-1-2-0,1,34,0.2444498726394433,0.061818194273153444,30
3,0-0-1-2-2-1-0-1-2-1,1,31,0.31925560988712287,0.13049777794033265,30
3,0-0-1-2-2-1-0-1-2-2,1,31,0.21196794897216495,0.11525417120031954,30
3,0-0-1-2-2-1-0-2-0-0,1,34,0.1478889972225397,0.026877076219036383,30
3,0-0-1-2-2-1-0-2-0-1,1,33,0.16673292112124255,0.06434151304190444,30
3,0-0-1-2-2-1-0-2-0-2,1,33,0.05015839976426237,0.08824717985813768,30
3,0-0-1-2-2-1-0-2-1-0,2,36,0.16673292112124255,0.05557321401982504,30
3,0-0-1-2-2-1-0-2-1-1,2,33,0.24679616693817413,0.12095819642939566,30
3,0-0-1-2-2-1-0-2-1-2,2,33,0.14844009338738284,0.1192312655706738,30
3,0-0-1-2-2-1-0-2-2-0,1,34,0.05015839976426237,0.0788882789450479,30
3,0-0-1-2-2-1-0-2-2-1,1,31,0.14844009338738284,0.11706126035375673,30
3,0-0-1-2-2-1-0-2-2-2,1,31,0.10168748289712576,0.14633385860512124,30
3,0-0-1-2-2-1-1-0-0-0,1,35,0.31274328816929525,0.04771304624244181,30
3,0-0-1-2-2-1-1-0-0-1,1,35,0.32903956809429474,0.09009776263346699,30
3,0-0-1-2-2-1-1-0-0-2,1,35,0.21620208770533292,0.04428574963854277,30
3,0-0-1-2-2-1-1-0-1-0,2,35,0.32903956809429474,0.08200899052312716,30
3,0-0-1-2-2-1-1-0-1-1,2,35,0.381975758382696,0.14384573914081317,30
3,0-0-1-2-2-1-1-0-1-2,2,35,0.26606747372929845,0.10233617352723971,30
3,0-0-1-2-2-1-1-0-2-0,1,33,0.21620208770533292,0.0378746271928531,30
3,0-0-1-2-2-1-1-0-2-1,1,33,0.26606747372929845,0.10648044177726458,30
3,0-0-1-2-2-1-1-0-2-2,1,33,0.15118892388321503,0.09614692047503776,30
3,0-0-1-2-2-1-1-1-0-0,1,34,0.36102542577799385,0.10280110548122129,30
3,0-0-1-2-2-1-1-1-0-1,1,33,0.4313903650302703,0.16692976039319585,30
3,0-0-1-2-2-1-1-1-0-2,1,33,0.31925560988712287,0.12641583330796888,30
3,0-0-1-2-2-1-1-1-1-0,2,34,0.4313903650302703,0.15768007030097783,30
3,0-0-1-2-2-1-1-1-1-1,2,33,0.5186865195542837,0.22424435841155776,30
3,0-0-1-2-2-1-1-1-1-2,2,33,0.41385059888681575,0.18530630113185292,30
3,0-0-1-2-2-1-1-1-2-0,1,32,0.31925560988712287,0.12103313042287625,30
3,0-0-1-2-2-1-1-1-2-1,1,31,0.41385059888681575,0.1897604313944038,30
3,0-0-1-2-2-1-1-1-2-2,1,31,0.31731482848148507,0.16788973874322782,30
3,0-0-1-2-2-1-1-2-0-0,1,34,0.16673292112124255,0.05574692913787443,30
3,0-0-1-2-2-1-1-2-0-1,1,33,0.24679616693817413,0.12114864812121946,30
3,0-0-1-2-2-1-1-2-0-2,1,33,0.14844009338738284,0.11936841506262405,30
3,0-0-1-2-2-1-1-2-1-0,2,34,0.24679616693817413,0.11171239242683749,30
3,0-0-1-2-2-1-1-2-1-1,2,33,0.3481330185270369,0.1793710777899964,30
3,0-0-1-2-2-1-1-2-1-2,2,33,0.26216946261228974,0.16638293805029442,30
3,0-0-1-2-2-1-1-2-2-0,1,32,0.14844009338738284,0.11005303380024817,30
3,0-0-1-2-2-1-1-2-2-1,1,31,0.26216946261228974,0.16656371191887834,30
3,0-0-1-2-2-1-1-2-2-2,1,31,0.20844381786876257,0.17713785238457533,30
3,0-0-1-2-2-1-2-0-0-0,1,35,0.22332611675130273,0.02196868241087436,30
3,0-0-1-2-2-1-2-0-0-1,1,35,0.21620208770533292,0.04741080232672648,30
3,0-0-1-2-2-1-2-0-0-2,1,35,0.11135267229944398,0.06514005469458306,30
3,0-0-1-2-2-1-2-0-1-0,2,35,0.21620208770533292,0.037796771558576955,30
3,0-0-1-2-2-1-2-0-1-1,2,35,0.26606747372929845,0.10638988299254135,30
3,0-0-1-2-2-1-2-0-1-2,2,35,0.15118892388321503,0.09618588620611301,30
3,0-0-1-2-2-1-2-0-2-0,1,33,0.11135267229944398,0.05606730260714944,30
3,0-0-1-2-2-1-2-0-2-1,1,33,0.15118892388321503,0.09471657003025603,30
3,0-0-1-2-2-1-2-0-2-2,1,33,0.04586992889526571,0.12259362231742071,30
3,0-0-1-2-2-1-2-1-0-0,1,34,0.2444498726394433,0.061926857584225115,30
3,0-0-1-2-2-1-2-1-0-1,1,33,0.31925560988712287,0.13060054528062415,30
3,0-0-1-2-2-1-2-1-0-2,1,33,0.21196794897216495,0.11542851550840028,30
3,0-0-1-2-2-1-2-1-1-0,2,34,0.31925560988712287,0.12094174697229008,30
3,0-0-1-2-2-1-2-1-1-1,2,33,0.41385059888681575,0.1896668737301542,30
3,0-0-1-2-2-1-2-1-1-2,2,33,0.31731482848148507,0.16786374745366017,30
3,0-0-1-2-2-1-2-1-2-0,1,32,0.21196794897216495,0.10685903739770576,30
3,0-0-1-2-2-1-2-1-2-1,1,31,0.31731482848148507,0.16941943707014379,30
3,0-0-1-2-2-1-2-1-2-2,1,31,0.23934254133586677,0.17038987783404771,30
3,0-0-1-2-2-1-2-2-0-0,1,34,0.05015839976426237,0.07907609092817137,30
3,0-0-1-2-2-1-2-2-0-1,1,33,0.14844009338738284,0.11724500889311744,30
3,0-0-1-2-2-1-2-2-0-2,1,33,0.10168748289712576,0.1465265758904139,30
3,0-0-1-2-2-1-2-2-1-0,2,34,0.14844009338738284,0.11009995394366608,30
3,0-0-1-2-2-1-2-2-1-1,2,33,0.26216946261228974,0.1665545373287245,30
3,0-0-1-2-2-1-2-2-1-2,2,33,0.20844381786876257,0.17720478038232168,30
3,0-0-1-2-2-1-2-2-2-0,1,32,0.10168748289712576,0.13696694896332978,30
3,0-0-1-2-2-1-2-2-2-1,1,31,0.20844381786876257,0.17411442820298037,30
3,0-0-1-2-2-1-2-2-2-2,1,31,0.21294269847217917,0.20518772986349232,30
3,0-0-1-2-2-2-0-0-0-0,1,34,0.2831705063418629,0.08457756515057492,30
3,0-0-1-2-2-2-0-0-0-1,1,34,0.22332611675130273,0.018145144587444272,30
3,0-0-1-2-2-2-0-0-0-2,1,34,0.17064733837686613,0.08529662966583376,30
3,0-0-1-2-2-2-0-0-1-0,2,36,0.22332611675130273,0.02678504943730492,30
3,0-0-1-2-2-2-0-0-1-1,2,34,0.21620208770533292,0.04492628085185454,30
3,0-0-1-2-2-2-0-0-1-2,2,34,0.11135267229944398,0.0700151014079833,30
3,0-0-1-2-2-2-0-0-2-0,1,34,0.17064733837686613,0.08177580384117938,30
3,0-0-1-2-2-2-0-0-2-1,1,32,0.11135267229944398,0.06265531809376781,30
3,0-0-1-2-2-2-0-0-2-2,1,32,0.07235511089016976,0.1222067211406273,30
3,0-0-1-2-2-2-0-1-0-0,1,33,0.21158238481995553,0.00985510197452651,30
3,0-0-1-2-2-2-0-1-0-1,1,32,0.2444498726394433,0.06877070849695557,30
3,0-0-1-2-2-2-0-1-0-2,1,32,0.12787451643043182,0.0771198828056142,30
3,0-0-1-2-2-2-0-1-1-0,2,35,0.2444498726394433,0.05922157477270095,30
3,0-0-1-2-2-2-0-1-1-1,2,32,0.31925560988712287,0.12753247556338287,30
3,0-0-1-2-2-2-0-1-1-2,2,32,0.21196794897216495,0.11584503983271198,30
3,0-0-1-2-2-2-0-1-2-0,1,33,0.12787451643043182,0.06748362298021059,30
3,0-0-1-2-2-2-0-1-2-1,1,30,0.21196794897216495,0.11510365645382771,30
3,0-0-1-2-2-2-0-1-2-2,1,30,0.12294896454282284,0.1361228957673172,30
3,0-0-1-2-2-2-0-2-0-0,1,33,0.10088130824184764,0.09227493908178147,30
3,0-0-1-2-2-2-0-2-0-1,1,32,0.05015839976426237,0.0861321595649308,30
3,0-0-1-2-2-2-0-2-0-2,1,32,0.0664201226423071,0.14175055715954885,30
3,0-0-1-2-2-2-0-2-1-0,2,35,0.05015839976426237,0.0836763855436,30
3,0-0-1-2-2-2-0-2-1-1,2,32,0.14844009338738284,0.11845198233433975,30
3,0-0-1-2-2-2-0-2-1-2,2,32,0.10168748289712576,0.15047530899253173,30
3,0-0-1-2-2-2-0-2-2-0,1,33,0.0664201226423071,0.13377062265942002,30
3,0-0-1-2-2-2-0-2-2-1,1,30,0.10168748289712576,0.14443403013736694,30
3,0-0-1-2-2-2-0-2-2-2,1,30,0.16070468746950117,0.19390251584676851,30
3,0-0-1-2-2-2-1-0-0-0,1,34,0.22332611675130273,0.026604039333875847,30
3,0-0-1-2-2-2-1-0-0-1,1,34,0.21620208770533292,0.045116276586572815,30
3,0-0-1-2-2-2-1-0-0-2,1,34,0.11135267229944398,0.07004167540727571,30
3,0-0-1-2-2-2-1-0-1-0,2,34,0.21620208770533292,0.035746088995199383,30
3,0-0-1-2-2-2-1-0-1-1,2,34,0.26606747372929845,0.10358830279105723,30
3,0-0-1-2-2-2-1-0-1-2,2,34,0.15118892388321503,0.09766457551074048,30
3,0-0-1-2-2-2-1-0-2-0,1,32,0.11135267229944398,0.06119362129713609,30
3,0-0-1-2-2-2-1-0-2-1,1,32,0.15118892388321503,0.09557660716867748,30
3,0-0-1-2-2-2-1-0-2-2,1,32,0.04586992889526571,0.12675871080505038,30
3,0-0-1-2-2-2-1-1-0-0,1,33,0.2444498726394433,0.05941357642061717,30
3,0-0-1-2-2-2-1-1-0-1,1,32,0.31925560988712287,0.12772659133552272,30
3,0-0-1-2-2-2-1-1-0-2,1,32,0.21196794897216495,0.11600102254523863,30
3,0-0-1-2-2-2-1-1-1-0,2,33,0.31925560988712287,0.1180930928112816,30
3,0-0-1-2-2-2-1-1-1-1,2,32,0.41385059888681575,0.1866953072076489,30
3,0-0-1-2-2-2-1-1-1-2,2,32,0.31731482848148507,0.16713697312218825,30
3,0-0-1-2-2-2-1-1-2-0,1,31,0.21196794897216495,0.10719074684973039,30
3,0-0-1-2-2-2-1-1-2-1,1,30,0.31731482848148507,0.16833445971507663,30
3,0-0-1-2-2-2-1-1-2-2,1,30,0.23934254133586677,0.17187545046101488,30
3,0-0-1-2-2-2-1-2-0-0,1,33,0.05015839976426237,0.08371555762022921,30
3,0-0-1-2-2-2-1-2-0-1,1,32,0.14844009338738284,0.1185925835594129,30
3,0-0-1-2-2-2-1-2-0-2,1,32,0.10168748289712576,0.15054156083816542,30
3,0-0-1-2-2-2-1-2-1-0,2,33,0.14844009338738284,0.1118092184293218,30
3,0-0-1-2-2-2-1-2-1-1,2,32,0.26216946261228974,0.16637985967636687,30
3,0-0-1-2-2-2-1-2-1-2,2,32,0.20844381786876257,0.1794945495661682,30
3,0-0-1-2-2-2-1-2-2-0,1,31,0.10168748289712576,0.1410360822744164,30
3,0-0-1-2-2-2-1-2-2-1,1,30,0.20844381786876257,0.1760954509270669,30
3,0-0-1-2-2-2-1-2-2-2,1,30,0.21294269847217917,0.20897534196110895,30
3,0-0-1-2-2-2-2-0-0-0,1,34,0.17064733837686613,0.08183696284818136,30
3,0-0-1-2-2-2-2-0-0-1,1,34,0.11135267229944398,0.06284171475177326,30
3,0-0-1-2-2-2-2-0-0-2,1,34,0.07235511089016976,0.12235710340075671,30
3,0-0-1-2-2-2-2-0-1-0,2,34,0.11135267229944398,0.061354133082306125,30
3,0-0-1-2-2-2-2-0-1-1,2,34,0.15118892388321503,0.09560947841888519,30
3,0-0-1-2-2-2-2-0-1-2,2,34,0.04586992889526571,0.12688903402954427,30
3,0-0-1-2-2-2-2-0-2-0,1,32,0.07235511089016976,0.11505276910314277,30
3,0-0-1-2-2-2-2-0-2-1,1,32,0.04586992889526571,0.12062942157405201,30
3,0-0-1-2-2-2-2-0-2-2,1,32,0.09235680588006155,0.17215156704262455,30
3,0-0-1-2-2-2-2-1-0-0,1,33,0.12787451643043182,0.06767766854276197,30
3,0-0-1-2-2-2-2-1-0-1,1,32,0.21196794897216495,0.11527560457901735,30
3,0-0-1-2-2-2-2-1-0-2,1,32,0.12294896454282284,0.13631743053353632,30
3,0-0-1-2-2-2-2-1-1-0,2,33,0.21196794897216495,0.10720683520429947,30
3,0-0-1-2-2-2-2-1-1-1,2,32,0.31731482848148507,0.1683049428826057,30
3,0-0-1-2-2-2-2-1-1-2,2,32,0.23934254133586677,0.1719244183025321,30
3,0-0-1-2-2-2-2-1-2-0,1,31,0.12294896454282284,0.1266614257696715,30
3,0-0-1-2-2-2-2-1-2-1,1,30,0.23934254133586677,0.16974639912510864,30
3,0-0-1-2-2-2-2-1-2-2,1,30,0.2026345808483989,0.19537231615151845,30
3,0-0-1-2-2-2-2-2-0-0,1,33,0.0664201226423071,0.13392919020901622,30
3,0-0-1-2-2-2-2-2-0-1,1,32,0.10168748289712576,0.144627187617834,30
3,0-0-1-2-2-2-2-2-0-2,1,32,0.16070468746950117,0.19408092595975812,30
3,0-0-1-2-2-2-2-2-1-0,2,33,0.10168748289712576,0.14116326688145586,30
3,0-0-1-2-2-2-2-2-1-1,2,32,0.20844381786876257,0.17615934098811725,30
3,0-0-1-2-2-2-2-2-1-2,2,32,0.21294269847217917,0.20909321077992962,30
3,0-0-1-2-2-2-2-2-2-0,1,31,0.16070468746950117,0.18526434281102366,30
3,0-0-1-2-2-2-2-2-2-1,1,30,0.21294269847217917,0.20338484990692515,30
3,0-0-1-2-2-2-2-2-2-2,1,30,0.27280053152649736,0.24935577924138044,30
3,0-1-0-0-0-0-0-0-0-2,3,28,0.8414161329986567,1.1020451233495023,30
3,0-1-0-0-0-0-0-0-1-2,1,26,0.7651854939155367,1.0548052106286512,30
3,0-1-0-0-0-0-0-0-2-0,1,26,0.8414161329986567,1.1108801692766581,30
3,0-1-0-0-0-0-0-0-2-1,1,27,0.7651854939155367,1.05617249046242,30
3,0-1-0-0-0-0-0-0-2-2,1,26,0.7287999046456625,1.0483462227172293,30
3,0-1-0-0-0-0-0-1-0-2,3,30,0.7203891537817187,1.0357880021431842,30
3,0-1-0-0-0-0-0-1-1-2,1,28,0.6646712571043837,0.9903602179973576,30
3,0-1-0-0-0-0-0-1-2-0,1,28,0.7203891537817187,1.044798008211419,30
3,0-1-0-0-0-0-0-1-2-1,1,28,0.6646712571043837,0.9922221841134915,30
3,0-1-0-0-0-0-0-1-2-2,1,28,0.6039689834589764,0.9809720347386908,30
3,0-1-0-0-0-0-0-2-0-0,3,28,0.7662070624646796,1.0887591431794532,30
3,0-1-0-0-0-0-0-2-0-1,3,29,0.6882302790347936,1.0336864750549477,30
3,0-1-0-0-0-0-0-2-0-2,3,28,0.6544931635046153,1.0265003066364022,30
3,0-1-0-0-0-0-0-2-1-0,1,26,0.6882302790347936,1.0413296903719136,30
3,0-1-0-0-0-0-0-2-1-1,1,27,0.6224374192908751,0.9877265972916052,30
3,0-1-0-0-0-0-0-2-1-2,1,26,0.57318307743307,0.9781290593598049,30
3,0-1-0-0-0-0-0-2-2-0,1,26,0.6544931635046153,1.0352022836569041,30
3,0-1-0-0-0-0-0-2-2-1,1,27,0.57318307743307,0.9791922946946612,30
3,0-1-0-0-0-0-0-2-2-2,1,26,0.5448202539566817,0.9736915455362452,30
3,0-1-0-0-0-0-1-0-0-2,3,28,0.7651854939155367,1.0546515317992102,30
3,0-1-0-0-0-0-1-0-1-2,1,26,0.7001545121405219,1.0086656361849395,30
3,0-1-0-0-0-0-1-0-2-0,1,26,0.7651854939155367,1.0636109279488504,30
3,0-1-0-0-0-0-1-0-2-1,1,29,0.7001545121405219,1.0103789422432194,30
3,0-1-0-0-0-0-1-0-2-2,1,26,0.6498206806586615,1.0001595718309106,30
3,0-1-0-0-0-0-1-1-0-2,3,30,0.6646712571043837,0.9902129188502091,30
3,0-1-0-0-0-0-1-1-1-2,1,28,0.6259352975337956,0.9463002347505104,30
3,0-1-0-0-0-0-1-1-2-0,1,28,0.6646712571043837,0.9993471734931302,30
3,0-1-0-0-0-0-1-1-2-1,1,30,0.6259352975337956,0.9485507786154445,30
3,0-1-0-0-0-0-1-1-2-2,1,28,0.5488130509441804,0.9345982768146736,30
3,0-1-0-0-0-0-1-2-0-0,3,28,0.6882302790347936,1.0411753840868831,30
3,0-1-0-0-0-0-1-2-0-1,3,31,0.6224374192908751,0.9875774698938778,30
3,0-1-0-0-0-0-1-2-0-2,3,28,0.57318307743307,0.9779716248315535,30
3,0-1-0-0-0-0-1-2-1-0,1,26,0.6224374192908751,0.9949990785144942,30
3,0-1-0-0-0-0-1-2-1-1,1,29,0.5730406045214232,0.9430860485399718,30
3,0-1-0-0-0-0-1-2-1-2,1,26,0.505861788417181,0.9308426343040768,30
3,0-1-0-0-0-0-1-2-2-0,1,26,0.57318307743307,0.986811250174819,30
3,0-1-0-0-0-0-1-2-2-1,1,29,0.505861788417181,0.9322671543776354,30
3,0-1-0-0-0-0-1-2-2-2,1,26,0.4589079788744122,0.9242855684859038,30
3,0-1-0-0-0-0-2-0-0-0,3,28,0.8414161329986567,1.110702048512955,30
3,0-1-0-0-0-0-2-0-0-1,3,29,0.7651854939155367,1.055991479852701,30
3,0-1-0-0-0-0-2-0-0-2,3,31,0.7287999046456625,1.0481702459193154,30
3,0-1-0-0-0-0-2-0-1-0,1,26,0.7651854939155367,1.0635835937090488,30
3,0-1-0-0-0-0-2-0-1-1,1,27,0.7001545121405219,1.0103435434792458,30
3,0-1-0-0-0-0-2-0-1-2,1,29,0.6498206806586615,1.0001371954452045,30
3,0-1-0-0-0-0-2-0-2-0,1,26,0.7287999046456625,1.05691355979968,30
3,0-1-0-0-0-0-2-0-2-1,1,27,0.6498206806586615,1.0012930454593771,30
3,0-1-0-0-0-0-2-0-2-2,1,29,0.6176546467859352,0.9950844923124048,30
3,0-1-0-0-0-0-2-1-0-0,3,30,0.7203891537817187,1.0446163837006348,30
3,0-1-0-0-0-0-2-1-0-1,3,30,0.6646712571043837,0.9920376805410971,30
3,0-1-0-0-0-0-2-1-0-2,3,33,0.6039689834589764,0.9807922388247922,30
3,0-1-0-0-0-0-2-1-1-0,1,28,0.6646712571043837,0.99930996536062,30
3,0-1-0-0-0-0-2-1-1-1,1,28,0.6259352975337956,0.9485045215912955,30
3,0-1-0-0-0-0-2-1-1-2,1,31,0.5488130509441804,0.9345656523532525,30
3,0-1-0-0-0-0-2-1-2-0,1,28,0.6039689834589764,0.9897240121275651,30
3,0-1-0-0-0-0-2-1-2-1,1,28,0.5488130509441804,0.9362326183944418,30
3,0-1-0-0-0-0-2-1-2-2,1,31,0.48762311534443936,0.9265034791718605,30
3,0-1-0-0-0-0-2-2-0-0,3,28,0.6544931635046153,1.0350268113803713,30
3,0-1-0-0-0-0-2-2-0-1,3,29,0.57318307743307,0.9790136199309557,30
3,0-1-0-0-0-0-2-2-0-2,3,31,0.5448202539566817,0.9735187361847986,30
3,0-1-0-0-0-0-2-2-1-0,1,26,0.57318307743307,0.9867900076920796,30
3,0-1-0-0-0-0-2-2-1-1,1,27,0.505861788417181,0.9322374896492581,30
3,0-1-0-0-0-0-2-2-1-2,1,29,0.4589079788744122,0.9242701302940738,30
3,0-1-0-0-0-0-2-2-2-0,1,26,0.5448202539566817,0.9821067814300267,30
3,0-1-0-0-0-0-2-2-2-1,1,27,0.4589079788744122,0.9250856300425395,30
3,0-1-0-0-0-0-2-2-2-2,1,29,0.4387216506079745,0.9214754525487897,30
3,0-1-0-0-0-1-0-0-0-2,3,27,0.7651854939155367,1.0496367004307667,30
3,0-1-0-0-0-1-0-0-1-2,1,25,0.7001545121405219,1.0037956190942205,30
3,0-1-0-0-0-1-0-0-2-0,1,25,0.7651854939155367,1.0586094949104472,30
3,0-1-0-0-0-1-0-0-2-1,1,26,0.7001545121405219,1.0055478004169354,30
3,0-1-0-0-0-1-0-0-2-2,1,25,0.6498206806586615,0.995059035160007,30
3,0-1-0-0-0-1-0-1-0-2,3,29,0.6646712571043837,0.9854081403565587,30
3,0-1-0-0-0-1-0-1-1-2,1,27,0.6259352975337956,0.9416706656998535,30
3,0-1-0-0-0-1-0-1-2-0,1,27,0.6646712571043837,0.99455560874664,30
3,0-1-0-0-0-1-0-1-2-1,1,27,0.6259352975337956,0.9439648196120075,30
3,0-1-0-0-0-1-0-1-2-2,1,27,0.5488130509441804,0.9297082781237802,30
3,0-1-0-0-0-1-0-2-0-0,3,27,0.6882302790347936,1.0361400420098512,30
3,0-1-0-0-0-1-0-2-0-1,3,28,0.6224374192908751,0.9827126643135179,30
3,0-1-0-0-0-1-0-2-0-2,3,27,0.57318307743307,0.972833985256278,30
3,0-1-0-0-0-1-0-2-1-0,1,25,0.6224374192908751,0.9901086316157504,30
3,0-1-0-0-0-1-0-2-1-1,1,26,0.5730406045214232,0.9383912544554813,30
3,0-1-0-0-0-1-0-2-1-2,1,25,0.505861788417181,0.9258495577898769,30
3,0-1-0-0-0-1-0-2-2-0,1,25,0.57318307743307,0.9816885527819416,30
3,0-1-0-0-0-1-0-2-2-1,1,26,0.505861788417181,0.9273149053344074,30
3,0-1-0-0-0-1-0-2-2-2,1,25,0.4589079788744122,0.9190523602978563,30
3,0-1-0-0-0-1-1-0-0-2,3,27,0.7001545121405219,1.0036468641277105,30
3,0-1-0-0-0-1-1-0-1-2,1,25,0.649695013976804,0.9592608631222088,30
3,0-1-0-0-0-1-1-0-2-0,1,25,0.7001545121405219,1.0127442636859667,30
3,0-1-0-0-0-1-1-0-2-1,1,28,0.649695013976804,0.9613922620847715,30
3,0-1-0-0-0-1-1-0-2-2,1,25,0.5835788743224553,0.9482696215988741,30
3,0-1-0-0-0-1-1-1-0-2,3,29,0.6259352975337956,0.9415293238711436,30
3,0-1-0-0-0-1-1-1-1-2,1,27,0.607438789443298,0.8995542456633182,30
3,0-1-0-0-0-1-1-1-2-0,1,27,0.6259352975337956,0.9507976543143968,30
3,0-1-0-0-0-1-1-1-2-1,1,29,0.607438789443298,0.9022730867006661,30
3,0-1-0-0-0-1-1-1-2-2,1,27,0.514580184554816,0.8850472946976748,30
3,0-1-0-0-0-1-1-2-0-0,3,27,0.6224374192908751,0.9899592519805993,30
3,0-1-0-0-0-1-1-2-0-1,3,30,0.5730406045214232,0.938247907691162,30
3,0-1-0-0-0-1-1-2-0-2,3,27,0.505861788417181,0.925697038817157,30
3,0-1-0-0-0-1-1-2-1-0,1,25,0.5730406045214232,0.9453857254839636,30
3,0-1-0-0-0-1-1-2-1-1,1,28,0.5445204288827831,0.8956388980756791,30
3,0-1-0-0-0-1-1-2-1-2,1,25,0.4587300156401709,0.8801774719270916,30
3,0-1-0-0-0-1-1-2-2-0,1,25,0.505861788417181,0.9346916686268378,30
3,0-1-0-0-0-1-1-2-2-1,1,28,0.4587300156401709,0.8820435681708347,30
3,0-1-0-0-0-1-1-2-2-2,1,25,0.3892861756746461,0.8710162183253586,30
3,0-1-0-0-0-1-2-0-0-0,3,27,0.7651854939155367,1.0584286153043463,30
3,0-1-0-0-0-1-2-0-0-1,3,28,0.7001545121405219,1.0053640314518066,30
3,0-1-0-0-0-1-2-0-0-2,3,30,0.6498206806586615,0.9948800561376356,30
3,0-1-0-0-0-1-2-0-1-0,1,25,0.7001545121405219,1.01270924627056,30
3,0-1-0-0-0-1-2-0-1-1,1,26,0.649695013976804,0.9613484121879852,30
3,0-1-0-0-0-1-2-0-1-2,1,28,0.5835788743224553,0.9482392814756702,30
3,0-1-0-0-0-1-2-0-2-0,1,25,0.6498206806586615,1.0037715366496238,30
3,0-1-0-0-0-1-2-0-2-1,1,26,0.5835788743224553,0.9497923588217378,30
3,0-1-0-0-0-1-2-0-2-2,1,28,0.5349810870191833,0.9408493717305748,30
3,0-1-0-0-0-1-2-1-0-0,3,29,0.6646712571043837,0.99437123395864,30
3,0-1-0-0-0-1-2-1-0-1,3,29,0.6259352975337956,0.943777653122454,30
3,0-1-0-0-0-1-2-1-0-2,3,32,0.5488130509441804,0.9295254413480301,30
3,0-1-0-0-0-1-2-1-1-0,1,27,0.6259352975337956,0.9507518247409833,30
3,0-1-0-0-0-1-2-1-1-1,1,27,0.607438789443298,0.9022173740012598,30
3,0-1-0-0-0-1-2-1-1-2,1,30,0.514580184554816,0.8850056228541102,30
3,0-1-0-0-0-1-2-1-2-0,1,27,0.5488130509441804,0.9386071136454459,30
3,0-1-0-0-0-1-2-1-2-1,1,27,0.514580184554816,0.8871234110545131,30
3,0-1-0-0-0-1-2-1-2-2,1,30,0.4333398427287941,0.8742721310136667,30
3,0-1-0-0-0-1-2-2-0-0,3,27,0.57318307743307,0.9815100242751661,30
3,0-1-0-0-0-1-2-2-0-1,3,28,0.505861788417181,0.9271331255963533,30
3,0-1-0-0-0-1-2-2-0-2,3,30,0.4589079788744122,0.9188762298182122,30
3,0-1-0-0-0-1-2-2-1-0,1,25,0.505861788417181,0.9346624044584132,30
3,0-1-0-0-0-1-2-2-1-1,1,26,0.4587300156401709,0.8820049689349431,30
3,0-1-0-0-0-1-2-2-1-2,1,28,0.3892861756746461,0.8709924990070452,30
3,0-1-0-0-0-1-2-2-2-0,1,25,0.4589079788744122,0.9276282064397243,30
3,0-1-0-0-0-1-2-2-2-1,1,26,0.3892861756746461,0.872221599855373,30
3,0-1-0-0-0-1-2-2-2-2,1,28,0.34617047164246956,0.8657890836961363,30
3,0-1-0-0-0-2-0-0-0-0,3,27,0.8414161329986567,1.104884024744075,30
3,0-1-0-0-0-2-0-0-0-1,3,28,0.7651854939155367,1.0500786307470145,30
3,0-1-0-0-0-2-0-0-0-2,3,27,0.7287999046456625,1.0424228735627505,30
3,0-1-0-0-0-2-0-0-1-0,1,25,0.7651854939155367,1.057684117936283,30
3,0-1-0-0-0-2-0-0-1-1,1,26,0.7001545121405219,1.0043491255753811,30
3,0-1-0-0-0-2-0-0-1-2,1,25,0.6498206806586615,0.9943012408586593,30
3,0-1-0-0-0-2-0-0-2-0,1,25,0.7287999046456625,1.0511554929599314,30
3,0-1-0-0-0-2-0-0-2-1,1,26,0.6498206806586615,0.9954329801864892,30
3,0-1-0-0-0-2-0-0-2-2,1,25,0.6176546467859352,0.9894087424641616,30
3,0-1-0-0-0-2-0-1-0-0,3,29,0.7203891537817187,1.0386833835143217,30
3,0-1-0-0-0-2-0-1-0-1,3,29,0.6646712571043837,0.9860101416175007,30
3,0-1-0-0-0-2-0-1-0-2,3,29,0.6039689834589764,0.9749195418927596,30
3,0-1-0-0-0-2-0-1-1-0,1,27,0.6646712571043837,0.9932956024899224,30
3,0-1-0-0-0-2-0-1-1-1,1,27,0.6259352975337956,0.9423980221764812,30
3,0-1-0-0-0-2-0-1-1-2,1,27,0.5488130509441804,0.928603048103821,30
3,0-1-0-0-0-2-0-1-2-0,1,27,0.6039689834589764,0.9838421276823156,30
3,0-1-0-0-0-2-0-1-2-1,1,27,0.5488130509441804,0.9302476473673721,30
3,0-1-0-0-0-2-0-1-2-2,1,27,0.48762311534443936,0.9206928501246309,30
3,0-1-0-0-0-2-0-2-0-0,3,27,0.6544931635046153,1.0292960686305777,30
3,0-1-0-0-0-2-0-2-0-1,3,28,0.57318307743307,0.9731777958311083,30
3,0-1-0-0-0-2-0-2-0-2,3,27,0.5448202539566817,0.9678757883413888,30
3,0-1-0-0-0-2-0-2-1-0,1,25,0.57318307743307,0.9809691029114455,30
3,0-1-0-0-0-2-0-2-1-1,1,26,0.505861788417181,0.9263099137760207,30
3,0-1-0-0-0-2-0-2-1-2,1,25,0.4589079788744122,0.9185292867798219,30
3,0-1-0-0-0-2-0-2-2-0,1,25,0.5448202539566817,0.9764504885966337,30
3,0-1-0-0-0-2-0-2-2-1,1,26,0.4589079788744122,0.9193164347096144,30
3,0-1-0-0-0-2-0-2-2-2,1,25,0.4387216506079745,0.9159223501652463,30
3,0-1-0-0-0-2-1-0-0-0,3,27,0.7651854939155367,1.0575305714542427,30
3,0-1-0-0-0-2-1-0-0-1,3,30,0.7001545121405219,1.0042007538017752,30
3,0-1-0-0-0-2-1-0-0-2,3,27,0.6498206806586615,0.9941446371790785,30
3,0-1-0-0-0-2-1-0-1-0,1,25,0.7001545121405219,1.0115848102770917,30
3,0-1-0-0-0-2-1-0-1-1,1,28,0.649695013976804,0.9599359993518202,30
3,0-1-0-0-0-2-1-0-1-2,1,25,0.5835788743224553,0.9472692349597263,30
3,0-1-0-0-0-2-1-0-2-0,1,25,0.6498206806586615,1.0030119832868474,30
3,0-1-0-0-0-2-1-0-2-1,1,28,0.5835788743224553,0.9487590885145673,30
3,0-1-0-0-0-2-1-0-2-2,1,25,0.5349810870191833,0.9402716303181339,30
3,0-1-0-0-0-2-1-1-0-0,3,29,0.6646712571043837,0.9931484341529782,30
3,0-1-0-0-0-2-1-1-0-1,3,31,0.6259352975337956,0.9422571104550893,30
3,0-1-0-0-0-2-1-1-0-2,3,29,0.5488130509441804,0.928452834082362,30
3,0-1-0-0-0-2-1-1-1-0,1,27,0.6259352975337956,0.9492748435624877,30
3,0-1-0-0-0-2-1-1-1-1,1,29,0.607438789443298,0.900417918888651,30
3,0-1-0-0-0-2-1-1-1-2,1,27,0.514580184554816,0.8836662868537558,30
3,0-1-0-0-0-2-1-1-2-0,1,27,0.5488130509441804,0.9375121013009516,30
3,0-1-0-0-0-2-1-1-2-1,1,29,0.514580184554816,0.8857178529727449,30
3,0-1-0-0-0-2-1-1-2-2,1,27,0.4333398427287941,0.8733469202059997,30
3,0-1-0-0-0-2-1-2-0-0,3,27,0.57318307743307,0.9808118158684035,30
3,0-1-0-0-0-2-1-2-0-1,3,30,0.505861788417181,0.9261577971956315,30
3,0-1-0-0-0-2-1-2-0-2,3,27,0.4589079788744122,0.9183685936407048,30
3,0-1-0-0-0-2-1-2-1-0,1,25,0.505861788417181,0.9337278702805293,30
3,0-1-0-0-0-2-1-2-1-1,1,28,0.4587300156401709,0.8807662760291879,30
3,0-1-0-0-0-2-1-2-1-2,1,25,0.3892861756746461,0.8702409530833425,30
3,0-1-0-0-0-2-1-2-2-0,1,25,0.4589079788744122,0.9270921986193306,30
3,0-1-0-0-0-2-1-2-2-1,1,28,0.3892861756746461,0.8714005490853644,30
3,0-1-0-0-0-2-1-2-2-2,1,25,0.34617047164246956,0.8654675328814342,30
3,0-1-0-0-0-2-2-0-0-0,3,27,0.7287999046456625,1.0509794109601505,30
3,0-1-0-0-0-2-2-0-0-1,3,28,0.6498206806586615,0.9952537645035224,30
3,0-1-0-0-0-2-2-0-0-2,3,30,0.6176546467859352,0.9892352011595419,30
3,0-1-0-0-0-2-2-0-1-0,1,25,0.6498206806586615,1.0029893689733904,30
3,0-1-0-0-0-2-2-0-1-1,1,26,0.5835788743224553,0.9487281264210781,30
3,0-1-0-0-0-2-2-0-1-2,1,28,0.5349810870191833,0.940254625232397,30
3,0-1-0-0-0-2-2-0-2-0,1,25,0.6176546467859352,0.9978591173759609,30
3,0-1-0-0-0-2-2-0-2-1,1,26,0.5349810870191833,0.941147000565204,30
3,0-1-0-0-0-2-2-0-2-2,1,28,0.5089449812353085,0.936950601245267,30
3,0-1-0-0-0-2-2-1-0-0,3,29,0.6039689834589764,0.9836622413914645,30
3,0-1-0-0-0-2-2-1-0-1,3,29,0.5488130509441804,0.930064591414227,30
3,0-1-0-0-0-2-2-1-0-2,3,32,0.48762311534443936,0.9205151649341617,30
3,0-1-0-0-0-2-2-1-1-0,1,27,0.5488130509441804,0.9374792556040086,30
3,0-1-0-0-0-2-2-1-1-1,1,27,0.514580184554816,0.8856755296628674,30
3,0-1-0-0-0-2-2-1-1-2,1,30,0.4333398427287941,0.8733193250287056,30
3,0-1-0-0-0-2-2-1-2-0,1,27,0.48762311534443936,0.9293435854279092,30
3,0-1-0-0-0-2-2-1-2-1,1,27,0.4333398427287941,0.8747403979955969,30
3,0-1-0-0-0-2-2-1-2-2,1,30,0.37142138037488115,0.8669263599654874,30
3,0-1-0-0-0-2-2-2-0-0,3,27,0.5448202539566817,0.9762775479708238,30
3,0-1-0-0-0-2-2-2-0-1,3,28,0.4589079788744122,0.9191400257586898,30
3,0-1-0-0-0-2-2-2-0-2,3,30,0.4387216506079745,0.915752596059593,30
3,0-1-0-0-0-2-2-2-1-0,1,25,0.4589079788744122,0.927076480907565,30
3,0-1-0-0-0-2-2-2-1-1,1,26,0.3892861756746461,0.8713761460036858,30
3,0-1-0-0-0-2-2-2-1-2,1,28,0.34617047164246956,0.8654584293980707,30
3,0-1-0-0-0-2-2-2-2-0,1,25,0.4387216506079745,0.9241909673207055,30
3,0-1-0-0-0-2-2-2-2-1,1,26,0.34617047164246956,0.8659630508302317,30
3,0-1-0-0-0-2-2-2-2-2,1,28,0.33956447671475704,0.8647190067806202,30
3,0-1-0-0-1-0-0-0-0-2,3,28,0.8414161329986567,0.9420449577830476,30
3,0-1-0-0-1-0-0-0-1-2,1,27,0.7651854939155367,0.900047305888851,30
3,0-1-0-0-1-0-0-0-2-0,1,26,0.8414161329986567,0.951311871795833,30
3,0-1-0-0-1-0-0-0-2-1,1,27,0.7651854939155367,0.9027608607690651,30
3,0-1-0-0-1-0-0-0-2-2,1,26,0.7287999046456625,0.8855721242297079,30
3,0-1-0-0-1-0-0-1-0-2,3,30,0.7203891537817187,0.8833933267288326,30
3,0-1-0-0-1-0-0-1-1-2,1,29,0.6646712571043837,0.84431405152314,30
3,0-1-0-0-1-0-0-1-2-0,1,28,0.7203891537817187,0.8928180893268932,30
3,0-1-0-0-1-0-0-1-2-1,1,28,0.6646712571043837,0.8476812139673036,30
3,0-1-0-0-1-0-0-1-2-2,1,28,0.6039689834589764,0.8258910661859847,30
3,0-1-0-0-1-0-0-2-0-0,3,28,0.7662070624646796,0.9280969403639,30
3,0-1-0-0-1-0-0-2-0-1,3,29,0.6882302790347936,0.8792112958594518,30
3,0-1-0-0-1-0-0-2-0-2,3,28,0.6544931635046153,0.8625189829680749,30
3,0-1-0-0-1-0-0-2-1-0,1,27,0.6882302790347936,0.885923729667753,30
3,0-1-0-0-1-0-0-2-1-1,1,28,0.6224374192908751,0.8394250871489174,30
3,0-1-0-0-1-0-0-2-1-2,1,27,0.57318307743307,0.8194500870108762,30
3,0-1-0-0-1-0-0-2-2-0,1,26,0.6544931635046153,0.8717076131855425,30
3,0-1-0-0-1-0-0-2-2-1,1,27,0.57318307743307,0.8219399369698007,30
3,0-1-0-0-1-0-0-2-2-2,1,26,0.5448202539566817,0.8065818484478846,30
3,0-1-0-0-1-0-1-0-0-2,3,28,0.7651854939155367,0.8999120988266641,30
3,0-1-0-0-1-0-1-0-1-2,1,27,0.7001545121405219,0.8599326541020182,30
3,0-1-0-0-1-0-1-0-2-0,1,26,0.7651854939155367,0.9092933610677677,30
3,0-1-0-0-1-0-1-0-2-1,1,29,0.7001545121405219,0.8631043578603852,30
3,0-1-0-0-1-0-1-0-2-2,1,26,0.6498206806586615,0.8426945099823377,30
3,0-1-0-0-1-0-1-1-0-2,3,30,0.6646712571043837,0.8441891331243626,30
3,0-1-0-0-1-0-1-1-1-2,1,29,0.6259352975337956,0.8075541306925895,30
3,0-1-0-0-1-0-1-1-2-0,1,28,0.6646712571043837,0.8537111451408091,30
3,0-1-0-0-1-0-1-1-2-1,1,30,0.6259352975337956,0.8114270398379928,30
3,0-1-0-0-1-0-1-1-2-2,1,28,0.5488130509441804,0.7860474176495712,30
3,0-1-0-0-1-0-1-2-0-0,3,28,0.6882302790347936,0.8857879671719363,30
3,0-1-0-0-1-0-1-2-0-1,3,31,0.6224374192908751,0.8392977520519603,30
3,0-1-0-0-1-0-1-2-0-2,3,28,0.57318307743307,0.81931147858032,30
3,0-1-0-0-1-0-1-2-1-0,1,27,0.6224374192908751,0.8456495612753525,30
3,0-1-0-0-1-0-1-2-1-1,1,29,0.5730406045214232,0.8019031265624296,30
3,0-1-0-0-1-0-1-2-1-2,1,27,0.505861788417181,0.7783551128362528,30
3,0-1-0-0-1-0-1-2-2-0,1,26,0.57318307743307,0.8286335268204529,30
3,0-1-0-0-1-0-1-2-2-1,1,29,0.505861788417181,0.7813427165015652,30
3,0-1-0-0-1-0-1-2-2-2,1,26,0.4589079788744122,0.7625021626266396,30
3,0-1-0-0-1-0-2-0-0-0,3,28,0.8414161329986567,0.9511251091777113,30
3,0-1-0-0-1-0-2-0-0-1,3,29,0.7651854939155367,0.9025714672303209,30
3,0-1-0-0-1-0-2-0-0-2,3,31,0.7287999046456625,0.885386613162677,30
3,0-1-0-0-1-0-2-0-1-0,1,27,0.7651854939155367,0.9092391684407767,30
3,0-1-0-0-1-0-2-0-1-1,1,28,0.7001545121405219,0.8630395099121342,30
3,0-1-0-0-1-0-2-0-1-2,1,30,0.6498206806586615,0.8426439769751506,30
3,0-1-0-0-1-0-2-0-2-0,1,26,0.7287999046456625,0.894599989697664,30
3,0-1-0-0-1-0-2-0-2-1,1,27,0.6498206806586615,0.8452029027182181,30
3,0-1-0-0-1-0-2-0-2-2,1,29,0.6176546467859352,0.8292796109388826,30
3,0-1-0-0-1-0-2-1-0-0,3,30,0.7203891537817187,0.8926281743102508,30
3,0-1-0-0-1-0-2-1-0-1,3,30,0.6646712571043837,0.847489081516321,30
3,0-1-0-0-1-0-2-1-0-2,3,33,0.6039689834589764,0.8257019691240216,30
3,0-1-0-0-1-0-2-1-1-0,1,29,0.6646712571043837,0.8536439229726196,30
3,0-1-0-0-1-0-2-1-1-1,1,29,0.6259352975337956,0.8113480652824232,30
3,0-1-0-0-1-0-2-1-1-2,1,32,0.5488130509441804,0.7859829238076231,30
3,0-1-0-0-1-0-2-1-2-0,1,28,0.6039689834589764,0.8350917462169853,30
3,0-1-0-0-1-0-2-1-2-1,1,28,0.5488130509441804,0.7892359820503121,30
3,0-1-0-0-1-0-2-1-2-2,1,31,0.48762311534443936,0.7684412527546204,30
3,0-1-0-0-1-0-2-2-0-0,3,28,0.6544931635046153,0.8715224041200935,30
3,0-1-0-0-1-0-2-2-0-1,3,29,0.57318307743307,0.821751655804064,30
3,0-1-0-0-1-0-2-2-0-2,3,31,0.5448202539566817,0.8063982811921016,30
3,0-1-0-0-1-0-2-2-1-0,1,27,0.57318307743307,0.8285838471575249,30
3,0-1-0-0-1-0-2-2-1-1,1,28,0.505861788417181,0.7812814632360987,30
3,0-1-0-0-1-0-2-2-1-2,1,30,0.4589079788744122,0.7624569521244681,30
3,0-1-0-0-1-0-2-2-2-0,1,26,0.5448202539566817,0.8155166869409148,30
3,0-1-0-0-1-0-2-2-2-1,1,27,0.4589079788744122,0.7647577882302341,30
3,0-1-0-0-1-0-2-2-2-2,1,29,0.4387216506079745,0.7509456730003277,30
3,0-1-0-0-1-1-0-0-0-2,3,27,0.7651854939155367,0.8955055057695428,30
3,0-1-0-0-1-1-0-0-1-2,1,26,0.7001545121405219,0.8557595601379562,30
3,0-1-0-0-1-1-0-0-2-0,1,25,0.7651854939155367,0.9048984744314919,30
3,0-1-0-0-1-1-0-0-2-1,1,26,0.7001545121405219,0.8589824680612429,30
3,0-1-0-0-1-1-0-0-2-2,1,25,0.6498206806586615,0.8382113858491378,30
3,0-1-0-0-1-1-0-1-0-2,3,29,0.6646712571043837,0.8401213286142484,30
3,0-1-0-0-1-1-0-1-1-2,1,28,0.6259352975337956,0.8037687218557243,30
3,0-1-0-0-1-1-0-1-2-0,1,27,0.6646712571043837,0.8496527413846844,30
3,0-1-0-0-1-1-0-1-2-1,1,27,0.6259352975337956,0.807697850633266,30
3,0-1-0-0-1-1-0-1-2-2,1,27,0.5488130509441804,0.781917554518808,30
3,0-1-0-0-1-1-0-2-0-0,3,27,0.6882302790347936,0.8813633217342807,30
3,0-1-0-0-1-1-0-2-0-1,3,28,0.6224374192908751,0.8351506535014147,30
3,0-1-0-0-1-1-0-2-0-2,3,27,0.57318307743307,0.8147942922674412,30
3,0-1-0-0-1-1-0-2-1-0,1,26,0.6224374192908751,0.8414606898273406,30
3,0-1-0-0-1-1-0-2-1-1,1,27,0.5730406045214232,0.7980328638361832,30
3,0-1-0-0-1-1-0-2-1-2,1,26,0.505861788417181,0.7740846538874672,30
3,0-1-0-0-1-1-0-2-2-0,1,25,0.57318307743307,0.8241301285880784,30
3,0-1-0-0-1-1-0-2-2-1,1,26,0.505861788417181,0.7771282410504836,30
3,0-1-0-0-1-1-0-2-2-2,1,25,0.4589079788744122,0.7578944205839223,30
3,0-1-0-0-1-1-1-0-0-2,3,27,0.7001545121405219,0.8556322921371726,30
3,0-1-0-0-1-1-1-0-1-2,1,26,0.649695013976804,0.818233992739773,30
3,0-1-0-0-1-1-1-0-2-0,1,25,0.7001545121405219,0.8651270504641889,30
3,0-1-0-0-1-1-1-0-2-1,1,28,0.649695013976804,0.8219527155572078,30
3,0-1-0-0-1-1-1-0-2-2,1,25,0.5835788743224553,0.7976702342841855,30
3,0-1-0-0-1-1-1-1-0-2,3,29,0.6259352975337956,0.80365340472308,30
3,0-1-0-0-1-1-1-1-1-2,1,28,0.607438789443298,0.7701331313396593,30
3,0-1-0-0-1-1-1-1-2-0,1,27,0.6259352975337956,0.8132599738121978,30
3,0-1-0-0-1-1-1-1-2-1,1,29,0.607438789443298,0.7746028942232035,30
3,0-1-0-0-1-1-1-1-2-2,1,27,0.514580184554816,0.7449516608523064,30
3,0-1-0-0-1-1-1-2-0-0,3,27,0.6224374192908751,0.8413329438019433,30
3,0-1-0-0-1-1-1-2-0-1,3,30,0.5730406045214232,0.7979149411000256,30
3,0-1-0-0-1-1-1-2-0-2,3,27,0.505861788417181,0.7739544347175668,30
3,0-1-0-0-1-1-1-2-1-0,1,26,0.5730406045214232,0.803804605346149,30
3,0-1-0-0-1-1-1-2-1-1,1,28,0.5445204288827831,0.763579743427242,30
3,0-1-0-0-1-1-1-2-1-2,1,26,0.4587300156401709,0.7357504422795023,30
3,0-1-0-0-1-1-1-2-2-0,1,25,0.505861788417181,0.7834112924167416,30
3,0-1-0-0-1-1-1-2-2-1,1,28,0.4587300156401709,0.7393395086403426,30
3,0-1-0-0-1-1-1-2-2-2,1,25,0.3892861756746461,0.7162559932532048,30
3,0-1-0-0-1-1-2-0-0-0,3,27,0.7651854939155367,0.9047091940611901,30
3,0-1-0-0-1-1-2-0-0-1,3,28,0.7001545121405219,0.8587908610716346,30
3,0-1-0-0-1-1-2-0-0-2,3,30,0.6498206806586615,0.8380230162852785,30
3,0-1-0-0-1-1-2-0-1-0,1,26,0.7001545121405219,0.8650627037897537,30
3,0-1-0-0-1-1-2-0-1-1,1,27,0.649695013976804,0.8218768452888011,30
3,0-1-0-0-1-1-2-0-1-2,1,29,0.5835788743224553,0.7976088367986702,30
3,0-1-0-0-1-1-2-0-2-0,1,25,0.6498206806586615,0.8473770269796734,30
3,0-1-0-0-1-1-2-0-2-1,1,26,0.5835788743224553,0.8007080417608419,30
3,0-1-0-0-1-1-2-0-2-2,1,28,0.5349810870191833,0.7809972637278952,30
3,0-1-0-0-1-1-2-1-0-0,3,29,0.6646712571043837,0.8494606987891914,30
3,0-1-0-0-1-1-2-1-0-1,3,29,0.6259352975337956,0.8075041186245914,30
3,0-1-0-0-1-1-2-1-0-2,3,32,0.5488130509441804,0.7817259952028729,30
3,0-1-0-0-1-1-2-1-1-0,1,28,0.6259352975337956,0.813181549221134,30
3,0-1-0-0-1-1-2-1-1-1,1,28,0.607438789443298,0.7745119139783854,30
3,0-1-0-0-1-1-2-1-1-2,1,31,0.514580184554816,0.7448750296717195,30
3,0-1-0-0-1-1-2-1-2-0,1,27,0.5488130509441804,0.7912367392822575,30
3,0-1-0-0-1-1-2-1-2-1,1,27,0.514580184554816,0.7487306093946852,30
3,0-1-0-0-1-1-2-1-2-2,1,30,0.4333398427287941,0.7236661388175083,30
3,0-1-0-0-1-1-2-2-0-0,3,27,0.57318307743307,0.8239419808129818,30
3,0-1-0-0-1-1-2-2-0-1,3,28,0.505861788417181,0.776937325510111,30
3,0-1-0-0-1-1-2-2-0-2,3,30,0.4589079788744122,0.7577074919241549,30
3,0-1-0-0-1-1-2-2-1-0,1,26,0.505861788417181,0.7833505870194689,30
3,0-1-0-0-1-1-2-2-1-1,1,27,0.4587300156401709,0.7392661309035143,30
3,0-1-0-0-1-1-2-2-1-2,1,29,0.3892861756746461,0.7161989407992592,30
3,0-1-0-0-1-1-2-2-2-0,1,25,0.4589079788744122,0.7669911898562807,30
3,0-1-0-0-1-1-2-2-2-1,1,26,0.3892861756746461,0.7190891672026481,30
3,0-1-0-0-1-1-2-2-2-2,1,28,0.34617047164246956,0.7011710140769141,30
3,0-1-0-0-1-2-0-0-0-0,3,27,0.8414161329986567,0.945023348290505,30
3,0-1-0-0-1-2-0-0-0-1,3,28,0.7651854939155367,0.8963832141614513,30
3,0-1-0-0-1-2-0-0-0-2,3,27,0.7287999046456625,0.8793261770276333,30
3,0-1-0-0-1-2-0-0-1-0,1,26,0.7651854939155367,0.9030625592374906,30
3,0-1-0-0-1-2-0-0-1-1,1,27,0.7001545121405219,0.8567851386463845,30
3,0-1-0-0-1-2-0-0-1-2,1,26,0.6498206806586615,0.836498599959774,30
3,0-1-0-0-1-2-0-0-2-0,1,25,0.7287999046456625,0.8885331884631876,30
3,0-1-0-0-1-2-0-0-2-1,1,26,0.6498206806586615,0.8390396235357637,30
3,0-1-0-0-1-2-0-0-2-2,1,25,0.6176546467859352,0.8232628218770206,30
3,0-1-0-0-1-2-0-1-0-0,3,29,0.7203891537817187,0.8864227702442623,30
3,0-1-0-0-1-2-0-1-0-1,3,29,0.6646712571043837,0.841210717353669,30
3,0-1-0-0-1-2-0-1-0-2,3,29,0.6039689834589764,0.8195235976973574,30
3,0-1-0-0-1-2-0-1-1-0,1,28,0.6646712571043837,0.8473748770331534,30
3,0-1-0-0-1-2-0-1-1-1,1,28,0.6259352975337956,0.8050213510849481,30
3,0-1-0-0-1-2-0-1-1-2,1,28,0.5488130509441804,0.7797309195155214,30
3,0-1-0-0-1-2-0-1-2-0,1,27,0.6039689834589764,0.8289091775112692,30
3,0-1-0-0-1-2-0-1-2-1,1,27,0.5488130509441804,0.7829706846311882,30
3,0-1-0-0-1-2-0-1-2-2,1,27,0.48762311534443936,0.7622919875154388,30
3,0-1-0-0-1-2-0-2-0-0,3,27,0.6544931635046153,0.8654719437668128,30
3,0-1-0-0-1-2-0-2-0-1,3,28,0.57318307743307,0.8156001630990487,30
3,0-1-0-0-1-2-0-2-0-2,3,27,0.5448202539566817,0.8004020788368094,30
3,0-1-0-0-1-2-0-2-1-0,1,26,0.57318307743307,0.8224460719697126,30
3,0-1-0-0-1-2-0-2-1-1,1,27,0.505861788417181,0.775051309263213,30
3,0-1-0-0-1-2-0-2-1-2,1,26,0.4589079788744122,0.7563609381131808,30
3,0-1-0-0-1-2-0-2-2-0,1,25,0.5448202539566817,0.8095120636352108,30
3,0-1-0-0-1-2-0-2-2-1,1,26,0.4589079788744122,0.7586397345360232,30
3,0-1-0-0-1-2-0-2-2-2,1,25,0.4387216506079745,0.7450078077592474,30
3,0-1-0-0-1-2-1-0-0-0,3,27,0.7651854939155367,0.9029274687049982,30
3,0-1-0-0-1-2-1-0-0-1,3,30,0.7001545121405219,0.8566583760852926,30
3,0-1-0-0-1-2-1-0-0-2,3,27,0.6498206806586615,0.8363607603261166,30
3,0-1-0-0-1-2-1-0-1-0,1,26,0.7001545121405219,0.8629813465234342,30
3,0-1-0-0-1-2-1-0-1-1,1,28,0.649695013976804,0.8194189490822115,30
3,0-1-0-0-1-2-1-0-1-2,1,26,0.5835788743224553,0.7956259404801508,30
3,0-1-0-0-1-2-1-0-2-0,1,25,0.6498206806586615,0.8456968007151762,30
3,0-1-0-0-1-2-1-0-2-1,1,28,0.5835788743224553,0.7986558478851953,30
3,0-1-0-0-1-2-1-0-2-2,1,25,0.5349810870191833,0.7794545762927241,30
3,0-1-0-0-1-2-1-1-0-0,3,29,0.6646712571043837,0.847250052924998,30
3,0-1-0-0-1-2-1-1-0-1,3,31,0.6259352975337956,0.8049065891912132,30
3,0-1-0-0-1-2-1-1-0-2,3,29,0.5488130509441804,0.7796038498084453,30
3,0-1-0-0-1-2-1-1-1-0,1,28,0.6259352975337956,0.8106401423713651,30
3,0-1-0-0-1-2-1-1-1-1,1,29,0.607438789443298,0.7715597550795459,30
3,0-1-0-0-1-2-1-1-1-2,1,28,0.514580184554816,0.7423944207258462,30
3,0-1-0-0-1-2-1-1-2-0,1,27,0.5488130509441804,0.789101207670991,30
3,0-1-0-0-1-2-1-1-2-1,1,29,0.514580184554816,0.7461804112519287,30
3,0-1-0-0-1-2-1-1-2-2,1,27,0.4333398427287941,0.7216337550967766,30
3,0-1-0-0-1-2-1-2-0-0,3,27,0.57318307743307,0.8223076007178604,30
3,0-1-0-0-1-2-1-2-0-1,3,30,0.505861788417181,0.774921642849722,30
3,0-1-0-0-1-2-1-2-0-2,3,27,0.4589079788744122,0.7562192165216208,30
3,0-1-0-0-1-2-1-2-1-0,1,26,0.505861788417181,0.7813907983027979,30
3,0-1-0-0-1-2-1-2-1-1,1,28,0.4587300156401709,0.7368923884281564,30
3,0-1-0-0-1-2-1-2-1-2,1,26,0.3892861756746461,0.7143611257317648,30
3,0-1-0-0-1-2-1-2-2-0,1,25,0.4589079788744122,0.7654807984092771,30
3,0-1-0-0-1-2-1-2-2-1,1,28,0.3892861756746461,0.7171730196668813,30
3,0-1-0-0-1-2-1-2-2-2,1,25,0.34617047164246956,0.6998311339630693,30
3,0-1-0-0-1-2-2-0-0-0,3,27,0.7287999046456625,0.8883476147841848,30
3,0-1-0-0-1-2-2-0-0-1,3,28,0.6498206806586615,0.8388510793867981,30
3,0-1-0-0-1-2-2-0-0-2,3,30,0.6176546467859352,0.8230787952823495,30
3,0-1-0-0-1-2-2-0-1-0,1,26,0.6498206806586615,0.8456460894408646,30
3,0-1-0-0-1-2-2-0-1-1,1,27,0.5835788743224553,0.7985937686801682,30
3,0-1-0-0-1-2-2-0-1-2,1,29,0.5349810870191833,0.7794081422358768,30
3,0-1-0-0-1-2-2-0-2-0,1,25,0.6176546467859352,0.8322196323700416,30
3,0-1-0-0-1-2-2-0-2-1,1,26,0.5349810870191833,0.7817683098233349,30
3,0-1-0-0-1-2-2-0-2-2,1,28,0.5089449812353085,0.7674710321213055,30
3,0-1-0-0-1-2-2-1-0-0,3,29,0.6039689834589764,0.8287200391622649,30
3,0-1-0-0-1-2-2-1-0-1,3,29,0.5488130509441804,0.7827789966342336,30
3,0-1-0-0-1-2-2-1-0-2,3,32,0.48762311534443936,0.7621038804803923,30
3,0-1-0-0-1-2-2-1-1-0,1,28,0.5488130509441804,0.7890365801026297,30
3,0-1-0-0-1-2-2-1-1-1,1,28,0.514580184554816,0.7461030954869214,30
3,0-1-0-0-1-2-2-1-1-2,1,31,0.4333398427287941,0.7215723602802981,30
3,0-1-0-0-1-2-2-1-2-0,1,27,0.48762311534443936,0.7714453537918408,30
3,0-1-0-0-1-2-2-1-2-1,1,27,0.4333398427287941,0.7246768336271489,30
3,0-1-0-0-1-2-2-1-2-2,1,30,0.37142138037488115,0.70517969717917,30
3,0-1-0-0-1-2-2-2-0-0,3,27,0.5448202539566817,0.8093284135455396,30
3,0-1-0-0-1-2-2-2-0-1,3,28,0.4589079788744122,0.758452590773648,30
3,0-1-0-0-1-2-2-2-0-2,3,30,0.4387216506079745,0.7448262247596944,30
3,0-1-0-0-1-2-2-2-1-0,1,26,0.4589079788744122,0.7654353686853985,30
3,0-1-0-0-1-2-2-2-1-1,1,27,0.3892861756746461,0.7171151966080428,30
3,0-1-0-0-1-2-2-2-1-2,1,29,0.34617047164246956,0.6997910065144103,30
3,0-1-0-0-1-2-2-2-2-0,1,25,0.4387216506079745,0.7538478031529892,30
3,0-1-0-0-1-2-2-2-2-1,1,26,0.34617047164246956,0.7018453439640155,30
3,0-1-0-0-1-2-2-2-2-2,1,28,0.33956447671475704,0.6900472335490869,30
3,0-1-0-0-2-0-0-0-0-0,3,28,0.9549830816684233,0.9769083856189188,30
3,0-1-0-0-2-0-0-0-0-1,3,29,0.8808691916110243,0.9197835101606435,30
3,0-1-0-0-2-0-0-0-0-2,3,30,0.8414161329986567,0.9163718192921179,30
3,0-1-0-0-2-0-0-0-1-0,1,26,0.8808691916110243,0.9277181593880898,30
3,0-1-0-0-2-0-0-0-1-1,1,27,0.8167301566182181,0.872030816555137,30
3,0-1-0-0-2-0-0-0-1-2,1,28,0.7651854939155367,0.8660893866136853,30
3,0-1-0-0-2-0-0-0-2-0,1,29,0.8414161329986567,0.9248119616816626,30
3,0-1-0-0-2-0-0-0-2-1,1,30,0.7651854939155367,0.8665976004966883,30
3,0-1-0-0-2-0-0-0-2-2,1,29,0.7287999046456625,0.8653262574671993,30
3,0-1-0-0-2-0-0-1-0-0,3,30,0.8368526168542646,0.9078909573644013,30
3,0-1-0-0-2-0-0-1-0-1,3,30,0.7807430849507424,0.8528623028964678,30
3,0-1-0-0-2-0-0-1-0-2,3,32,0.7203891537817187,0.8458022880955722,30
3,0-1-0-0-2-0-0-1-1-0,1,28,0.7807430849507424,0.8604783421835691,30
3,0-1-0-0-2-0-0-1-1-1,1,28,0.738902562321036,0.8072522187627127,30
3,0-1-0-0-2-0-0-1-1-2,1,30,0.6646712571043837,0.7972458983882578,30
3,0-1-0-0-2-0-0-1-2-0,1,31,0.7203891537817187,0.8544683492145905,30
3,0-1-0-0-2-0-0-1-2-1,1,31,0.6646712571043837,0.7983024502615444,30
3,0-1-0-0-2-0-0-1-2-2,1,31,0.6039689834589764,0.7933200678072405,30
3,0-1-0-0-2-0-0-2-0-0,3,30,0.7662070624646796,0.9037005863066845,30
3,0-1-0-0-2-0-0-2-0-1,3,31,0.6882302790347936,0.8450175525664484,30
3,0-1-0-0-2-0-0-2-0-2,3,30,0.6544931635046153,0.8447002264461484,30
3,0-1-0-0-2-0-0-2-1-0,1,28,0.6882302790347936,0.8531756781726986,30
3,0-1-0-0-2-0-0-2-1-1,1,29,0.6224374192908751,0.7958729184815315,30
3,0-1-0-0-2-0-0-2-1-2,1,28,0.57318307743307,0.7929785531392597,30
3,0-1-0-0-2-0-0-2-2-0,1,29,0.6544931635046153,0.8529055737917528,30
3,0-1-0-0-2-0-0-2-2-1,1,30,0.57318307743307,0.7930260760565473,30
3,0-1-0-0-2-0-0-2-2-2,1,29,0.5448202539566817,0.7952463082370702,30
3,0-1-0-0-2-0-1-0-0-0,3,28,0.8808691916110243,0.9275579897732579,30
3,0-1-0-0-2-0-1-0-0-1,3,31,0.8167301566182181,0.8718757697183341,30
3,0-1-0-0-2-0-1-0-0-2,3,30,0.7651854939155367,0.8659255467832206,30
3,0-1-0-0-2-0-1-0-1-0,1,26,0.8167301566182181,0.8795912388041878,30
3,0-1-0-0-2-0-1-0-1-1,1,29,0.765078776514809,0.8255963486494702,30
3,0-1-0-0-2-0-1-0-1-2,1,28,0.7001545121405219,0.8168270934579478,30
3,0-1-0-0-2-0-1-0-2-0,1,29,0.7651854939155367,0.8745249920846387,30
3,0-1-0-0-2-0-1-0-2-1,1,32,0.7001545121405219,0.8177163446187367,30
3,0-1-0-0-2-0-1-0-2-2,1,29,0.6498206806586615,0.8138686872295623,30
3,0-1-0-0-2-0-1-1-0-0,3,30,0.7807430849507424,0.8603245088975295,30
3,0-1-0-0-2-0-1-1-0-1,3,32,0.738902562321036,0.8071048256617298,30
3,0-1-0-0-2-0-1-1-0-2,3,32,0.6646712571043837,0.7970882583333294,30
3,0-1-0-0-2-0-1-1-1-0,1,28,0.738902562321036,0.8144453211454561,30
3,0-1-0-0-2-0-1-1-1-1,1,30,0.7138445195239657,0.7633519307795862,30
3,0-1-0-0-2-0-1-1-1-2,1,30,0.6259352975337956,0.7500500897573914,30
3,0-1-0-0-2-0-1-1-2-0,1,31,0.6646712571043837,0.8059226990020453,30
3,0-1-0-0-2-0-1-1-2-1,1,33,0.6259352975337956,0.7515542966477392,30
3,0-1-0-0-2-0-1-1-2-2,1,31,0.5488130509441804,0.7435239591447931,30
3,0-1-0-0-2-0-1-2-0-0,3,30,0.6882302790347936,0.853011019866526,30
3,0-1-0-0-2-0-1-2-0-1,3,33,0.6224374192908751,0.7957132248661788,30
3,0-1-0-0-2-0-1-2-0-2,3,30,0.57318307743307,0.7928098345506877,30
3,0-1-0-0-2-0-1-2-1-0,1,28,0.6224374192908751,0.8036589586205986,30
3,0-1-0-0-2-0-1-2-1-1,1,31,0.5730406045214232,0.7480137084819164,30
3,0-1-0-0-2-0-1-2-1-2,1,28,0.505861788417181,0.7421926168886104,30
3,0-1-0-0-2-0-1-2-2-0,1,29,0.57318307743307,0.8011890756489584,30
3,0-1-0-0-2-0-1-2-2-1,1,32,0.505861788417181,0.7426292454507136,30
3,0-1-0-0-2-0-1-2-2-2,1,29,0.4589079788744122,0.7422591318254775,30
3,0-1-0-0-2-0-2-0-0-0,3,30,0.8414161329986567,0.9246416961007059,30
3,0-1-0-0-2-0-2-0-0-1,3,31,0.7651854939155367,0.8664236196678224,30
3,0-1-0-0-2-0-2-0-0-2,3,33,0.7287999046456625,0.8651597570547487,30
3,0-1-0-0-2-0-2-0-1-0,1,28,0.7651854939155367,0.8745148496997409,30
3,0-1-0-0-2-0-2-0-1-1,1,29,0.7001545121405219,0.8176973125724356,30
3,0-1-0-0-2-0-2-0-1-2,1,31,0.6498206806586615,0.8138660125909319,30
3,0-1-0-0-2-0-2-0-2-0,1,29,0.7287999046456625,0.8734388189037211,30
3,0-1-0-0-2-0-2-0-2-1,1,30,0.6498206806586615,0.8140549846076061,30
3,0-1-0-0-2-0-2-0-2-2,1,31,0.6176546467859352,0.8152052254000157,30
3,0-1-0-0-2-0-2-1-0-0,3,32,0.7203891537817187,0.8542935576033086,30
3,0-1-0-0-2-0-2-1-0-1,3,32,0.6646712571043837,0.7981237439644079,30
3,0-1-0-0-2-0-2-1-0-2,3,35,0.6039689834589764,0.793148677364485,30
3,0-1-0-0-2-0-2-1-1-0,1,30,0.6646712571043837,0.8059016294045814,30
3,0-1-0-0-2-0-2-1-1-1,1,30,0.6259352975337956,0.75152279705058,30
3,0-1-0-0-2-0-2-1-1-2,1,33,0.5488130509441804,0.7435101231091169,30
3,0-1-0-0-2-0-2-1-2-0,1,31,0.6039689834589764,0.8016692494607678,30
3,0-1-0-0-2-0-2-1-2-1,1,31,0.5488130509441804,0.7442581129517487,30
3,0-1-0-0-2-0-2-1-2-2,1,33,0.48762311534443936,0.7416643293741626,30
3,0-1-0-0-2-0-2-2-0-0,3,30,0.6544931635046153,0.852739973035482,30
3,0-1-0-0-2-0-2-2-0-1,3,31,0.57318307743307,0.7928564100430346,30
3,0-1-0-0-2-0-2-2-0-2,3,33,0.5448202539566817,0.7950855339135164,30
3,0-1-0-0-2-0-2-2-1-0,1,28,0.57318307743307,0.8011881280688455,30
3,0-1-0-0-2-0-2-2-1-1,1,29,0.505861788417181,0.742619210621942,30
3,0-1-0-0-2-0-2-2-1-2,1,31,0.4589079788744122,0.7422671259261778,30
3,0-1-0-0-2-0-2-2-2-0,1,29,0.5448202539566817,0.8030844061177899,30
3,0-1-0-0-2-0-2-2-2-1,1,30,0.4589079788744122,0.7419318794401532,30
3,0-1-0-0-2-0-2-2-2-2,1,31,0.4387216506079745,0.7470375881226269,30
3,0-1-0-0-2-1-0-0-0-0,3,27,0.8808691916110243,0.9223308538874921,30
3,0-1-0-0-2-1-0-0-0-1,3,28,0.8167301566182181,0.8668175429668192,30
3,0-1-0-0-2-1-0-0-0-2,3,29,0.7651854939155367,0.8605782299586011,30
3,0-1-0-0-2-1-0-0-1-0,1,25,0.8167301566182181,0.8745073224103518,30
3,0-1-0-0-2-1-0-0-1-1,1,26,0.765078776514809,0.8207110062647188,30
3,0-1-0-0-2-1-0-0-1-2,1,27,0.7001545121405219,0.8116195339205634,30
3,0-1-0-0-2-1-0-0-2-0,1,28,0.7651854939155367,0.8691952061447806,30
3,0-1-0-0-2-1-0-0-2-1,1,29,0.7001545121405219,0.812552324588104,30
3,0-1-0-0-2-1-0-0-2-2,1,28,0.6498206806586615,0.8084095758484297,30
3,0-1-0-0-2-1-0-1-0-0,3,29,0.7807430849507424,0.8553063014550707,30
3,0-1-0-0-2-1-0-1-0-1,3,29,0.738902562321036,0.8022990238295825,30
3,0-1-0-0-2-1-0-1-0-2,3,31,0.6646712571043837,0.7919455523822796,30
3,0-1-0-0-2-1-0-1-1-0,1,27,0.738902562321036,0.8096071391497955,30
3,0-1-0-0-2-1-0-1-1-1,1,27,0.7138445195239657,0.758764538037978,30
3,0-1-0-0-2-1-0-1-1-2,1,29,0.6259352975337956,0.745087332758985,30
3,0-1-0-0-2-1-0-1-2-0,1,30,0.6646712571043837,0.8007983331835334,30
3,0-1-0-0-2-1-0-1-2-1,1,30,0.6259352975337956,0.7466427189793889,30
3,0-1-0-0-2-1-0-1-2-2,1,30,0.5488130509441804,0.7382627642996552,30
3,0-1-0-0-2-1-0-2-0-0,3,29,0.6882302790347936,0.8476368881682362,30
3,0-1-0-0-2-1-0-2-0-1,3,30,0.6224374192908751,0.7905029700951205,30
3,0-1-0-0-2-1-0-2-0-2,3,29,0.57318307743307,0.7873026010349039,30
3,0-1-0-0-2-1-0-2-1-0,1,27,0.6224374192908751,0.798423537897374,30
3,0-1-0-0-2-1-0-2-1-1,1,28,0.5730406045214232,0.7429749979015152,30
3,0-1-0-0-2-1-0-2-1-2,1,27,0.505861788417181,0.736817319508448,30
3,0-1-0-0-2-1-0-2-2-0,1,28,0.57318307743307,0.7957011964756868,30
3,0-1-0-0-2-1-0-2-2-1,1,29,0.505861788417181,0.7372988340318843,30
3,0-1-0-0-2-1-0-2-2-2,1,28,0.4589079788744122,0.736629171006793,30
3,0-1-0-0-2-1-1-0-0-0,3,27,0.8167301566182181,0.8743520228641751,30
3,0-1-0-0-2-1-1-0-0-1,3,30,0.765078776514809,0.8205618382594552,30
3,0-1-0-0-2-1-1-0-0-2,3,29,0.7001545121405219,0.8114604467328971,30
3,0-1-0-0-2-1-1-0-1-0,1,25,0.765078776514809,0.8279892791734582,30
3,0-1-0-0-2-1-1-0-1-1,1,28,0.7285757952065065,0.7762226272402561,30
3,0-1-0-0-2-1-1-0-1-2,1,27,0.649695013976804,0.7639406836906393,30
3,0-1-0-0-2-1-1-0-2-0,1,28,0.7001545121405219,0.8202441886721415,30
3,0-1-0-0-2-1-1-0-2-1,1,31,0.649695013976804,0.765306033308076,30
3,0-1-0-0-2-1-1-0-2-2,1,28,0.5835788743224553,0.7582230383391282,30
3,0-1-0-0-2-1-1-1-0-0,3,29,0.738902562321036,0.8094594275247393,30
3,0-1-0-0-2-1-1-1-0-1,3,31,0.7138445195239657,0.7586245717722867,30
3,0-1-0-0-2-1-1-1-0-2,3,31,0.6259352975337956,0.7449358122129915,30
3,0-1-0-0-2-1-1-1-1-0,1,27,0.7138445195239657,0.7656012989051532,30
3,0-1-0-0-2-1-1-1-1-1,1,29,0.7073547688733205,0.7173263379144709,30
3,0-1-0-0-2-1-1-1-1-2,1,29,0.607438789443298,0.6999376211065305,30
3,0-1-0-0-2-1-1-1-2-0,1,30,0.6259352975337956,0.7539606307632774,30
3,0-1-0-0-2-1-1-1-2-1,1,32,0.607438789443298,0.7020013061777212,30
3,0-1-0-0-2-1-1-1-2-2,1,30,0.514580184554816,0.6901351189022561,30
3,0-1-0-0-2-1-1-2-0-0,3,29,0.6224374192908751,0.7982635967275574,30
3,0-1-0-0-2-1-1-2-0-1,3,32,0.5730406045214232,0.7428211380709023,30
3,0-1-0-0-2-1-1-2-0-2,3,29,0.505861788417181,0.7366530880629225,30
3,0-1-0-0-2-1-1-2-1-0,1,27,0.5730406045214232,0.7504815488527748,30
3,0-1-0-0-2-1-1-2-1-1,1,30,0.5445204288827831,0.6970696368122165,30
3,0-1-0-0-2-1-1-2-1-2,1,27,0.4587300156401709,0.6875449676253502,30
3,0-1-0-0-2-1-1-2-2-0,1,28,0.505861788417181,0.7452381072927179,30
3,0-1-0-0-2-1-1-2-2-1,1,31,0.4587300156401709,0.6884771854695168,30
3,0-1-0-0-2-1-1-2-2-2,1,28,0.3892861756746461,0.6847903978196374,30
3,0-1-0-0-2-1-2-0-0-0,3,29,0.7651854939155367,0.8690213973115724,30
3,0-1-0-0-2-1-2-0-0-1,3,30,0.7001545121405219,0.8123746356373948,30
3,0-1-0-0-2-1-2-0-0-2,3,32,0.6498206806586615,0.808239257021128,30
3,0-1-0-0-2-1-2-0-1-0,1,27,0.7001545121405219,0.8202255840397555,30
3,0-1-0-0-2-1-2-0-1-1,1,28,0.649695013976804,0.7652773474025686,30
3,0-1-0-0-2-1-2-0-1-2,1,30,0.5835788743224553,0.7582117391364538,30
3,0-1-0-0-2-1-2-0-2-0,1,28,0.6498206806586615,0.8167069394590754,30
3,0-1-0-0-2-1-2-0-2-1,1,29,0.5835788743224553,0.7588327283720062,30
3,0-1-0-0-2-1-2-0-2-2,1,30,0.5349810870191833,0.7570916606711756,30
3,0-1-0-0-2-1-2-1-0-0,3,31,0.6646712571043837,0.8006198062028697,30
3,0-1-0-0-2-1-2-1-0-1,3,31,0.6259352975337956,0.746460206101369,30
3,0-1-0-0-2-1-2-1-0-2,3,34,0.5488130509441804,0.7380872471954114,30
3,0-1-0-0-2-1-2-1-1-0,1,29,0.6259352975337956,0.7539296328898288,30
3,0-1-0-0-2-1-2-1-1-1,1,29,0.607438789443298,0.7019584792923945,30
3,0-1-0-0-2-1-2-1-1-2,1,32,0.514580184554816,0.6901109525169359,30
3,0-1-0-0-2-1-2-1-2-0,1,30,0.5488130509441804,0.7468112939880519,30
3,0-1-0-0-2-1-2-1-2-1,1,30,0.514580184554816,0.6913757293129018,30
3,0-1-0-0-2-1-2-1-2-2,1,32,0.4333398427287941,0.6852976501556164,30
3,0-1-0-0-2-1-2-2-0-0,3,29,0.57318307743307,0.7955317207893975,30
3,0-1-0-0-2-1-2-2-0-1,3,30,0.505861788417181,0.7371250105696082,30
3,0-1-0-0-2-1-2-2-0-2,3,32,0.4589079788744122,0.7364642774458191,30
3,0-1-0-0-2-1-2-2-1-0,1,27,0.505861788417181,0.7452285134632705,30
3,0-1-0-0-2-1-2-2-1-1,1,28,0.4587300156401709,0.6884570791242561,30
3,0-1-0-0-2-1-2-2-1-2,1,30,0.3892861756746461,0.6847897308638536,30
3,0-1-0-0-2-1-2-2-2-0,1,28,0.4589079788744122,0.7446668733698737,30
3,0-1-0-0-2-1-2-2-2-1,1,29,0.3892861756746461,0.684889655175072,30
3,0-1-0-0-2-1-2-2-2-2,1,30,0.34617047164246956,0.687140972114629,30
3,0-1-0-0-2-2-0-0-0-0,3,29,0.8414161329986567,0.9190826456940457,30
3,0-1-0-0-2-2-0-0-0-1,3,30,0.7651854939155367,0.8607426966477872,30
3,0-1-0-0-2-2-0-0-0-2,3,29,0.7287999046456625,0.8597249350853337,30
3,0-1-0-0-2-2-0-0-1-0,1,27,0.7651854939155367,0.8688514434338845,30
3,0-1-0-0-2-2-0-0-1-1,1,28,0.7001545121405219,0.811906990403583,30
3,0-1-0-0-2-2-0-0-1-2,1,27,0.6498206806586615,0.8083188790291365,30
3,0-1-0-0-2-2-0-0-2-0,1,28,0.7287999046456625,0.867984990505895,30
3,0-1-0-0-2-2-0-0-2-1,1,29,0.6498206806586615,0.8084711182264441,30
3,0-1-0-0-2-2-0-0-2-2,1,28,0.6176546467859352,0.8098994062397838,30
3,0-1-0-0-2-2-0-1-0-0,3,31,0.7203891537817187,0.8485860242424873,30
3,0-1-0-0-2-2-0-1-0-1,3,31,0.6646712571043837,0.7922876537742806,30
3,0-1-0-0-2-2-0-1-0-2,3,31,0.6039689834589764,0.787553488795941,30
3,0-1-0-0-2-2-0-1-1-0,1,29,0.6646712571043837,0.8000838451174478,30
3,0-1-0-0-2-2-0-1-1-1,1,29,0.6259352975337956,0.7455740708299377,30
3,0-1-0-0-2-2-0-1-1-2,1,29,0.5488130509441804,0.7377932918095474,30
3,0-1-0-0-2-2-0-1-2-0,1,30,0.6039689834589764,0.7960567023998721,30
3,0-1-0-0-2-2-0-1-2-1,1,30,0.5488130509441804,0.7385054395639226,30
3,0-1-0-0-2-2-0-1-2-2,1,30,0.48762311534443936,0.7361885496958419,30
3,0-1-0-0-2-2-0-2-0-0,3,29,0.6544931635046153,0.8473348417944853,30
3,0-1-0-0-2-2-0-2-0-1,3,30,0.57318307743307,0.78731798983568,30
3,0-1-0-0-2-2-0-2-0-2,3,29,0.5448202539566817,0.7898397268290226,30
3,0-1-0-0-2-2-0-2-1-0,1,27,0.57318307743307,0.7956690606204307,30
3,0-1-0-0-2-2-0-2-1-1,1,28,0.505861788417181,0.7369583347253293,30
3,0-1-0-0-2-2-0-2-1-2,1,27,0.4589079788744122,0.7369004268103793,30
3,0-1-0-0-2-2-0-2-2-0,1,28,0.5448202539566817,0.797814117312741,30
3,0-1-0-0-2-2-0-2-2-1,1,29,0.4589079788744122,0.7365209934752568,30
3,0-1-0-0-2-2-0-2-2-2,1,28,0.4387216506079745,0.741958810065956,30
3,0-1-0-0-2-2-1-0-0-0,3,29,0.7651854939155367,0.8686877763573696,30
3,0-1-0-0-2-2-1-0-0-1,3,32,0.7001545121405219,0.8117483321621963,30
3,0-1-0-0-2-2-1-0-0-2,3,29,0.6498206806586615,0.8081512346483515,30
3,0-1-0-0-2-2-1-0-1-0,1,27,0.7001545121405219,0.8196427926584267,30
3,0-1-0-0-2-2-1-0-1-1,1,30,0.649695013976804,0.7643665741153403,30
3,0-1-0-0-2-2-1-0-1-2,1,27,0.5835788743224553,0.7578699082785308,30
3,0-1-0-0-2-2-1-0-2-0,1,28,0.6498206806586615,0.8165821781864768,30
3,0-1-0-0-2-2-1-0-2-1,1,31,0.5835788743224553,0.7584101006404305,30
3,0-1-0-0-2-2-1-0-2-2,1,28,0.5349810870191833,0.757245976612115,30
3,0-1-0-0-2-2-1-1-0-0,3,31,0.6646712571043837,0.7999263862146925,30
3,0-1-0-0-2-2-1-1-0-1,3,33,0.6259352975337956,0.745423054986119,30
3,0-1-0-0-2-2-1-1-0-2,3,31,0.5488130509441804,0.7376316095565004,30
3,0-1-0-0-2-2-1-1-1-0,1,29,0.6259352975337956,0.7529436072268373,30
3,0-1-0-0-2-2-1-1-1-1,1,31,0.607438789443298,0.7005872060626175,30
3,0-1-0-0-2-2-1-1-1-2,1,29,0.514580184554816,0.689350976473116,30
3,0-1-0-0-2-2-1-1-2-0,1,30,0.5488130509441804,0.7463197860636502,30
3,0-1-0-0-2-2-1-1-2-1,1,32,0.514580184554816,0.6905280991087146,30
3,0-1-0-0-2-2-1-1-2-2,1,30,0.4333398427287941,0.6850813391248005,30
3,0-1-0-0-2-2-1-2-0-0,3,29,0.57318307743307,0.7955005324439894,30
3,0-1-0-0-2-2-1-2-0-1,3,32,0.505861788417181,0.736794545227867,30
3,0-1-0-0-2-2-1-2-0-2,3,29,0.4589079788744122,0.7367275398385481,30
3,0-1-0-0-2-2-1-2-1-0,1,27,0.505861788417181,0.7449429177134308,30
3,0-1-0-0-2-2-1-2-1-1,1,30,0.4587300156401709,0.6878299975304867,30
3,0-1-0-0-2-2-1-2-1-2,1,27,0.3892861756746461,0.684798398461583,30
3,0-1-0-0-2-2-1-2-2-0,1,28,0.4589079788744122,0.7448859614698088,30
3,0-1-0-0-2-2-1-2-2-1,1,31,0.3892861756746461,0.68480853192694,30
3,0-1-0-0-2-2-1-2-2-2,1,28,0.34617047164246956,0.6876965293828459,30
3,0-1-0-0-2-2-2-0-0-0,3,29,0.7287999046456625,0.8678183031289407,30
3,0-1-0-0-2-2-2-0-0-1,3,30,0.6498206806586615,0.8083004381673691,30
3,0-1-0-0-2-2-2-0-0-2,3,32,0.6176546467859352,0.809737292827721,30
3,0-1-0-0-2-2-2-0-1-0,1,27,0.6498206806586615,0.8165791420298951,30
3,0-1-0-0-2-2-2-0-1-1,1,28,0.5835788743224553,0.7583980065814835,30
3,0-1-0-0-2-2-2-0-1-2,1,30,0.5349810870191833,0.7572515410317187,30
3,0-1-0-0-2-2-2-0-2-0,1,28,0.6176546467859352,0.817801672165178,30
3,0-1-0-0-2-2-2-0-2-1,1,29,0.5349810870191833,0.7570357264610362,30
3,0-1-0-0-2-2-2-0-2-2,1,30,0.5089449812353085,0.761242734769308,30
3,0-1-0-0-2-2-2-1-0-0,3,31,0.6039689834589764,0.7958851412059024,30
3,0-1-0-0-2-2-2-1-0-1,3,31,0.5488130509441804,0.7383295704868196,30
3,0-1-0-0-2-2-2-1-0-2,3,34,0.48762311534443936,0.7360212204319821,30
3,0-1-0-0-2-2-2-1-1-0,1,29,0.5488130509441804,0.7463055965769625,30
3,0-1-0-0-2-2-2-1-1-1,1,29,0.514580184554816,0.6905030704041291,30
3,0-1-0-0-2-2-2-1-1-2,1,32,0.4333398427287941,0.6850756509044835,30
3,0-1-0-0-2-2-2-1-2-0,1,30,0.48762311534443936,0.744343418397343,30
3,0-1-0-0-2-2-2-1-2-1,1,30,0.4333398427287941,0.6854247195867791,30
3,0-1-0-0-2-2-2-1-2-2,1,32,0.37142138037488115,0.6859054260886178,30
3,0-1-0-0-2-2-2-2-0-0,3,29,0.5448202539566817,0.7976531021657182,30
3,0-1-0-0-2-2-2-2-0-1,3,30,0.4589079788744122,0.7363556649296813,30
3,0-1-0-0-2-2-2-2-0-2,3,32,0.4387216506079745,0.7418037160273003,30
3,0-1-0-0-2-2-2-2-1-0,1,27,0.4589079788744122,0.7448935213275888,30
3,0-1-0-0-2-2-2-2-1-1,1,28,0.3892861756746461,0.6848069816289666,30
3,0-1-0-0-2-2-2-2-1-2,1,30,0.34617047164246956,0.6877144501022162,30
3,0-1-0-0-2-2-2-2-2-0,1,28,0.4387216506079745,0.749524807249388,30
3,0-1-0-0-2-2-2-2-2-1,1,29,0.34617047164246956,0.6868909342886486,30
3,0-1-0-0-2-2-2-2-2-2,1,30,0.33956447671475704,0.6956542018072424,30
3,0-1-0-1-0-0-0-0-0-2,3,30,0.6194906764974482,0.7300301165279279,30
3,0-1-0-1-0-0-0-0-1-2,1,28,0.6062545831000054,0.7047010893216724,30
3,0-1-0-1-0-0-0-0-2-0,1,28,0.6194906764974482,0.7396855245911005,30
3,0-1-0-1-0-0-0-0-2-1,1,28,0.6062545831000054,0.7105283350249114,30
3,0-1-0-1-0-0-0-0-2-2,1,28,0.5099617489826583,0.6710028745959751,30
3,0-1-0-1-0-0-0-1-0-2,3,31,0.6097773683950303,0.6955013907994366,30
3,0-1-0-1-0-0-0-1-1-2,1,29,0.6331697846354439,0.6761862438665797,30
3,0-1-0-1-0-0-0-1-2-0,1,29,0.6097773683950303,0.7050586392923961,30
3,0-1-0-1-0-0-0-1-2-1,1,29,0.6331697846354439,0.6828469301325529,30
3,0-1-0-1-0-0-0-1-2-2,1,29,0.5203561608340671,0.6371389723213986,30
3,0-1-0-1-0-0-0-2-0-0,3,30,0.5461473384649249,0.7154818654609801,30
3,0-1-0-1-0-0-0-2-0-1,3,30,0.5395486630101335,0.6865098813013527,30
3,0-1-0-1-0-0-0-2-0-2,3,30,0.4389636076406782,0.6468043272152704,30
3,0-1-0-1-0-0-0-2-1-0,1,28,0.5395486630101335,0.6902422964287039,30
3,0-1-0-1-0-0-0-2-1-1,1,28,0.5577888254019997,0.6662889727382296,30
3,0-1-0-1-0-0-0-2-1-2,1,28,0.4462227897008734,0.6220438012924056,30
3,0-1-0-1-0-0-0-2-2-0,1,28,0.4389636076406782,0.6564572597864661,30
3,0-1-0-1-0-0-0-2-2-1,1,28,0.4462227897008734,0.6279969556403037,30
3,0-1-0-1-0-0-0-2-2-2,1,28,0.33805465815032903,0.5877947957576277,30
3,0-1-0-1-0-0-1-0-0-2,3,30,0.6062545831000054,0.7046243166666484,30
3,0-1-0-1-0-0-1-0-1-2,1,28,0.6152237888247455,0.683491781599697,30
3,0-1-0-1-0-0-1-0-2-0,1,28,0.6062545831000054,0.7142220857841426,30
3,0-1-0-1-0-0-1-0-2-1,1,29,0.6152237888247455,0.6899136534120561,30
3,0-1-0-1-0-0-1-0-2-2,1,28,0.507372438608717,0.6459870595667768,30
3,0-1-0-1-0-0-1-1-0-2,3,31,0.6331697846354439,0.6761302247719689,30
3,0-1-0-1-0-0-1-1-1-2,1,29,0.6761355506756311,0.6615615362637487,30
3,0-1-0-1-0-0-1-1-2-0,1,29,0.6331697846354439,0.6855396684504598,30
3,0-1-0-1-0-0-1-1-2-1,1,30,0.6761355506756311,0.6687964592674149,30
3,0-1-0-1-0-0-1-1-2-2,1,29,0.5598535130356018,0.6187721172681573,30
3,0-1-0-1-0-0-1-2-0-0,3,30,0.5395486630101335,0.6901659694213393,30
3,0-1-0-1-0-0-1-2-0-1,3,31,0.5577888254019997,0.6662299936411062,30
3,0-1-0-1-0-0-1-2-0-2,3,30,0.4462227897008734,0.6219698659321047,30
3,0-1-0-1-0-0-1-2-1-0,1,28,0.5577888254019997,0.669219789714828,30
3,0-1-0-1-0-0-1-2-1-1,1,29,0.5986015012295582,0.6507791607897501,30
3,0-1-0-1-0-0-1-2-1-2,1,28,0.4824109003821939,0.6020258306522427,30
3,0-1-0-1-0-0-1-2-2-0,1,28,0.4462227897008734,0.6315487837702137,30
3,0-1-0-1-0-0-1-2-2-1,1,29,0.4824109003821939,0.6086458168817298,30
3,0-1-0-1-0-0-1-2-2-2,1,28,0.3664649586037602,0.5634681580661509,30
3,0-1-0-1-0-0-2-0-0-0,3,30,0.6194906764974482,0.7394910114147512,30
3,0-1-0-1-0-0-2-0-0-1,3,30,0.6062545831000054,0.7103352598456881,30
3,0-1-0-1-0-0-2-0-0-2,3,33,0.5099617489826583,0.6708084004065533,30
3,0-1-0-1-0-0-2-0-1-0,1,28,0.6062545831000054,0.7141057708643939,30
3,0-1-0-1-0-0-2-0-1-1,1,28,0.6152237888247455,0.6897835366918966,30
3,0-1-0-1-0-0-2-0-1-2,1,31,0.507372438608717,0.645868818817628,30
3,0-1-0-1-0-0-2-0-2-0,1,28,0.5099617489826583,0.6804621416155254,30
3,0-1-0-1-0-0-2-0-2-1,1,28,0.507372438608717,0.6517825378414779,30
3,0-1-0-1-0-0-2-0-2-2,1,31,0.40439218850919467,0.6117930453652572,30
3,0-1-0-1-0-0-2-1-0-0,3,31,0.6097773683950303,0.7048660770451011,30
3,0-1-0-1-0-0-2-1-0-1,3,31,0.6331697846354439,0.6826579066800041,30
3,0-1-0-1-0-0-2-1-0-2,3,34,0.5203561608340671,0.636946892170148,30
3,0-1-0-1-0-0-2-1-1-0,1,29,0.6331697846354439,0.6854066531079488,30
3,0-1-0-1-0-0-2-1-1-1,1,29,0.6761355506756311,0.6686501037171357,30
3,0-1-0-1-0-0-2-1-1-2,1,32,0.5598535130356018,0.618635564809493,30
3,0-1-0-1-0-0-2-1-2-0,1,29,0.5203561608340671,0.6464835307618142,30
3,0-1-0-1-0-0-2-1-2-1,1,29,0.5598535130356018,0.6254511264489795,30
3,0-1-0-1-0-0-2-1-2-2,1,32,0.4437255894951171,0.5787323755545759,30
3,0-1-0-1-0-0-2-2-0-0,3,30,0.4389636076406782,0.6562627954630417,30
3,0-1-0-1-0-0-2-2-0-1,3,30,0.4462227897008734,0.6278043364849183,30
3,0-1-0-1-0-0-2-2-0-2,3,33,0.33805465815032903,0.5876003883326648,30
3,0-1-0-1-0-0-2-2-1-0,1,28,0.4462227897008734,0.6314300844084958,30
3,0-1-0-1-0-0-2-2-1-1,1,28,0.4824109003821939,0.6085116513173301,30
3,0-1-0-1-0-0-2-2-1-2,1,31,0.3664649586037602,0.5633469944910627,30
3,0-1-0-1-0-0-2-2-2-0,1,28,0.33805465815032903,0.5972508890364359,30
3,0-1-0-1-0-0-2-2-2-1,1,28,0.3664649586037602,0.5694107284740744,30
3,0-1-0-1-0-0-2-2-2-2,1,31,0.25110281660103073,0.5286085831757434,30
3,0-1-0-1-0-1-0-0-0-2,3,29,0.6062545831000054,0.7021404287335805,30
3,0-1-0-1-0-1-0-0-1-2,1,27,0.6152237888247455,0.6814827213262104,30
3,0-1-0-1-0-1-0-0-2-0,1,27,0.6062545831000054,0.7117284939804344,30
3,0-1-0-1-0-1-0-0-2-1,1,27,0.6152237888247455,0.6879680412770998,30
3,0-1-0-1-0-1-0-0-2-2,1,27,0.507372438608717,0.6435689552144143,30
3,0-1-0-1-0-1-0-1-0-2,3,30,0.6331697846354439,0.6743278608605626,30
3,0-1-0-1-0-1-0-1-1-2,1,28,0.6761355506756311,0.6602890119287572,30
3,0-1-0-1-0-1-0-1-2-0,1,28,0.6331697846354439,0.6837171399045998,30
3,0-1-0-1-0-1-0-1-2-1,1,28,0.6761355506756311,0.6675837847351173,30
3,0-1-0-1-0-1-0-1-2-2,1,28,0.5598535130356018,0.6171068636426873,30
3,0-1-0-1-0-1-0-2-0-0,3,29,0.5395486630101335,0.6876972271533983,30
3,0-1-0-1-0-1-0-2-0-1,3,29,0.5577888254019997,0.664331039954236,30
3,0-1-0-1-0-1-0-2-0-2,3,29,0.4462227897008734,0.619582426058884,30
3,0-1-0-1-0-1-0-2-1-0,1,27,0.5577888254019997,0.6672371900312126,30
3,0-1-0-1-0-1-0-2-1-1,1,27,0.5986015012295582,0.6494141762122797,30
3,0-1-0-1-0-1-0-2-1-2,1,27,0.4824109003821939,0.6001857206344957,30
3,0-1-0-1-0-1-0-2-2-0,1,27,0.4462227897008734,0.629148823516836,30
3,0-1-0-1-0-1-0-2-2-1,1,27,0.4824109003821939,0.6068764467262538,30
3,0-1-0-1-0-1-0-2-2-2,1,27,0.3664649586037602,0.561166818933265,30
3,0-1-0-1-0-1-1-0-0-2,3,29,0.6152237888247455,0.6814220891756718,30
3,0-1-0-1-0-1-1-0-1-2,1,27,0.6454732920002246,0.6654017696426372,30
3,0-1-0-1-0-1-1-0-2-0,1,27,0.6152237888247455,0.6908830487355269,30
3,0-1-0-1-0-1-1-0-2-1,1,28,0.6454732920002246,0.6724684271130851,30
3,0-1-0-1-0-1-1-0-2-2,1,27,0.5310107033174372,0.6237137555655167,30
3,0-1-0-1-0-1-1-1-0-2,3,30,0.6761355506756311,0.6602510019176228,30
3,0-1-0-1-0-1-1-1-1-2,1,28,0.7352512217896696,0.651307020150491,30
3,0-1-0-1-0-1-1-1-2-0,1,28,0.6761355506756311,0.6694098183712627,30
3,0-1-0-1-0-1-1-1-2-1,1,29,0.7352512217896696,0.6591360321911119,30
3,0-1-0-1-0-1-1-1-2-2,1,28,0.619097042104272,0.6045966999305109,30
3,0-1-0-1-0-1-1-2-0-0,3,29,0.5577888254019997,0.6671773880554145,30
3,0-1-0-1-0-1-1-2-0-1,3,30,0.5986015012295582,0.6493733466223476,30
3,0-1-0-1-0-1-1-2-0-2,3,29,0.4824109003821939,0.6001303895474833,30
3,0-1-0-1-0-1-1-2-1-0,1,27,0.5986015012295582,0.651467261097391,30
3,0-1-0-1-0-1-1-2-1-1,1,28,0.65779853325227,0.6396051270473992,30
3,0-1-0-1-0-1-1-2-1-2,1,27,0.541761520514614,0.5860912340702304,30
3,0-1-0-1-0-1-1-2-2-0,1,27,0.4824109003821939,0.6095321155132837,30
3,0-1-0-1-0-1-1-2-2-1,1,28,0.541761520514614,0.5934239640083825,30
3,0-1-0-1-0-1-1-2-2-2,1,27,0.42601871955982645,0.5428492122685535,30
3,0-1-0-1-0-1-2-0-0-0,3,29,0.6062545831000054,0.7115353193756738,30
3,0-1-0-1-0-1-2-0-0-1,3,29,0.6152237888247455,0.687777924352914,30
3,0-1-0-1-0-1-2-0-0-2,3,32,0.507372438608717,0.6433761212210901,30
3,0-1-0-1-0-1-2-0-1-0,1,27,0.6152237888247455,0.6907535524977705,30
3,0-1-0-1-0-1-2-0-1-1,1,27,0.6454732920002246,0.672325429304122,30
3,0-1-0-1-0-1-2-0-1-2,1,30,0.5310107033174372,0.6235810436286556,30
3,0-1-0-1-0-1-2-0-2-0,1,27,0.507372438608717,0.6529496249352875,30
3,0-1-0-1-0-1-2-0-2-1,1,27,0.5310107033174372,0.630207664391313,30
3,0-1-0-1-0-1-2-0-2-2,1,30,0.41771848526653654,0.5849090403080692,30
3,0-1-0-1-0-1-2-1-0-0,3,30,0.6331697846354439,0.6835279145939954,30
3,0-1-0-1-0-1-2-1-0-1,3,30,0.6761355506756311,0.667400013563322,30
3,0-1-0-1-0-1-2-1-0-2,3,33,0.5598535130356018,0.6169189050848918,30
3,0-1-0-1-0-1-2-1-1-0,1,28,0.6761355506756311,0.6692640488891775,30
3,0-1-0-1-0-1-2-1-1-1,1,28,0.7352512217896696,0.6589778336963714,30
3,0-1-0-1-0-1-2-1-1-2,1,31,0.619097042104272,0.6044463728104598,30
3,0-1-0-1-0-1-2-1-2-0,1,28,0.5598535130356018,0.6262540305513749,30
3,0-1-0-1-0-1-2-1-2-1,1,28,0.619097042104272,0.6119387256116489,30
3,0-1-0-1-0-1-2-1-2-2,1,31,0.5031378593237977,0.5600872131162153,30
3,0-1-0-1-0-1-2-2-0-0,3,29,0.4462227897008734,0.62895607622235,30
3,0-1-0-1-0-1-2-2-0-1,3,29,0.4824109003821939,0.6066876553125569,30
3,0-1-0-1-0-1-2-2-0-2,3,32,0.3664649586037602,0.560974575201419,30
3,0-1-0-1-0-1-2-2-1-0,1,27,0.4824109003821939,0.6093986414120055,30
3,0-1-0-1-0-1-2-2-1-1,1,27,0.541761520514614,0.5932755848161565,30
3,0-1-0-1-0-1-2-2-1-2,1,30,0.42601871955982645,0.5427116706009338,30
3,0-1-0-1-0-1-2-2-2-0,1,27,0.3664649586037602,0.5705194521996388,30
3,0-1-0-1-0-1-2-2-2-1,1,27,0.42601871955982645,0.5495808727349142,30
3,0-1-0-1-0-1-2-2-2-2,1,30,0.31089889556590583,0.5027168424034502,30
3,0-1-0-1-0-2-0-0-0-0,3,29,0.6194906764974482,0.7331342481815568,30
3,0-1-0-1-0-2-0-0-0-1,3,29,0.6062545831000054,0.7040259291672449,30
3,0-1-0-1-0-2-0-0-0-2,3,29,0.5099617489826583,0.6644529293200507,30
3,0-1-0-1-0-2-0-0-1-0,1,27,0.6062545831000054,0.7077866110906325,30
3,0-1-0-1-0-2-0-0-1-1,1,27,0.6152237888247455,0.6835595219253034,30
3,0-1-0-1-0-2-0-0-1-2,1,27,0.507372438608717,0.6395594431408879,30
3,0-1-0-1-0-2-0-0-2-0,1,27,0.5099617489826583,0.6741064648800857,30
3,0-1-0-1-0-2-0-0-2-1,1,27,0.507372438608717,0.6454833337294256,30
3,0-1-0-1-0-2-0-0-2-2,1,27,0.40439218850919467,0.6054390518548562,30
3,0-1-0-1-0-2-0-1-0-0,3,30,0.6097773683950303,0.6985736689796231,30
3,0-1-0-1-0-2-0-1-0-1,3,30,0.6331697846354439,0.6764822685345593,30
3,0-1-0-1-0-2-0-1-0-2,3,30,0.5203561608340671,0.6306704711657147,30
3,0-1-0-1-0-2-0-1-1-0,1,28,0.6331697846354439,0.6792107401323606,30
3,0-1-0-1-0-2-0-1-1-1,1,28,0.6761355506756311,0.6626276241251052,30
3,0-1-0-1-0-2-0-1-1-2,1,28,0.5598535130356018,0.6124784296333562,30
3,0-1-0-1-0-2-0-1-2-0,1,28,0.5203561608340671,0.6402045531676399,30
3,0-1-0-1-0-2-0-1-2-1,1,28,0.5598535130356018,0.6193121051560752,30
3,0-1-0-1-0-2-0-1-2-2,1,28,0.4437255894951171,0.5724744467640729,30
3,0-1-0-1-0-2-0-2-0-0,3,29,0.4389636076406782,0.649907651640481,30
3,0-1-0-1-0-2-0-2-0-1,3,29,0.4462227897008734,0.6215101298670711,30
3,0-1-0-1-0-2-0-2-0-2,3,29,0.33805465815032903,0.5812471338880306,30
3,0-1-0-1-0-2-0-2-1-0,1,27,0.4462227897008734,0.625123200186816,30
3,0-1-0-1-0-2-0-2-1-1,1,27,0.4824109003821939,0.6023279433754224,30
3,0-1-0-1-0-2-0-2-1-2,1,27,0.3664649586037602,0.5570545892910963,30
3,0-1-0-1-0-2-0-2-2-0,1,27,0.33805465815032903,0.5908973289280515,30
3,0-1-0-1-0-2-0-2-2-1,1,27,0.3664649586037602,0.56313148042629,30
3,0-1-0-1-0-2-0-2-2-2,1,27,0.25110281660103073,0.5222575786133049,30
3,0-1-0-1-0-2-1-0-0-0,3,29,0.6062545831000054,0.70770974576769,30
3,0-1-0-1-0-2-1-0-0-1,3,30,0.6152237888247455,0.6834995165298163,30
3,0-1-0-1-0-2-1-0-0-2,3,29,0.507372438608717,0.6394848431036168,30
3,0-1-0-1-0-2-1-0-1-0,1,27,0.6152237888247455,0.6865384758773606,30
3,0-1-0-1-0-2-1-0-1-1,1,28,0.6454732920002246,0.6676665588409042,30
3,0-1-0-1-0-2-1-0-1-2,1,27,0.5310107033174372,0.6192619673538483,30
3,0-1-0-1-0-2-1-0-2-0,1,27,0.507372438608717,0.6490683717471263,30
3,0-1-0-1-0-2-1-0-2-1,1,28,0.5310107033174372,0.6258360656678796,30
3,0-1-0-1-0-2-1-0-2-2,1,27,0.41771848526653654,0.5809497238140973,30
3,0-1-0-1-0-2-1-1-0-0,3,30,0.6331697846354439,0.6791545251528296,30
3,0-1-0-1-0-2-1-1-0-1,3,31,0.6761355506756311,0.6625902047604048,30
3,0-1-0-1-0-2-1-1-0-2,3,30,0.5598535130356018,0.6124270177937344,30
3,0-1-0-1-0-2-1-1-1-0,1,28,0.6761355506756311,0.6645140037486627,30
3,0-1-0-1-0-2-1-1-1-1,1,29,0.7352512217896696,0.6538186458640258,30
3,0-1-0-1-0-2-1-1-1-2,1,28,0.619097042104272,0.5995476372336895,30
3,0-1-0-1-0-2-1-1-2-0,1,28,0.5598535130356018,0.6217801337707715,30
3,0-1-0-1-0-2-1-1-2-1,1,29,0.619097042104272,0.6069991517350982,30
3,0-1-0-1-0-2-1-1-2-2,1,28,0.5031378593237977,0.5554741829578413,30
3,0-1-0-1-0-2-1-2-0-0,3,29,0.4462227897008734,0.6250491451731756,30
3,0-1-0-1-0-2-1-2-0-1,3,30,0.4824109003821939,0.6022733113023643,30
3,0-1-0-1-0-2-1-2-0-2,3,29,0.3664649586037602,0.5569835004318816,30
3,0-1-0-1-0-2-1-2-1-0,1,27,0.4824109003821939,0.6050548960678642,30
3,0-1-0-1-0-2-1-2-1-1,1,28,0.541761520514614,0.5884413182073571,30
3,0-1-0-1-0-2-1-2-1-2,1,27,0.42601871955982645,0.5382361360718814,30
3,0-1-0-1-0-2-1-2-2-0,1,27,0.3664649586037602,0.566541347446668,30
3,0-1-0-1-0-2-1-2-2-1,1,28,0.42601871955982645,0.5450489253620665,30
3,0-1-0-1-0-2-1-2-2-2,1,27,0.31089889556590583,0.49863647513077275,30
3,0-1-0-1-0-2-2-0-0-0,3,29,0.5099617489826583,0.6739119886678798,30
3,0-1-0-1-0-2-2-0-0-1,3,29,0.507372438608717,0.6452906030873158,30
3,0-1-0-1-0-2-2-0-0-2,3,32,0.40439218850919467,0.6052446279434578,30
3,0-1-0-1-0-2-2-0-1-0,1,27,0.507372438608717,0.6489502263380683,30
3,0-1-0-1-0-2-2-0-1-1,1,27,0.5310107033174372,0.6257028370714379,30
3,0-1-0-1-0-2-2-0-1-2,1,30,0.41771848526653654,0.5808292455572539,30
3,0-1-0-1-0-2-2-0-2-0,1,27,0.40439218850919467,0.6148959279664337,30
3,0-1-0-1-0-2-2-0-2-1,1,27,0.41771848526653654,0.5868578373323964,30
3,0-1-0-1-0-2-2-0-2-2,1,30,0.30689553332148517,0.5462469620110861,30
3,0-1-0-1-0-2-2-1-0-0,3,30,0.5203561608340671,0.6400124478697685,30
3,0-1-0-1-0-2-2-1-0-1,3,30,0.5598535130356018,0.6191243275447134,30
3,0-1-0-1-0-2-2-1-0-2,3,33,0.4437255894951171,0.5722829958996194,30
3,0-1-0-1-0-2-2-1-1-0,1,28,0.5598535130356018,0.6216437555057217,30
3,0-1-0-1-0-2-2-1-1-1,1,28,0.619097042104272,0.6068484229041213,30
3,0-1-0-1-0-2-2-1-1-2,1,31,0.5031378593237977,0.5553335734251162,30
3,0-1-0-1-0-2-2-1-2-0,1,28,0.4437255894951171,0.5817891078012665,30
3,0-1-0-1-0-2-2-1-2-1,1,28,0.5031378593237977,0.5623522832992632,30
3,0-1-0-1-0-2-2-1-2-2,1,31,0.38754874915451265,0.5142912696287053,30
3,0-1-0-1-0-2-2-2-0-0,3,29,0.33805465815032903,0.5907029184966726,30
3,0-1-0-1-0-2-2-2-0-1,3,29,0.3664649586037602,0.5629393703290385,30
3,0-1-0-1-0-2-2-2-0-2,3,32,0.25110281660103073,0.5220632477694154,30
3,0-1-0-1-0-2-2-2-1-0,1,27,0.3664649586037602,0.5664203072656873,30
3,0-1-0-1-0-2-2-2-1-1,1,27,0.42601871955982645,0.5449108287797597,30
3,0-1-0-1-0-2-2-2-1-2,1,30,0.31089889556590583,0.4985123732469231,30
3,0-1-0-1-0-2-2-2-2-0,1,27,0.25110281660103073,0.531710042426286,30
3,0-1-0-1-0-2-2-2-2-1,1,27,0.31089889556590583,0.5047265507274125,30
3,0-1-0-1-0-2-2-2-2-2,1,30,0.19749447247055918,0.4630990348300756,30
3,0-1-0-1-1-0-0-0-0-2,3,31,0.6194906764974482,0.6603899093942986,30
3,0-1-0-1-1-0-0-0-1-2,1,29,0.6062545831000054,0.6513834190133818,30
3,0-1-0-1-1-0-0-0-2-0,1,29,0.6194906764974482,0.6695519509516443,30
3,0-1-0-1-1-0-0-0-2-1,1,29,0.6062545831000054,0.6592063180872682,30
3,0-1-0-1-1-0-0-0-2-2,1,29,0.5099617489826583,0.6047136967601134,30
3,0-1-0-1-1-0-0-1-0-2,3,32,0.6097773683950303,0.6492108915716073,30
3,0-1-0-1-1-0-0-1-1-2,1,30,0.6331697846354439,0.6476930641963256,30
3,0-1-0-1-1-0-0-1-2-0,1,30,0.6097773683950303,0.657916833888302,30
3,0-1-0-1-1-0-0-1-2-1,1,30,0.6331697846354439,0.6561738494206946,30
3,0-1-0-1-1-0-0-1-2-2,1,30,0.5203561608340671,0.5966251780835348,30
3,0-1-0-1-1-0-0-2-0-0,3,31,0.5461473384649249,0.6466122265047928,30
3,0-1-0-1-1-0-0-2-0-1,3,31,0.5395486630101335,0.6372018549766759,30
3,0-1-0-1-1-0-0-2-0-2,3,31,0.4389636076406782,0.5820803784410181,30
3,0-1-0-1-1-0-0-2-1-0,1,29,0.5395486630101335,0.6380857084463758,30
3,0-1-0-1-1-0-0-2-1-1,1,29,0.5577888254019997,0.6349781523298782,30
3,0-1-0-1-1-0-0-2-1-2,1,29,0.4462227897008734,0.5761302733499841,30
3,0-1-0-1-1-0-0-2-2-0,1,29,0.4389636076406782,0.5910940208879699,30
3,0-1-0-1-1-0-0-2-2-1,1,29,0.4462227897008734,0.5842717681832658,30
3,0-1-0-1-1-0-0-2-2-2,1,29,0.33805465815032903,0.5274726411128661,30
3,0-1-0-1-1-0-1-0-0-2,3,31,0.6062545831000054,0.6513623972353012,30
3,0-1-0-1-1-0-1-0-1-2,1,29,0.6152237888247455,0.6476607385745152,30
3,0-1-0-1-1-0-1-0-2-0,1,29,0.6062545831000054,0.660215882160934,30
3,0-1-0-1-1-0-1-0-2-1,1,29,0.6152237888247455,0.6559649286352264,30
3,0-1-0-1-1-0-1-0-2-2,1,29,0.507372438608717,0.5977790243585823,30
3,0-1-0-1-1-0-1-1-0-2,3,32,0.6331697846354439,0.6476969673262268,30
3,0-1-0-1-1-0-1-1-1-2,1,30,0.6761355506756311,0.6515741084323646,30
3,0-1-0-1-1-0-1-1-2-0,1,30,0.6331697846354439,0.6559864297331736,30
3,0-1-0-1-1-0-1-1-2-1,1,30,0.6761355506756311,0.6604389283672631,30
3,0-1-0-1-1-0-1-1-2-2,1,30,0.5598535130356018,0.5979139985676092,30
3,0-1-0-1-1-0-1-2-0-0,3,31,0.5395486630101335,0.6380664702924026,30
3,0-1-0-1-1-0-1-2-0-1,3,31,0.5577888254019997,0.6349799010917551,30
3,0-1-0-1-1-0-1-2-0-2,3,31,0.4462227897008734,0.5761205836379985,30
3,0-1-0-1-1-0-1-2-1-0,1,29,0.5577888254019997,0.6349651596681889,30
3,0-1-0-1-1-0-1-2-1-1,1,29,0.5986015012295582,0.6382604941276403,30
3,0-1-0-1-1-0-1-2-1-2,1,29,0.4824109003821939,0.5762199106406267,30
3,0-1-0-1-1-0-1-2-2-0,1,29,0.4462227897008734,0.5847363144075588,30
3,0-1-0-1-1-0-1-2-2-1,1,29,0.4824109003821939,0.5848501831343526,30
3,0-1-0-1-1-0-1-2-2-2,1,29,0.3664649586037602,0.5242401299590096,30
3,0-1-0-1-1-0-2-0-0-0,3,31,0.6194906764974482,0.6693672396425121,30
3,0-1-0-1-1-0-2-0-0-1,3,31,0.6062545831000054,0.6590288628905596,30
3,0-1-0-1-1-0-2-0-0-2,3,34,0.5099617489826583,0.6045313169713398,30
3,0-1-0-1-1-0-2-0-1-0,1,29,0.6062545831000054,0.6600594438439892,30
3,0-1-0-1-1-0-2-0-1-1,1,29,0.6152237888247455,0.6557972705923267,30
3,0-1-0-1-1-0-2-0-1-2,1,32,0.507372438608717,0.5976174413003381,30
3,0-1-0-1-1-0-2-0-2-0,1,29,0.5099617489826583,0.6135936828688856,30
3,0-1-0-1-1-0-2-0-2-1,1,29,0.507372438608717,0.6056618473364911,30
3,0-1-0-1-1-0-2-0-2-2,1,32,0.40439218850919467,0.5495706227970979,30
3,0-1-0-1-1-0-2-1-0-0,3,32,0.6097773683950303,0.657741186069107,30
3,0-1-0-1-1-0-2-1-0-1,3,32,0.6331697846354439,0.6560079374784491,30
3,0-1-0-1-1-0-2-1-0-2,3,35,0.5203561608340671,0.5964539230548614,30
3,0-1-0-1-1-0-2-1-1-0,1,30,0.6331697846354439,0.6558166155943801,30
3,0-1-0-1-1-0-2-1-1-1,1,30,0.6761355506756311,0.660260122652672,30
3,0-1-0-1-1-0-2-1-1-2,1,33,0.5598535130356018,0.5977388834699199,30
3,0-1-0-1-1-0-2-1-2-0,1,30,0.5203561608340671,0.6049720429657038,30
3,0-1-0-1-1-0-2-1-2-1,1,30,0.5598535130356018,0.6064459118499286,30
3,0-1-0-1-1-0-2-1-2-2,1,33,0.4437255894951171,0.5452064171839486,30
3,0-1-0-1-1-0-2-2-0-0,3,31,0.4389636076406782,0.5909122355494099,30
3,0-1-0-1-1-0-2-2-0-1,3,31,0.4462227897008734,0.5840993181999631,30
3,0-1-0-1-1-0-2-2-0-2,3,34,0.33805465815032903,0.5272943081253703,30
3,0-1-0-1-1-0-2-2-1-0,1,29,0.4462227897008734,0.5845735512247683,30
3,0-1-0-1-1-0-2-2-1-1,1,29,0.4824109003821939,0.5846760045390255,30
3,0-1-0-1-1-0-2-2-1-2,1,32,0.3664649586037602,0.5240713492428383,30
3,0-1-0-1-1-0-2-2-2-0,1,29,0.33805465815032903,0.5361603993293785,30
3,0-1-0-1-1-0-2-2-2-1,1,29,0.3664649586037602,0.532470883950437,30
3,0-1-0-1-1-0-2-2-2-2,1,32,0.25110281660103073,0.473766863721991,30
3,0-1-0-1-1-1-0-0-0-2,3,30,0.6062545831000054,0.6507070788308209,30
3,0-1-0-1-1-1-0-0-1-2,1,28,0.6152237888247455,0.6475824983173359,30
3,0-1-0-1-1-1-0-0-2-0,1,28,0.6062545831000054,0.6595227427947671,30
3,0-1-0-1-1-1-0-0-2-1,1,28,0.6152237888247455,0.6559345547673813,30
3,0-1-0-1-1-1-0-0-2-2,1,28,0.507372438608717,0.5973796588730882,30
3,0-1-0-1-1-1-0-1-0-2,3,31,0.6331697846354439,0.6478567129005974,30
3,0-1-0-1-1-1-0-1-1-2,1,29,0.6761355506756311,0.6523095183069311,30
3,0-1-0-1-1-1-0-1-2-0,1,29,0.6331697846354439,0.656097296335248,30
3,0-1-0-1-1-1-0-1-2-1,1,29,0.6761355506756311,0.6612109797180609,30
3,0-1-0-1-1-1-0-1-2-2,1,29,0.5598535130356018,0.5984012647159845,30
3,0-1-0-1-1-1-0-2-0-0,3,30,0.5395486630101335,0.6374701618764347,30
3,0-1-0-1-1-1-0-2-0-1,3,30,0.5577888254019997,0.6350698992192357,30
3,0-1-0-1-1-1-0-2-0-2,3,30,0.4462227897008734,0.5758400570722626,30
3,0-1-0-1-1-1-0-2-1-0,1,28,0.5577888254019997,0.6349583220113152,30
3,0-1-0-1-1-1-0-2-1-1,1,28,0.5986015012295582,0.6389387219409296,30
3,0-1-0-1-1-1-0-2-1-2,1,28,0.4824109003821939,0.5765918485236368,30
3,0-1-0-1-1-1-0-2-2-0,1,28,0.4462227897008734,0.5844073143981899,30
3,0-1-0-1-1-1-0-2-2-1,1,28,0.4824109003821939,0.5852691720737798,30
3,0-1-0-1-1-1-0-2-2-2,1,28,0.3664649586037602,0.5242904951082414,30
3,0-1-0-1-1-1-1-0-0-2,3,30,0.6152237888247455,0.6475810898235436,30
3,0-1-0-1-1-1-1-0-1-2,1,28,0.6454732920002246,0.6498542845949743,30
3,0-1-0-1-1-1-1-0-2-0,1,28,0.6152237888247455,0.6560021872312006,30
3,0-1-0-1-1-1-1-0-2-1,1,28,0.6454732920002246,0.6586126200471167,30
3,0-1-0-1-1-1-1-0-2-2,1,28,0.5310107033174372,0.5969145576239057,30
3,0-1-0-1-1-1-1-1-0-2,3,31,0.6761355506756311,0.6523329867122747,30
3,0-1-0-1-1-1-1-1-1-2,1,29,0.7352512217896696,0.662067705298654,30
3,0-1-0-1-1-1-1-1-2-0,1,29,0.6761355506756311,0.6600838759529659,30
3,0-1-0-1-1-1-1-1-2-1,1,29,0.7352512217896696,0.6712665956929813,30
3,0-1-0-1-1-1-1-1-2-2,1,29,0.619097042104272,0.6061411102439654,30
3,0-1-0-1-1-1-1-2-0-0,3,30,0.5577888254019997,0.6349591181193383,30
3,0-1-0-1-1-1-1-2-0-1,3,30,0.5986015012295582,0.63896046282482,30
3,0-1-0-1-1-1-1-2-0-2,3,30,0.4824109003821939,0.5766043328041645,30
3,0-1-0-1-1-1-1-2-1-0,1,28,0.5986015012295582,0.6379520975077675,30
3,0-1-0-1-1-1-1-2-1-1,1,28,0.65779853325227,0.6482324584418014,30
3,0-1-0-1-1-1-1-2-1-2,1,28,0.541761520514614,0.5833908455627914,30
3,0-1-0-1-1-1-1-2-2-0,1,28,0.4824109003821939,0.5846706340613766,30
3,0-1-0-1-1-1-1-2-2-1,1,28,0.541761520514614,0.5924522484980654,30
3,0-1-0-1-1-1-1-2-2-2,1,28,0.42601871955982645,0.5284546104935611,30
3,0-1-0-1-1-1-2-0-0-0,3,30,0.6062545831000054,0.6593449140236094,30
3,0-1-0-1-1-1-2-0-0-1,3,30,0.6152237888247455,0.6557659592844992,30
3,0-1-0-1-1-1-2-0-0-2,3,33,0.507372438608717,0.597205739998313,30
3,0-1-0-1-1-1-2-0-1-0,1,28,0.6152237888247455,0.6558349999050295,30
3,0-1-0-1-1-1-2-0-1-1,1,28,0.6454732920002246,0.6584359307483683,30
3,0-1-0-1-1-1-2-0-1-2,1,31,0.5310107033174372,0.5967420316894247,30
3,0-1-0-1-1-1-2-0-2-0,1,28,0.507372438608717,0.6058542345928447,30
3,0-1-0-1-1-1-2-0-2-1,1,28,0.5310107033174372,0.6053223573666027,30
3,0-1-0-1-1-1-2-0-2-2,1,31,0.41771848526653654,0.5450719070955085,30
3,0-1-0-1-1-1-2-1-0-0,3,31,0.6331697846354439,0.655930903905431,30
3,0-1-0-1-1-1-2-1-0-1,3,31,0.6761355506756311,0.6610559991200895,30
3,0-1-0-1-1-1-2-1-0-2,3,34,0.5598535130356018,0.5982412002861389,30
3,0-1-0-1-1-1-2-1-1-0,1,29,0.6761355506756311,0.6599054323817134,30
3,0-1-0-1-1-1-2-1-1-1,1,29,0.7352512217896696,0.6710811523607868,30
3,0-1-0-1-1-1-2-1-1-2,1,32,0.619097042104272,0.6059578267130157,30
3,0-1-0-1-1-1-2-1-2-0,1,29,0.5598535130356018,0.6062111739254005,30
3,0-1-0-1-1-1-2-1-2-1,1,29,0.619097042104272,0.6150643833882246,30
3,0-1-0-1-1-1-2-1-2-2,1,32,0.5031378593237977,0.5506943076754451,30
3,0-1-0-1-1-1-2-2-0-0,3,30,0.4462227897008734,0.5842343867116891,30
3,0-1-0-1-1-1-2-2-0-1,3,30,0.4824109003821939,0.5851079379972339,30
3,0-1-0-1-1-1-2-2-0-2,3,33,0.3664649586037602,0.5241232721616743,30
3,0-1-0-1-1-1-2-2-1-0,1,28,0.4824109003821939,0.584496919441453,30
3,0-1-0-1-1-1-2-2-1-1,1,28,0.541761520514614,0.5922695158625514,30
3,0-1-0-1-1-1-2-2-1-2,1,31,0.42601871955982645,0.5282750795635605,30
3,0-1-0-1-1-1-2-2-2-0,1,28,0.3664649586037602,0.5324466678257416,30
3,0-1-0-1-1-1-2-2-2-1,1,28,0.42601871955982645,0.5371996459566849,30
3,0-1-0-1-1-1-2-2-2-2,1,31,0.31089889556590583,0.4743415330501156,30
3,0-1-0-1-1-2-0-0-0-0,3,30,0.6194906764974482,0.6633338973264177,30
3,0-1-0-1-1-2-0-0-0-1,3,30,0.6062545831000054,0.6532349176404141,30
3,0-1-0-1-1-2-0-0-0-2,3,30,0.5099617489826583,0.5985752971575032,30
3,0-1-0-1-1-2-0-0-1-0,1,28,0.6062545831000054,0.6542276302687479,30
3,0-1-0-1-1-2-0-0-1-1,1,28,0.6152237888247455,0.6502636700462412,30
3,0-1-0-1-1-2-0-0-1-2,1,28,0.507372438608717,0.5919094899376601,30
3,0-1-0-1-1-2-0-0-2-0,1,28,0.5099617489826583,0.6076252919520672,30
3,0-1-0-1-1-2-0-0-2-1,1,28,0.507372438608717,0.599979181929273,30
3,0-1-0-1-1-2-0-0-2-2,1,28,0.40439218850919467,0.5437040302750156,30
3,0-1-0-1-1-2-0-1-0-0,3,31,0.6097773683950303,0.6520068559581187,30
3,0-1-0-1-1-2-0-1-0-1,3,31,0.6331697846354439,0.6505946080822991,30
3,0-1-0-1-1-2-0-1-0-2,3,31,0.5203561608340671,0.5908651876907306,30
3,0-1-0-1-1-2-0-1-1-0,1,29,0.6331697846354439,0.650354419234827,30
3,0-1-0-1-1-2-0-1-1-1,1,29,0.6761355506756311,0.655168928262139,30
3,0-1-0-1-1-2-0-1-1-2,1,29,0.5598535130356018,0.5924796413995517,30
3,0-1-0-1-1-2-0-1-2-0,1,29,0.5203561608340671,0.5993601380326413,30
3,0-1-0-1-1-2-0-1-2-1,1,29,0.5598535130356018,0.601211696458192,30
3,0-1-0-1-1-2-0-1-2-2,1,29,0.4437255894951171,0.5397836186505105,30
3,0-1-0-1-1-2-0-2-0-0,3,30,0.4389636076406782,0.5849759456729595,30
3,0-1-0-1-1-2-0-2-0-1,3,30,0.4462227897008734,0.5784713113732349,30
3,0-1-0-1-1-2-0-2-0-2,3,30,0.33805465815032903,0.5214727122370426,30
3,0-1-0-1-1-2-0-2-1-0,1,28,0.4462227897008734,0.5788970449478179,30
3,0-1-0-1-1-2-0-2-1-1,1,28,0.4824109003821939,0.579378149232204,30
3,0-1-0-1-1-2-0-2-1-2,1,28,0.3664649586037602,0.5185761721169425,30
3,0-1-0-1-1-2-0-2-2-0,1,28,0.33805465815032903,0.5303201774688804,30
3,0-1-0-1-1-2-0-2-2-1,1,28,0.3664649586037602,0.5270049494480885,30
3,0-1-0-1-1-2-0-2-2-2,1,28,0.25110281660103073,0.4680827633175894,30
3,0-1-0-1-1-2-1-0-0-0,3,30,0.6062545831000054,0.6542062375445786,30
3,0-1-0-1-1-2-1-0-0-1,3,30,0.6152237888247455,0.6502627325039595,30
3,0-1-0-1-1-2-1-0-0-2,3,30,0.507372438608717,0.591897152507597,30
3,0-1-0-1-1-2-1-0-1-0,1,28,0.6152237888247455,0.6503796335449442,30
3,0-1-0-1-1-2-1-0-1-1,1,28,0.6454732920002246,0.6526672489591151,30
3,0-1-0-1-1-2-1-0-1-2,1,28,0.5310107033174372,0.5911113521839049,30
3,0-1-0-1-1-2-1-0-2-0,1,28,0.507372438608717,0.6005708985051821,30
3,0-1-0-1-1-2-1-0-2-1,1,28,0.5310107033174372,0.599669700100701,30
3,0-1-0-1-1-2-1-0-2-2,1,28,0.41771848526653654,0.5395988251731196,30
3,0-1-0-1-1-2-1-1-0-0,3,31,0.6331697846354439,0.6503578413169566,30
3,0-1-0-1-1-2-1-1-0-1,3,31,0.6761355506756311,0.655192755889959,30
3,0-1-0-1-1-2-1-1-0-2,3,31,0.5598535130356018,0.5924946940271215,30
3,0-1-0-1-1-2-1-1-1-0,1,29,0.6761355506756311,0.654078883459285,30
3,0-1-0-1-1-2-1-1-1-1,1,29,0.7352512217896696,0.6650236548334909,30
3,0-1-0-1-1-2-1-1-1-2,1,29,0.619097042104272,0.5999719589459546,30
3,0-1-0-1-1-2-1-1-2-0,1,29,0.5598535130356018,0.6004897363153472,30
3,0-1-0-1-1-2-1-1-2-1,1,29,0.619097042104272,0.6090670521991512,30
3,0-1-0-1-1-2-1-1-2-2,1,29,0.5031378593237977,0.5447913492342158,30
3,0-1-0-1-1-2-1-2-0-0,3,30,0.4462227897008734,0.5788868790523699,30
3,0-1-0-1-1-2-1-2-0-1,3,30,0.4824109003821939,0.5793910955164467,30
3,0-1-0-1-1-2-1-2-0-2,3,30,0.3664649586037602,0.5185777301526807,30
3,0-1-0-1-1-2-1-2-1-0,1,28,0.4824109003821939,0.5788271624546925,30
3,0-1-0-1-1-2-1-2-1-1,1,28,0.541761520514614,0.5863019332328926,30
3,0-1-0-1-1-2-1-2-1-2,1,28,0.42601871955982645,0.5224138709040228,30
3,0-1-0-1-1-2-1-2-2-0,1,28,0.3664649586037602,0.5269303741151695,30
3,0-1-0-1-1-2-1-2-2-1,1,28,0.42601871955982645,0.5313211524456448,30
3,0-1-0-1-1-2-1-2-2-2,1,28,0.31089889556590583,0.4686080587537811,30
3,0-1-0-1-1-2-2-0-0-0,3,30,0.5099617489826583,0.6074427904806249,30
3,0-1-0-1-1-2-2-0-0-1,3,30,0.507372438608717,0.59980551253614,30
3,0-1-0-1-1-2-2-0-0-2,3,33,0.40439218850919467,0.5435246935426995,30
3,0-1-0-1-1-2-2-0-1-0,1,28,0.507372438608717,0.6004095630344365,30
3,0-1-0-1-1-2-2-0-1-1,1,28,0.5310107033174372,0.5994969579885935,30
3,0-1-0-1-1-2-2-0-1-2,1,31,0.41771848526653654,0.5394316613003549,30
3,0-1-0-1-1-2-2-0-2-0,1,28,0.40439218850919467,0.5524394205770293,30
3,0-1-0-1-1-2-2-0-2-1,1,28,0.41771848526653654,0.5477515382138125,30
3,0-1-0-1-1-2-2-0-2-2,1,31,0.30689553332148517,0.4896393696219723,30
3,0-1-0-1-1-2-2-1-0-0,3,31,0.5203561608340671,0.5991886551029363,30
3,0-1-0-1-1-2-2-1-0-1,3,31,0.5598535130356018,0.6010518772392814,30
3,0-1-0-1-1-2-2-1-0-2,3,34,0.4437255894951171,0.5396180093096739,30
3,0-1-0-1-1-2-2-1-1-0,1,29,0.5598535130356018,0.600314868729279,30
3,0-1-0-1-1-2-2-1-1-1,1,29,0.619097042104272,0.6088836559136493,30
3,0-1-0-1-1-2-2-1-1-2,1,32,0.5031378593237977,0.5446108869927058,30
3,0-1-0-1-1-2-2-1-2-0,1,29,0.4437255894951171,0.5478618556472029,30
3,0-1-0-1-1-2-2-1-2-1,1,29,0.5031378593237977,0.5535805746666478,30
3,0-1-0-1-1-2-2-1-2-2,1,32,0.38754874915451265,0.49034499541953913,30
3,0-1-0-1-1-2-2-2-0-0,3,30,0.33805465815032903,0.5301416612818584,30
3,0-1-0-1-1-2-2-2-0-1,3,30,0.3664649586037602,0.5268380139777449,30
3,0-1-0-1-1-2-2-2-0-2,3,33,0.25110281660103073,0.4679091101671682,30
3,0-1-0-1-1-2-2-2-1-0,1,28,0.3664649586037602,0.5267618811868783,30
3,0-1-0-1-1-2-2-2-1-1,1,28,0.42601871955982645,0.5311414515073986,30
3,0-1-0-1-1-2-2-2-1-2,1,31,0.31089889556590583,0.4684328755206471,30
3,0-1-0-1-1-2-2-2-2-0,1,28,0.25110281660103073,0.47654878896536457,30
3,0-1-0-1-1-2-2-2-2-1,1,28,0.31089889556590583,0.4771471316647959,30
3,0-1-0-1-1-2-2-2-2-2,1,31,0.19749447247055918,0.4160679664521402,30
3,0-1-0-1-2-0-0-0-0-0,3,30,0.7312018740763038,0.5914120282863813,30
3,0-1-0-1-2-0-0-0-0-1,3,30,0.7105224958742579,0.5636400973483798,30
3,0-1-0-1-2-0-0-0-0-2,3,32,0.6194906764974482,0.5227720676691694,30
3,0-1-0-1-2-0-0-0-1-0,1,28,0.7105224958742579,0.5671227841923768,30
3,0-1-0-1-2-0-0-0-1-1,1,28,0.7086663694417064,0.5455962560169508,30
3,0-1-0-1-2-0-0-0-1-2,1,30,0.6062545831000054,0.4992126049386783,30
3,0-1-0-1-2-0-0-0-2-0,1,31,0.6194906764974482,0.5324189099477529,30
3,0-1-0-1-2-0-0-0-2-1,1,31,0.6062545831000054,0.5054249626337165,30
3,0-1-0-1-2-0-0-0-2-2,1,31,0.5099617489826583,0.4638074959460679,30
3,0-1-0-1-2-0-0-1-0-0,3,31,0.7071535289024482,0.558667222820634,30
3,0-1-0-1-2-0-0-1-0-1,3,31,0.7180193352799787,0.5398957710133918,30
3,0-1-0-1-2-0-0-1-0-2,3,33,0.6097773683950303,0.4912837430354068,30
3,0-1-0-1-2-0-0-1-1-0,1,29,0.7180193352799787,0.5420471644972351,30
3,0-1-0-1-2-0-0-1-1-1,1,29,0.7471393362527755,0.5303947174850434,30
3,0-1-0-1-2-0-0-1-1-2,1,31,0.6331697846354439,0.47657979804279693,30
3,0-1-0-1-2-0-0-1-2-0,1,32,0.6097773683950303,0.5007332354565626,30
3,0-1-0-1-2-0-0-1-2-1,1,32,0.6331697846354439,0.48391598014643306,30
3,0-1-0-1-2-0-0-1-2-2,1,32,0.5203561608340671,0.4337158903015641,30
3,0-1-0-1-2-0-0-2-0-0,3,32,0.5461473384649249,0.5082375271865561,30
3,0-1-0-1-2-0-0-2-0-1,3,32,0.5395486630101335,0.4816176480998777,30
3,0-1-0-1-2-0-0-2-0-2,3,32,0.4389636076406782,0.43964103213978767,30
3,0-1-0-1-2-0-0-2-1-0,1,30,0.5395486630101335,0.48485920426196155,30
3,0-1-0-1-2-0-0-2-1-1,1,30,0.5577888254019997,0.4656862387601938,30
3,0-1-0-1-2-0-0-2-1-2,1,30,0.4462227897008734,0.4172886604067211,30
3,0-1-0-1-2-0-0-2-2-0,1,31,0.4389636076406782,0.4492806361795691,30
3,0-1-0-1-2-0-0-2-2-1,1,31,0.4462227897008734,0.42375203835820224,30
3,0-1-0-1-2-0-0-2-2-2,1,31,0.33805465815032903,0.3807321804611112,30
3,0-1-0-1-2-0-1-0-0-0,3,30,0.7105224958742579,0.5670512099216589,30
3,0-1-0-1-2-0-1-0-0-1,3,31,0.7086663694417064,0.5455463945161355,30
3,0-1-0-1-2-0-1-0-0-2,3,32,0.6062545831000054,0.49914470155089635,30
3,0-1-0-1-2-0-1-0-1-0,1,28,0.7086663694417064,0.5480995105315585,30
3,0-1-0-1-2-0-1-0-1-1,1,29,0.7257779266108967,0.5334903161570913,30
3,0-1-0-1-2-0-1-0-1-2,1,30,0.6152237888247455,0.48174054936647265,30
3,0-1-0-1-2-0-1-0-2-0,1,31,0.6062545831000054,0.5086764688417055,30
3,0-1-0-1-2-0-1-0-2-1,1,32,0.6152237888247455,0.4887617711068093,30
3,0-1-0-1-2-0-1-0-2-2,1,31,0.507372438608717,0.4409933768873452,30
3,0-1-0-1-2-0-1-1-0-0,3,31,0.7180193352799787,0.5420022075342562,30
3,0-1-0-1-2-0-1-1-0-1,3,32,0.7471393362527755,0.5303740118396547,30
3,0-1-0-1-2-0-1-1-0-2,3,33,0.6331697846354439,0.4765427096999763,30
3,0-1-0-1-2-0-1-1-1-0,1,29,0.7471393362527755,0.5314869605930094,30
3,0-1-0-1-2-0-1-1-1-1,1,30,0.7925038670316957,0.5273837680814603,30
3,0-1-0-1-2-0-1-1-1-2,1,31,0.6761355506756311,0.46890028313367926,30
3,0-1-0-1-2-0-1-1-2-0,1,32,0.6331697846354439,0.4856892700278564,30
3,0-1-0-1-2-0-1-1-2-1,1,33,0.6761355506756311,0.4769557542679781,30
3,0-1-0-1-2-0-1-1-2-2,1,32,0.5598535130356018,0.4211243026814081,30
3,0-1-0-1-2-0-1-2-0-0,3,32,0.5395486630101335,0.4847922145987411,30
3,0-1-0-1-2-0-1-2-0-1,3,33,0.5577888254019997,0.46564523836818333,30
3,0-1-0-1-2-0-1-2-0-2,3,32,0.4462227897008734,0.4172268631274997,30
3,0-1-0-1-2-0-1-2-1-0,1,30,0.5577888254019997,0.46777397199438564,30
3,0-1-0-1-2-0-1-2-1-1,1,31,0.5986015012295582,0.45688022024085917,30
3,0-1-0-1-2-0-1-2-1-2,1,30,0.4824109003821939,0.4024049923911562,30
3,0-1-0-1-2-0-1-2-2-0,1,31,0.4462227897008734,0.426701493027939,30
3,0-1-0-1-2-0-1-2-2-1,1,32,0.4824109003821939,0.40980322824246207,30
3,0-1-0-1-2-0-1-2-2-2,1,31,0.3664649586037602,0.3595190929901432,30
3,0-1-0-1-2-0-2-0-0-0,3,32,0.6194906764974482,0.5322245653512431,30
3,0-1-0-1-2-0-2-0-0-1,3,32,0.6062545831000054,0.5052334816496511,30
3,0-1-0-1-2-0-2-0-0-2,3,35,0.5099617489826583,0.4636132625966009,30
3,0-1-0-1-2-0-2-0-1-0,1,30,0.6062545831000054,0.5085528683658453,30
3,0-1-0-1-2-0-2-0-1-1,1,30,0.6152237888247455,0.48861943579043055,30
3,0-1-0-1-2-0-2-0-1-2,1,33,0.507372438608717,0.44086598220041273,30
3,0-1-0-1-2-0-2-0-2-0,1,31,0.5099617489826583,0.4732553539628225,30
3,0-1-0-1-2-0-2-0-2-1,1,31,0.507372438608717,0.4472482958237468,30
3,0-1-0-1-2-0-2-0-2-2,1,33,0.40439218850919467,0.4046850002645798,30
3,0-1-0-1-2-0-2-1-0-0,3,33,0.6097773683950303,0.5005427918157135,30
3,0-1-0-1-2-0-2-1-0-1,3,33,0.6331697846354439,0.48373275165335117,30
3,0-1-0-1-2-0-2-1-0-2,3,36,0.5203561608340671,0.4335268832659477,30
3,0-1-0-1-2-0-2-1-1-0,1,31,0.6331697846354439,0.4855431143941277,30
3,0-1-0-1-2-0-2-1-1-1,1,31,0.6761355506756311,0.4767928843969092,30
3,0-1-0-1-2-0-2-1-1-2,1,34,0.5598535130356018,0.42097162975363034,30
3,0-1-0-1-2-0-2-1-2-0,1,32,0.5203561608340671,0.44291503394935816,30
3,0-1-0-1-2-0-2-1-2-1,1,32,0.5598535130356018,0.428591344905699,30
3,0-1-0-1-2-0-2-1-2-2,1,34,0.4437255894951171,0.3764322641146749,30
3,0-1-0-1-2-0-2-2-0-0,3,32,0.4389636076406782,0.4490864331599151,30
3,0-1-0-1-2-0-2-2-0-1,3,32,0.4462227897008734,0.42356193201027437,30
3,0-1-0-1-2-0-2-2-0-2,3,35,0.33805465815032903,0.38053817063125944,30
3,0-1-0-1-2-0-2-2-1-0,1,30,0.4462227897008734,0.4265731533707199,30
3,0-1-0-1-2-0-2-2-1-1,1,30,0.4824109003821939,0.40965325712014344,30
3,0-1-0-1-2-0-2-2-1-2,1,33,0.3664649586037602,0.3593853851814108,30
3,0-1-0-1-2-0-2-2-2-0,1,31,0.33805465815032903,0.3901695324811036,30
3,0-1-0-1-2-0-2-2-2-1,1,31,0.3664649586037602,0.36608861621575306,30
3,0-1-0-1-2-0-2-2-2-2,1,33,0.25110281660103073,0.32169549115294566,30
3,0-1-0-1-2-1-0-0-0-0,3,29,0.7105224958742579,0.5647440650185793,30
3,0-1-0-1-2-1-0-0-0-1,3,29,0.7086663694417064,0.5439527260728819,30
3,0-1-0-1-2-1-0-0-0-2,3,31,0.6062545831000054,0.4969624483325293,30
3,0-1-0-1-2-1-0-0-1-0,1,27,0.7086663694417064,0.546400757386591,30
3,0-1-0-1-2-1-0-0-1-1,1,27,0.7257779266108967,0.5325669413262263,30
3,0-1-0-1-2-1-0-0-1-2,1,29,0.6152237888247455,0.48026256235298365,30
3,0-1-0-1-2-1-0-0-2-0,1,30,0.6062545831000054,0.5064745790433769,30
3,0-1-0-1-2-1-0-0-2-1,1,30,0.6152237888247455,0.48736817037208835,30
3,0-1-0-1-2-1-0-0-2-2,1,30,0.507372438608717,0.438950299451589,30
3,0-1-0-1-2-1-0-1-0-0,3,30,0.7180193352799787,0.5405695203490972,30
3,0-1-0-1-2-1-0-1-0-1,3,30,0.7471393362527755,0.529736275070727,30
3,0-1-0-1-2-1-0-1-0-2,3,32,0.6331697846354439,0.47537293275162207,30
3,0-1-0-1-2-1-0-1-1-0,1,28,0.7471393362527755,0.5307347101579611,30
3,0-1-0-1-2-1-0-1-1-1,1,28,0.7925038670316957,0.5274556829292223,30
3,0-1-0-1-2-1-0-1-1-2,1,30,0.6761355506756311,0.4685145424372023,30
3,0-1-0-1-2-1-0-1-2-0,1,31,0.6331697846354439,0.4844781164742585,30
3,0-1-0-1-2-1-0-1-2-1,1,31,0.6761355506756311,0.47664104437622834,30
3,0-1-0-1-2-1-0-1-2-2,1,31,0.5598535130356018,0.4202476820844961,30
3,0-1-0-1-2-1-0-2-0-0,3,31,0.5395486630101335,0.4826410572721936,30
3,0-1-0-1-2-1-0-2-0-1,3,31,0.5577888254019997,0.4643482552747496,30
3,0-1-0-1-2-1-0-2-0-2,3,31,0.4462227897008734,0.41525246755524375,30
3,0-1-0-1-2-1-0-2-1-0,1,29,0.5577888254019997,0.4663510669359377,30
3,0-1-0-1-2-1-0-2-1-1,1,29,0.5986015012295582,0.4563828214741348,30
3,0-1-0-1-2-1-0-2-1-2,1,29,0.4824109003821939,0.4012954825617228,30
3,0-1-0-1-2-1-0-2-2-0,1,30,0.4462227897008734,0.4246987496394926,30
3,0-1-0-1-2-1-0-2-2-1,1,30,0.4824109003821939,0.40878902260639566,30
3,0-1-0-1-2-1-0-2-2-2,1,30,0.3664649586037602,0.3577517291135959,30
3,0-1-0-1-2-1-1-0-0-0,3,29,0.7086663694417064,0.5463498620844657,30
3,0-1-0-1-2-1-1-0-0-1,3,30,0.7257779266108967,0.532539860279945,30
3,0-1-0-1-2-1-1-0-0-2,3,31,0.6152237888247455,0.48021859476502604,30
3,0-1-0-1-2-1-1-0-1-0,1,27,0.7257779266108967,0.5339681957960238,30
3,0-1-0-1-2-1-1-0-1-1,1,28,0.7605780327337581,0.5275865949789199,30
3,0-1-0-1-2-1-1-0-1-2,1,29,0.6454732920002246,0.4704213920798066,30
3,0-1-0-1-2-1-1-0-2-0,1,30,0.6152237888247455,0.4894709172715769,30
3,0-1-0-1-2-1-1-0-2-1,1,31,0.6454732920002246,0.4782727620178763,30
3,0-1-0-1-2-1-1-0-2-2,1,30,0.5310107033174372,0.4240501808814397,30
3,0-1-0-1-2-1-1-1-0-0,3,30,0.7471393362527755,0.530712877931693,30
3,0-1-0-1-2-1-1-1-0-1,3,31,0.7925038670316957,0.5274590935387824,30
3,0-1-0-1-2-1-1-1-0-2,3,32,0.6761355506756311,0.4685040966143138,30
3,0-1-0-1-2-1-1-1-1-0,1,28,0.7925038670316957,0.5273765435261197,30
3,0-1-0-1-2-1-1-1-1-1,1,29,0.8515206047347085,0.5317969587241851,30
3,0-1-0-1-2-1-1-1-1-2,1,30,0.7352512217896696,0.46907192779964163,30
3,0-1-0-1-2-1-1-1-2-0,1,31,0.6761355506756311,0.47714019389068413,30
3,0-1-0-1-2-1-1-1-2-1,1,32,0.7352512217896696,0.47778889295013377,30
3,0-1-0-1-2-1-1-1-2-2,1,31,0.619097042104272,0.4166866262077717,30
3,0-1-0-1-2-1-1-2-0-0,3,31,0.5577888254019997,0.4663088277245746,30
3,0-1-0-1-2-1-1-2-0-1,3,32,0.5986015012295582,0.45636899169927,30
3,0-1-0-1-2-1-1-2-0-2,3,31,0.4824109003821939,0.4012630749759988,30
3,0-1-0-1-2-1-1-2-1-0,1,29,0.5986015012295582,0.4571550983029159,30
3,0-1-0-1-2-1-1-2-1-1,1,30,0.65779853325227,0.45600939438525984,30
3,0-1-0-1-2-1-1-2-1-2,1,29,0.541761520514614,0.3957542690558579,30
3,0-1-0-1-2-1-1-2-2-0,1,30,0.4824109003821939,0.4103334344236431,30
3,0-1-0-1-2-1-1-2-2-1,1,31,0.541761520514614,0.40406037447750826,30
3,0-1-0-1-2-1-1-2-2-2,1,30,0.42601871955982645,0.34650643576094015,30
3,0-1-0-1-2-1-2-0-0-0,3,31,0.6062545831000054,0.5062828976099402,30
3,0-1-0-1-2-1-2-0-0-1,3,31,0.6152237888247455,0.48718270958661564,30
3,0-1-0-1-2-1-2-0-0-2,3,34,0.507372438608717,0.4387596269600564,30
3,0-1-0-1-2-1-2-0-1-0,1,29,0.6152237888247455,0.4893294063539977,30
3,0-1-0-1-2-1-2-0-1-1,1,29,0.6454732920002246,0.47811393843216565,30
3,0-1-0-1-2-1-2-0-1-2,1,32,0.5310107033174372,0.42390261948568697,30
3,0-1-0-1-2-1-2-0-2-0,1,30,0.507372438608717,0.44822867632358004,30
3,0-1-0-1-2-1-2-0-2-1,1,30,0.5310107033174372,0.4312726416466606,30
3,0-1-0-1-2-1-2-0-2-2,1,32,0.41771848526653654,0.38107956414523303,30
3,0-1-0-1-2-1-2-1-0-0,3,32,0.6331697846354439,0.484294476111489,30
3,0-1-0-1-2-1-2-1-0-1,3,32,0.6761355506756311,0.4764684305039387,30
3,0-1-0-1-2-1-2-1-0-2,3,35,0.5598535130356018,0.42006782811039584,30
3,0-1-0-1-2-1-2-1-1-0,1,30,0.6761355506756311,0.4769780211284493,30
3,0-1-0-1-2-1-2-1-1-1,1,30,0.7352512217896696,0.47761292738672567,30
3,0-1-0-1-2-1-2-1-1-2,1,33,0.619097042104272,0.41651698441618856,30
3,0-1-0-1-2-1-2-1-2-0,1,31,0.5598535130356018,0.4290113194626789,30
3,0-1-0-1-2-1-2-1-2-1,1,31,0.619097042104272,0.4249638372240094,30
3,0-1-0-1-2-1-2-1-2-2,1,33,0.5031378593237977,0.36618520306111974,30
3,0-1-0-1-2-1-2-2-0-0,3,31,0.4462227897008734,0.4245083547464174,30
3,0-1-0-1-2-1-2-2-0-1,3,31,0.4824109003821939,0.40860759432592836,30
3,0-1-0-1-2-1-2-2-0-2,3,34,0.3664649586037602,0.3575631226151073,30
3,0-1-0-1-2-1-2-2-1-0,1,29,0.4824109003821939,0.4101843945452878,30
3,0-1-0-1-2-1-2-2-1-1,1,29,0.541761520514614,0.4038924491895311,30
3,0-1-0-1-2-1-2-2-1-2,1,32,0.42601871955982645,0.34634925433657443,30
3,0-1-0-1-2-1-2-2-2-0,1,30,0.3664649586037602,0.36693312013642604,30
3,0-1-0-1-2-1-2-2-2-1,1,30,0.42601871955982645,0.35419664395731626,30
3,0-1-0-1-2-1-2-2-2-2,1,32,0.31089889556590583,0.30068090752545357,30
3,0-1-0-1-2-2-0-0-0-0,3,31,0.6194906764974482,0.5258734008685274,30
3,0-1-0-1-2-2-0-0-0-1,3,31,0.6062545831000054,0.49897712815696865,30
3,0-1-0-1-2-2-0-0-0-2,3,31,0.5099617489826583,0.4572658071249684,30
3,0-1-0-1-2-2-0-0-1-0,1,29,0.6062545831000054,0.502276647540623,30
3,0-1-0-1-2-2-0-0-1-1,1,29,0.6152237888247455,0.4825372746637441,30
3,0-1-0-1-2-2-0-0-1-2,1,29,0.507372438608717,0.43461884489231006,30
3,0-1-0-1-2-2-0-0-2-0,1,30,0.5099617489826583,0.4669072774757339,30
3,0-1-0-1-2-2-0-0-2-1,1,30,0.507372438608717,0.4410218492192962,30
3,0-1-0-1-2-2-0-0-2-2,1,30,0.40439218850919467,0.3983423659076966,30
3,0-1-0-1-2-2-0-1-0-0,3,32,0.6097773683950303,0.4943207933574683,30
3,0-1-0-1-2-2-0-1-0-1,3,32,0.6331697846354439,0.4777497179436607,30
3,0-1-0-1-2-2-0-1-0-2,3,32,0.5203561608340671,0.42735282162827426,30
3,0-1-0-1-2-2-0-1-1-0,1,30,0.6331697846354439,0.4795185514724581,30
3,0-1-0-1-2-2-0-1-1-1,1,30,0.6761355506756311,0.4711208311552952,30
3,0-1-0-1-2-2-0-1-1-2,1,30,0.5598535130356018,0.4150637946877513,30
3,0-1-0-1-2-2-0-1-2-0,1,31,0.5203561608340671,0.4367328903722086,30
3,0-1-0-1-2-2-0-1-2-1,1,31,0.5598535130356018,0.4227172681933099,30
3,0-1-0-1-2-2-0-1-2-2,1,31,0.4437255894951171,0.37032155626357427,30
3,0-1-0-1-2-2-0-2-0-0,3,31,0.4389636076406782,0.4427399906088901,30
3,0-1-0-1-2-2-0-2-0-1,3,31,0.4462227897008734,0.41735146190061184,30
3,0-1-0-1-2-2-0-2-0-2,3,31,0.33805465815032903,0.37419819544717664,30
3,0-1-0-1-2-2-0-2-1-0,1,29,0.4462227897008734,0.4203340278594061,30
3,0-1-0-1-2-2-0-2-1-1,1,29,0.4824109003821939,0.40369454855775677,30
3,0-1-0-1-2-2-0-2-1-2,1,29,0.3664649586037602,0.3531979759488098,30
3,0-1-0-1-2-2-0-2-2-0,1,30,0.33805465815032903,0.3838284367268824,30
3,0-1-0-1-2-2-0-2-2-1,1,30,0.3664649586037602,0.3599310174917977,30
3,0-1-0-1-2-2-0-2-2-2,1,30,0.25110281660103073,0.3153647239693861,30
3,0-1-0-1-2-2-1-0-0-0,3,31,0.6062545831000054,0.5022085561695822,30
3,0-1-0-1-2-2-1-0-0-1,3,32,0.6152237888247455,0.48249414124063694,30
3,0-1-0-1-2-2-1-0-0-2,3,31,0.507372438608717,0.434555553863926,30
3,0-1-0-1-2-2-1-0-1-0,1,29,0.6152237888247455,0.48472504003462413,30
3,0-1-0-1-2-2-1-0-1-1,1,30,0.6454732920002246,0.472938238008614,30
3,0-1-0-1-2-2-1-0-1-2,1,29,0.5310107033174372,0.41910140179540756,30
3,0-1-0-1-2-2-1-0-2-0,1,30,0.507372438608717,0.44404501204294045,30
3,0-1-0-1-2-2-1-0-2-1,1,31,0.5310107033174372,0.426410201810509,30
3,0-1-0-1-2-2-1-0-2-2,1,30,0.41771848526653654,0.3767308300587881,30
3,0-1-0-1-2-2-1-1-0-0,3,32,0.6331697846354439,0.4794810596264924,30
3,0-1-0-1-2-2-1-1-0-1,3,33,0.6761355506756311,0.47111108514775224,30
3,0-1-0-1-2-2-1-1-0-2,3,32,0.5598535130356018,0.4150366066120719,30
3,0-1-0-1-2-2-1-1-1-0,1,30,0.6761355506756311,0.47169165206122377,30
3,0-1-0-1-2-2-1-1-1-1,1,31,0.7352512217896696,0.4718703558450314,30
3,0-1-0-1-2-2-1-1-1-2,1,30,0.619097042104272,0.41098520406217426,30
3,0-1-0-1-2-2-1-1-2-0,1,31,0.5598535130356018,0.4240137074899328,30
3,0-1-0-1-2-2-1-1-2-1,1,32,0.619097042104272,0.4193968492897479,30
3,0-1-0-1-2-2-1-1-2-2,1,31,0.5031378593237977,0.36092377660580816,30
3,0-1-0-1-2-2-1-2-0-0,3,31,0.4462227897008734,0.4202719586842625,30
3,0-1-0-1-2-2-1-2-0-1,3,32,0.4824109003821939,0.4036630828814821,30
3,0-1-0-1-2-2-1-2-0-2,3,31,0.3664649586037602,0.3531430592936789,30
3,0-1-0-1-2-2-1-2-1-0,1,29,0.4824109003821939,0.40533498315772537,30
3,0-1-0-1-2-2-1-2-1-1,1,30,0.541761520514614,0.3984179512635829,30
3,0-1-0-1-2-2-1-2-1-2,1,29,0.42601871955982645,0.34123375373594944,30
3,0-1-0-1-2-2-1-2-2-0,1,30,0.3664649586037602,0.36254248802541233,30
3,0-1-0-1-2-2-1-2-2-1,1,31,0.42601871955982645,0.34901997922037764,30
3,0-1-0-1-2-2-1-2-2-2,1,30,0.31089889556590583,0.2960466294136281,30
3,0-1-0-1-2-2-2-0-0-0,3,31,0.5099617489826583,0.4667130380188007,30
3,0-1-0-1-2-2-2-0-0-1,3,31,0.507372438608717,0.4408313866082049,30
3,0-1-0-1-2-2-2-0-0-2,3,34,0.40439218850919467,0.3981482967943159,30
3,0-1-0-1-2-2-2-0-1-0,1,29,0.507372438608717,0.44391781175332723,30
3,0-1-0-1-2-2-2-0-1-1,1,29,0.5310107033174372,0.42626203824239134,30
3,0-1-0-1-2-2-2-0-1-2,1,32,0.41771848526653654,0.376598665719356,30
3,0-1-0-1-2-2-2-0-2-0,1,30,0.40439218850919467,0.40778249778346887,30
3,0-1-0-1-2-2-2-0-2-1,1,30,0.41771848526653654,0.38322361893150525,30
3,0-1-0-1-2-2-2-0-2-2,1,32,0.30689553332148517,0.3392825105638696,30
3,0-1-0-1-2-2-2-1-0-0,3,32,0.5203561608340671,0.436543803855129,30
3,0-1-0-1-2-2-2-1-0-1,3,32,0.5598535130356018,0.4225377495720647,30
3,0-1-0-1-2-2-2-1-0-2,3,35,0.4437255894951171,0.37013470770957724,30
3,0-1-0-1-2-2-2-1-1-0,1,30,0.5598535130356018,0.4238613617168949,30
3,0-1-0-1-2-2-2-1-1-1,1,30,0.619097042104272,0.4192268612316502,30
3,0-1-0-1-2-2-2-1-1-2,1,33,0.5031378593237977,0.3607633409448775,30
3,0-1-0-1-2-2-2-1-2-0,1,31,0.4437255894951171,0.37941928930225355,30
3,0-1-0-1-2-2-2-1-2-1,1,31,0.5031378593237977,0.36876710708793886,30
3,0-1-0-1-2-2-2-1-2-2,1,33,0.38754874915451265,0.3138682149471293,30
3,0-1-0-1-2-2-2-2-0-0,3,31,0.33805465815032903,0.38363441587812375,30
3,0-1-0-1-2-2-2-2-0-1,3,31,0.3664649586037602,0.3597427127709414,30
3,0-1-0-1-2-2-2-2-0-2,3,34,0.25110281660103073,0.3151710281681531,30
3,0-1-0-1-2-2-2-2-1-0,1,29,0.3664649586037602,0.36240906107575277,30
3,0-1-0-1-2-2-2-2-1-1,1,29,0.42601871955982645,0.34886219627236315,30
3,0-1-0-1-2-2-2-2-1-2,1,32,0.31089889556590583,0.2959058372970883,30
3,0-1-0-1-2-2-2-2-2-0,1,30,0.25110281660103073,0.324787420053497,30
3,0-1-0-1-2-2-2-2-2-1,1,30,0.31089889556590583,0.3029667434173497,30
3,0-1-0-1-2-2-2-2-2-2,1,32,0.19749447247055918,0.2564553182680164,30
3,0-1-0-2-0-0-0-0-0-0,3,32,0.5186865195542837,0.6872465716012932,30
3,0-1-0-2-0-0-0-0-0-1,3,33,0.4313903650302703,0.6227568020359379,30
3,0-1-0-2-0-0-0-0-0-2,3,32,0.41385059888681575,0.6367323713655243,30
3,0-1-0-2-0-0-0-0-1-0,1,30,0.4313903650302703,0.6317677116580297,30
3,0-1-0-2-0-0-0-0-1-1,1,31,0.36102542577799385,0.5681317416677591,30
3,0-1-0-2-0-0-0-0-1-2,1,30,0.31925560988712287,0.5799251926817083,30
3,0-1-0-2-0-0-0-0-2-0,1,30,0.41385059888681575,0.6436289495157215,30
3,0-1-0-2-0-0-0-0-2-1,1,31,0.31925560988712287,0.5777879663036163,30
3,0-1-0-2-0-0-0-0-2-2,1,30,0.31731482848148507,0.5962411737831136,30
3,0-1-0-2-0-0-0-1-0-0,3,34,0.381975758382696,0.6092170548499266,30
3,0-1-0-2-0-0-0-1-0-1,3,34,0.32903956809429474,0.5460036719576717,30
3,0-1-0-2-0-0-0-1-0-2,3,34,0.26606747372929845,0.5567709450667517,30
3,0-1-0-2-0-0-0-1-1-0,1,32,0.32903956809429474,0.5548098852516794,30
3,0-1-0-2-0-0-0-1-1-1,1,32,0.31274328816929525,0.4928627077967506,30
3,0-1-0-2-0-0-0-1-1-2,1,32,0.21620208770533292,0.5007244743067263,30
3,0-1-0-2-0-0-0-1-2-0,1,32,0.26606747372929845,0.5639315500710471,30
3,0-1-0-2-0-0-0-1-2-1,1,32,0.21620208770533292,0.4990550150865501,30
3,0-1-0-2-0-0-0-1-2-2,1,32,0.15118892388321503,0.5147740364553758,30
3,0-1-0-2-0-0-0-2-0-0,3,32,0.3481330185270369,0.6264788522510678,30
3,0-1-0-2-0-0-0-2-0-1,3,33,0.24679616693817413,0.5601090424244058,30
3,0-1-0-2-0-0-0-2-0-2,3,32,0.26216946261228974,0.5805621589905712,30
3,0-1-0-2-0-0-0-2-1-0,1,30,0.24679616693817413,0.5694043751168784,30
3,0-1-0-2-0-0-0-2-1-1,1,31,0.16673292112124255,0.5035799634442714,30
3,0-1-0-2-0-0-0-2-1-2,1,30,0.14844009338738284,0.5223605417549083,30
3,0-1-0-2-0-0-0-2-2-0,1,30,0.26216946261228974,0.5867470701519235,30
3,0-1-0-2-0-0-0-2-2-1,1,31,0.14844009338738284,0.5192119379077261,30
3,0-1-0-2-0-0-0-2-2-2,1,30,0.20844381786876257,0.5449530645462648,30
3,0-1-0-2-0-0-1-0-0-0,3,32,0.4313903650302703,0.6315859936797072,30
3,0-1-0-2-0-0-1-0-0-1,3,35,0.36102542577799385,0.567953231767844,30
3,0-1-0-2-0-0-1-0-0-2,3,32,0.31925560988712287,0.5797387694978186,30
3,0-1-0-2-0-0-1-0-1-0,1,30,0.36102542577799385,0.5768270038332898,30
3,0-1-0-2-0-0-1-0-1-1,1,33,0.3189997470516744,0.514319403198991,30
3,0-1-0-2-0-0-1-0-1-2,1,30,0.2444498726394433,0.5234387173719692,30
3,0-1-0-2-0-0-1-0-2-0,1,30,0.31925560988712287,0.5868170146654494,30
3,0-1-0-2-0-0-1-0-2-1,1,33,0.2444498726394433,0.5216193437846091,30
3,0-1-0-2-0-0-1-0-2-2,1,30,0.21196794897216495,0.5382150427476486,30
3,0-1-0-2-0-0-1-1-0-0,3,34,0.32903956809429474,0.5546321995708072,30
3,0-1-0-2-0-0-1-1-0-1,3,36,0.31274328816929525,0.4926898501398747,30
3,0-1-0-2-0-0-1-1-0-2,3,34,0.21620208770533292,0.5005409603925397,30
3,0-1-0-2-0-0-1-1-1-0,1,32,0.31274328816929525,0.5012897358581461,30
3,0-1-0-2-0-0-1-1-1-1,1,34,0.3384220157759009,0.4410701316110077,30
3,0-1-0-2-0-0-1-1-1-2,1,32,0.22332611675130273,0.4452845164082453,30
3,0-1-0-2-0-0-1-1-2-0,1,32,0.21620208770533292,0.5079303267750159,30
3,0-1-0-2-0-0-1-1-2-1,1,34,0.22332611675130273,0.44405197165887644,30
3,0-1-0-2-0-0-1-1-2-2,1,32,0.11135267229944398,0.4572118143489187,30
3,0-1-0-2-0-0-1-2-0-0,3,32,0.24679616693817413,0.5692169967380697,30
3,0-1-0-2-0-0-1-2-0-1,3,35,0.16673292112124255,0.5033946744078005,30
3,0-1-0-2-0-0-1-2-0-2,3,32,0.14844009338738284,0.5221690994198285,30
3,0-1-0-2-0-0-1-2-1-0,1,30,0.16673292112124255,0.512600734571216,30
3,0-1-0-2-0-0-1-2-1-1,1,33,0.1478889972225397,0.44752963256314027,30
3,0-1-0-2-0-0-1-2-1-2,1,30,0.05015839976426237,0.4641924354646658,30
3,0-1-0-2-0-0-1-2-2-0,1,30,0.14844009338738284,0.5284953435944976,30
3,0-1-0-2-0-0-1-2-2-1,1,33,0.05015839976426237,0.4612678853919429,30
3,0-1-0-2-0-0-1-2-2-2,1,30,0.10168748289712576,0.48588574511606575,30
3,0-1-0-2-0-0-2-0-0-0,3,32,0.41385059888681575,0.6434893129828749,30
3,0-1-0-2-0-0-2-0-0-1,3,33,0.31925560988712287,0.5776440003210441,30
3,0-1-0-2-0-0-2-0-0-2,3,33,0.31731482848148507,0.5961128922016895,30
3,0-1-0-2-0-0-2-0-1-0,1,30,0.31925560988712287,0.5868594840765309,30
3,0-1-0-2-0-0-2-0-1-1,1,31,0.2444498726394433,0.52165429100777,30
3,0-1-0-2-0-0-2-0-1-2,1,31,0.21196794897216495,0.538273781102817,30
3,0-1-0-2-0-0-2-0-2-0,1,30,0.31731482848148507,0.6025236958188179,30
3,0-1-0-2-0-0-2-0-2-1,1,31,0.21196794897216495,0.5354357330746184,30
3,0-1-0-2-0-0-2-0-2-2,1,31,0.23934254133586677,0.5589561149514148,30
3,0-1-0-2-0-0-2-1-0-0,3,34,0.26606747372929845,0.5637865602233706,30
3,0-1-0-2-0-0-2-1-0-1,3,34,0.21620208770533292,0.4989045863080152,30
3,0-1-0-2-0-0-2-1-0-2,3,35,0.15118892388321503,0.5146412076368,30
3,0-1-0-2-0-0-2-1-1-0,1,32,0.21620208770533292,0.5079634250150015,30
3,0-1-0-2-0-0-2-1-1-1,1,32,0.22332611675130273,0.44407475946755154,30
3,0-1-0-2-0-0-2-1-1-2,1,33,0.11135267229944398,0.45726322103203876,30
3,0-1-0-2-0-0-2-1-2-0,1,32,0.15118892388321503,0.5212816823532463,30
3,0-1-0-2-0-0-2-1-2-1,1,32,0.11135267229944398,0.45480503312294474,30
3,0-1-0-2-0-0-2-1-2-2,1,33,0.04586992889526571,0.4762981519583248,30
3,0-1-0-2-0-0-2-2-0-0,3,32,0.26216946261228974,0.5866215455550007,30
3,0-1-0-2-0-0-2-2-0-1,3,33,0.14844009338738284,0.5190829757144195,30
3,0-1-0-2-0-0-2-2-0-2,3,33,0.20844381786876257,0.5448424796233992,30
3,0-1-0-2-0-0-2-2-1-0,1,30,0.14844009338738284,0.5285578441431675,30
3,0-1-0-2-0-0-2-2-1-1,1,31,0.05015839976426237,0.46132498595349564,30
3,0-1-0-2-0-0-2-2-1-2,1,31,0.10168748289712576,0.4859674984444636,30
3,0-1-0-2-0-0-2-2-2-0,1,30,0.20844381786876257,0.5503881751513234,30
3,0-1-0-2-0-0-2-2-2-1,1,31,0.10168748289712576,0.4819875168091631,30
3,0-1-0-2-0-0-2-2-2-2,1,31,0.21294269847217917,0.5135958365599953,30
3,0-1-0-2-0-1-0-0-0-0,3,31,0.4313903650302703,0.6256516294557599,30
3,0-1-0-2-0-1-0-0-0-1,3,32,0.36102542577799385,0.5621253266276793,30
3,0-1-0-2-0-1-0-0-0-2,3,31,0.31925560988712287,0.5736493637696685,30
3,0-1-0-2-0-1-0-0-1-0,1,29,0.36102542577799385,0.5709819754660987,30
3,0-1-0-2-0-1-0-0-1-1,1,30,0.3189997470516744,0.5086161497586541,30
3,0-1-0-2-0-1-0-0-1-2,1,29,0.2444498726394433,0.5174133477850443,30
3,0-1-0-2-0-1-0-0-2-0,1,29,0.31925560988712287,0.5807488852274636,30
3,0-1-0-2-0-1-0-0-2-1,1,30,0.2444498726394433,0.515632343957233,30
3,0-1-0-2-0-1-0-0-2-2,1,29,0.21196794897216495,0.5320037113575065,30
3,0-1-0-2-0-1-0-1-0-0,3,33,0.32903956809429474,0.548831668079904,30
3,0-1-0-2-0-1-0-1-0-1,3,33,0.31274328816929525,0.4870498196796126,30
3,0-1-0-2-0-1-0-1-0-2,3,33,0.21620208770533292,0.49454831289120854,30
3,0-1-0-2-0-1-0-1-1-0,1,31,0.31274328816929525,0.49562349852580867,30
3,0-1-0-2-0-1-0-1-1-1,1,31,0.3384220157759009,0.4356248722766605,30
3,0-1-0-2-0-1-0-1-1-2,1,31,0.22332611675130273,0.43939391351427887,30
3,0-1-0-2-0-1-0-1-2-0,1,31,0.21620208770533292,0.5019646450779177,30
3,0-1-0-2-0-1-0-1-2-1,1,31,0.22332611675130273,0.4382149665598309,30
3,0-1-0-2-0-1-0-1-2-2,1,31,0.11135267229944398,0.45106029408150283,30
3,0-1-0-2-0-1-0-2-0-0,3,31,0.24679616693817413,0.5630960823278288,30
3,0-1-0-2-0-1-0-2-0-1,3,32,0.16673292112124255,0.49734326386515937,30
3,0-1-0-2-0-1-0-2-0-2,3,31,0.14844009338738284,0.5159139798576817,30
3,0-1-0-2-0-1-0-2-1-0,1,29,0.16673292112124255,0.5065379073356759,30
3,0-1-0-2-0-1-0-2-1-1,1,30,0.1478889972225397,0.44156406765001555,30
3,0-1-0-2-0-1-0-2-1-2,1,29,0.05015839976426237,0.4579663888255446,30
3,0-1-0-2-0-1-0-2-2-0,1,29,0.14844009338738284,0.5222571222322531,30
3,0-1-0-2-0-1-0-2-2-1,1,30,0.05015839976426237,0.45506939135441266,30
3,0-1-0-2-0-1-0-2-2-2,1,29,0.10168748289712576,0.47954935981031105,30
3,0-1-0-2-0-1-1-0-0-0,3,31,0.36102542577799385,0.5708032971431566,30
3,0-1-0-2-0-1-1-0-0-1,3,34,0.3189997470516744,0.5084418818153995,30
3,0-1-0-2-0-1-1-0-0-2,3,31,0.2444498726394433,0.5172291039970836,30
3,0-1-0-2-0-1-1-0-1-0,1,29,0.3189997470516744,0.5171100390816591,30
3,0-1-0-2-0-1-1-0-1-1,1,32,0.3167997612428096,0.45631632204649697,30
3,0-1-0-2-0-1-1-0-1-2,1,29,0.21158238481995553,0.46170863058580874,30
3,0-1-0-2-0-1-1-0-2-0,1,29,0.2444498726394433,0.5245461629764349,30
3,0-1-0-2-0-1-1-0-2-1,1,32,0.21158238481995553,0.46033460145208216,30
3,0-1-0-2-0-1-1-0-2-2,1,29,0.12787451643043182,0.474324012862462,30
3,0-1-0-2-0-1-1-1-0-0,3,33,0.31274328816929525,0.4954503831084429,30
3,0-1-0-2-0-1-1-1-0-1,3,35,0.3384220157759009,0.43545864424045394,30
3,0-1-0-2-0-1-1-1-0-2,3,33,0.22332611675130273,0.4392138737538952,30
3,0-1-0-2-0-1-1-1-1-0,1,31,0.3384220157759009,0.4437380625424308,30
3,0-1-0-2-0-1-1-1-1-1,1,33,0.3980330724604726,0.3862404263704966,30
3,0-1-0-2-0-1-1-1-1-2,1,31,0.2831705063418629,0.38523205729893595,30
3,0-1-0-2-0-1-1-1-2-0,1,31,0.22332611675130273,0.44690754519770676,30
3,0-1-0-2-0-1-1-1-2-1,1,33,0.2831705063418629,0.38463232797352376,30
3,0-1-0-2-0-1-1-1-2-2,1,31,0.17064733837686613,0.39406744197251486,30
3,0-1-0-2-0-1-1-2-0-0,3,31,0.16673292112124255,0.506352506012206,30
3,0-1-0-2-0-1-1-2-0-1,3,34,0.1478889972225397,0.4413817013456718,30
3,0-1-0-2-0-1-1-2-0-2,3,31,0.05015839976426237,0.457775936353052,30
3,0-1-0-2-0-1-1-2-1-0,1,29,0.1478889972225397,0.45044672004901193,30
3,0-1-0-2-0-1-1-2-1-1,1,32,0.2076588874981582,0.38659053743384997,30
3,0-1-0-2-0-1-1-2-1-2,1,29,0.10088130824184764,0.40016336689937787,30
3,0-1-0-2-0-1-1-2-2-0,1,29,0.05015839976426237,0.46429638265413414,30
3,0-1-0-2-0-1-1-2-2-1,1,32,0.10088130824184764,0.3975658460304827,30
3,0-1-0-2-0-1-1-2-2-2,1,29,0.0664201226423071,0.420549793243687,30
3,0-1-0-2-0-1-2-0-0-0,3,31,0.31925560988712287,0.5806051324809216,30
3,0-1-0-2-0-1-2-0-0-1,3,32,0.2444498726394433,0.5154834159682009,30
3,0-1-0-2-0-1-2-0-0-2,3,32,0.21196794897216495,0.5318719514457824,30
3,0-1-0-2-0-1-2-0-1-0,1,29,0.2444498726394433,0.5245814918020052,30
3,0-1-0-2-0-1-2-0-1-1,1,30,0.21158238481995553,0.4603603196505921,30
3,0-1-0-2-0-1-2-0-1-2,1,30,0.12787451643043182,0.4743771911243562,30
3,0-1-0-2-0-1-2-0-2-0,1,29,0.21196794897216495,0.5384585032651057,30
3,0-1-0-2-0-1-2-0-2-1,1,30,0.12787451643043182,0.4718272110209577,30
3,0-1-0-2-0-1-2-0-2-2,1,30,0.12294896454282284,0.49380974342612477,30
3,0-1-0-2-0-1-2-1-0-0,3,33,0.21620208770533292,0.5018144857743264,30
3,0-1-0-2-0-1-2-1-0-1,3,33,0.22332611675130273,0.4380582335431603,30
3,0-1-0-2-0-1-2-1-0-2,3,34,0.11135267229944398,0.45092286900087536,30
3,0-1-0-2-0-1-2-1-1-0,1,31,0.22332611675130273,0.4469308641703452,30
3,0-1-0-2-0-1-2-1-1-1,1,31,0.2831705063418629,0.38464202225260724,30
3,0-1-0-2-0-1-2-1-1-2,1,32,0.17064733837686613,0.3941108702501634,30
3,0-1-0-2-0-1-2-1-2-0,1,31,0.11135267229944398,0.4577947321418156,30
3,0-1-0-2-0-1-2-1-2-1,1,31,0.17064733837686613,0.39206603992830036,30
3,0-1-0-2-0-1-2-1-2-2,1,32,0.07235511089016976,0.4113571714755278,30
3,0-1-0-2-0-1-2-2-0-0,3,31,0.14844009338738284,0.5221283328852894,30
3,0-1-0-2-0-1-2-2-0-1,3,32,0.05015839976426237,0.4549362934083201,30
3,0-1-0-2-0-1-2-2-0-2,3,32,0.10168748289712576,0.47943701822040513,30
3,0-1-0-2-0-1-2-2-1-0,1,29,0.05015839976426237,0.4643537621772174,30
3,0-1-0-2-0-1-2-2-1-1,1,30,0.10088130824184764,0.3976160228149599,30
3,0-1-0-2-0-1-2-2-1-2,1,30,0.0664201226423071,0.4206290526495977,30
3,0-1-0-2-0-1-2-2-2-0,1,29,0.10168748289712576,0.4850765232558179,30
3,0-1-0-2-0-1-2-2-2-1,1,30,0.0664201226423071,0.41678626839033733,30
3,0-1-0-2-0-1-2-2-2-2,1,30,0.16070468746950117,0.44795774571378383,30
3,0-1-0-2-0-2-0-0-0-0,3,31,0.41385059888681575,0.638941756458624,30
3,0-1-0-2-0-2-0-0-0-1,3,32,0.31925560988712287,0.5729556012435815,30
3,0-1-0-2-0-2-0-0-0-2,3,31,0.31731482848148507,0.5919405103596096,30
3,0-1-0-2-0-2-0-0-1-0,1,29,0.31925560988712287,0.5821924864146206,30
3,0-1-0-2-0-2-0-0-1-1,1,30,0.2444498726394433,0.516821723788892,30
3,0-1-0-2-0-2-0-0-1-2,1,29,0.21196794897216495,0.5340015130524091,30
3,0-1-0-2-0-2-0-0-2-0,1,29,0.31731482848148507,0.5982932442991822,30
3,0-1-0-2-0-2-0-0-2-1,1,30,0.21196794897216495,0.5310827469145122,30
3,0-1-0-2-0-2-0-0-2-2,1,29,0.23934254133586677,0.5551818224013874,30
3,0-1-0-2-0-2-0-1-0-0,3,33,0.26606747372929845,0.5590648193554452,30
3,0-1-0-2-0-2-0-1-0-1,3,33,0.21620208770533292,0.4940054965866719,30
3,0-1-0-2-0-2-0-1-0-2,3,33,0.15118892388321503,0.5103221283491172,30
3,0-1-0-2-0-2-0-1-1-0,1,31,0.21620208770533292,0.5030914358933317,30
3,0-1-0-2-0-2-0-1-1-1,1,31,0.22332611675130273,0.4389920288326923,30
3,0-1-0-2-0-2-0-1-1-2,1,31,0.11135267229944398,0.4528120143694412,30
3,0-1-0-2-0-2-0-1-2-0,1,31,0.15118892388321503,0.5168991284932498,30
3,0-1-0-2-0-2-0-1-2-1,1,31,0.11135267229944398,0.45026124916569216,30
3,0-1-0-2-0-2-0-1-2-2,1,31,0.04586992889526571,0.47242455648647075,30
3,0-1-0-2-0-2-0-2-0-0,3,31,0.26216946261228974,0.5825402466705205,30
3,0-1-0-2-0-2-0-2-0-1,3,32,0.14844009338738284,0.5148911483259214,30
3,0-1-0-2-0-2-0-2-0-2,3,31,0.20844381786876257,0.5412546020277885,30
3,0-1-0-2-0-2-0-2-1-0,1,29,0.14844009338738284,0.5243831241093606,30
3,0-1-0-2-0-2-0-2-1-1,1,30,0.05015839976426237,0.45701473343498394,30
3,0-1-0-2-0-2-0-2-1-2,1,29,0.10168748289712576,0.4823314121247574,30
3,0-1-0-2-0-2-0-2-2-0,1,29,0.20844381786876257,0.5467242216653942,30
3,0-1-0-2-0-2-0-2-2-1,1,30,0.10168748289712576,0.47825689251209635,30
3,0-1-0-2-0-2-0-2-2-2,1,29,0.21294269847217917,0.5105250531300705,30
3,0-1-0-2-0-2-1-0-0-0,3,31,0.31925560988712287,0.582006269775664,30
3,0-1-0-2-0-2-1-0-0-1,3,34,0.2444498726394433,0.5166378544657793,30
3,0-1-0-2-0-2-1-0-0-2,3,31,0.21196794897216495,0.5338110232994216,30
3,0-1-0-2-0-2-1-0-1-0,1,29,0.2444498726394433,0.5257744333575044,30
3,0-1-0-2-0-2-1-0-1-1,1,32,0.21158238481995553,0.4612452487275577,30
3,0-1-0-2-0-2-1-0-1-2,1,29,0.12787451643043182,0.4761556366950391,30
3,0-1-0-2-0-2-1-0-2-0,1,29,0.21196794897216495,0.5403170392439051,30
3,0-1-0-2-0-2-1-0-2-1,1,32,0.12787451643043182,0.47348537733744317,30
3,0-1-0-2-0-2-1-0-2-2,1,29,0.12294896454282284,0.4962765998187035,30
3,0-1-0-2-0-2-1-1-0-0,3,33,0.21620208770533292,0.5029081842630615,30
3,0-1-0-2-0-2-1-1-0-1,3,35,0.22332611675130273,0.4388125134662131,30
3,0-1-0-2-0-2-1-1-0-2,3,33,0.11135267229944398,0.45262319330767264,30
3,0-1-0-2-0-2-1-1-1-0,1,31,0.22332611675130273,0.44773887038100935,30
3,0-1-0-2-0-2-1-1-1-1,1,33,0.2831705063418629,0.38501289110671294,30
3,0-1-0-2-0-2-1-1-1-2,1,31,0.17064733837686613,0.3955802502875847,30
3,0-1-0-2-0-2-1-1-2-0,1,31,0.11135267229944398,0.4594027050490906,30
3,0-1-0-2-0-2-1-1-2-1,1,33,0.17064733837686613,0.39338676976793246,30
3,0-1-0-2-0-2-1-1-2-2,1,31,0.07235511089016976,0.41367500386197886,30
3,0-1-0-2-0-2-1-2-0-0,3,31,0.14844009338738284,0.5241918434368692,30
3,0-1-0-2-0-2-1-2-0-1,3,34,0.05015839976426237,0.45682454631733227,30
3,0-1-0-2-0-2-1-2-0-2,3,31,0.10168748289712576,0.4821373298454301,30
3,0-1-0-2-0-2-1-2-1-0,1,29,0.05015839976426237,0.4662698191053121,30
3,0-1-0-2-0-2-1-2-1-1,1,32,0.10088130824184764,0.39930461015785296,30
3,0-1-0-2-0-2-1-2-1-2,1,29,0.0664201226423071,0.42326042262358893,30
3,0-1-0-2-0-2-1-2-2-0,1,29,0.10168748289712576,0.4876825720711485,30
3,0-1-0-2-0-2-1-2-2-1,1,32,0.0664201226423071,0.41929511509256207,30
3,0-1-0-2-0-2-1-2-2-2,1,29,0.16070468746950117,0.4512634012405506,30
3,0-1-0-2-0-2-2-0-0-0,3,31,0.31731482848148507,0.5981643914895575,30
3,0-1-0-2-0-2-2-0-0-1,3,32,0.21196794897216495,0.5309501887893666,30
3,0-1-0-2-0-2-2-0-0-2,3,32,0.23934254133586677,0.555067077625123,30
3,0-1-0-2-0-2-2-0-1-0,1,29,0.21196794897216495,0.5403749893812505,30
3,0-1-0-2-0-2-2-0-1-1,1,30,0.12787451643043182,0.4735373723062408,30
3,0-1-0-2-0-2-2-0-1-2,1,30,0.12294896454282284,0.49635317628909037,30
3,0-1-0-2-0-2-2-0-2-0,1,29,0.23934254133586677,0.5608162006368009,30
3,0-1-0-2-0-2-2-0-2-1,1,30,0.12294896454282284,0.4926304899946293,30
3,0-1-0-2-0-2-2-0-2-2,1,30,0.2026345808483989,0.5224353380146096,30
3,0-1-0-2-0-2-2-1-0-0,3,33,0.15118892388321503,0.5167656752955039,30
3,0-1-0-2-0-2-2-1-0-1,3,33,0.11135267229944398,0.45012290817059614,30
3,0-1-0-2-0-2-2-1-0-2,3,34,0.04586992889526571,0.4723068783792086,30
3,0-1-0-2-0-2-2-1-1-0,1,31,0.11135267229944398,0.4594532082850259,30
3,0-1-0-2-0-2-2-1-1-1,1,31,0.17064733837686613,0.3934287355954843,30
3,0-1-0-2-0-2-2-1-1-2,1,32,0.07235511089016976,0.4137472656711562,30
3,0-1-0-2-0-2-2-1-2-0,1,31,0.04586992889526571,0.47820908981613647,30
3,0-1-0-2-0-2-2-1-2-1,1,31,0.07235511089016976,0.4102564172872561,30
3,0-1-0-2-0-2-2-1-2-2,1,32,0.09235680588006155,0.4391309689329521,30
3,0-1-0-2-0-2-2-2-0-0,3,31,0.20844381786876257,0.5466128883740973,30
3,0-1-0-2-0-2-2-2-0-1,3,32,0.10168748289712576,0.47814361466983696,30
3,0-1-0-2-0-2-2-2-0-2,3,32,0.21294269847217917,0.5104320490729792,30
3,0-1-0-2-0-2-2-2-1-0,1,29,0.10168748289712576,0.4877634041294231,30
3,0-1-0-2-0-2-2-2-1-1,1,30,0.0664201226423071,0.41937316916239215,30
3,0-1-0-2-0-2-2-2-1-2,1,30,0.16070468746950117,0.45136558402070337,30
3,0-1-0-2-0-2-2-2-2-0,1,29,0.21294269847217917,0.5151172865710958,30
3,0-1-0-2-0-2-2-2-2-1,1,30,0.16070468746950117,0.4463675732885323,30
3,0-1-0-2-0-2-2-2-2-2,1,30,0.27280053152649736,0.4850011298966806,30
3,0-1-0-2-1-0-0-0-0-0,3,32,0.5186865195542837,0.49608189602835673,30
3,0-1-0-2-1-0-0-0-0-1,3,33,0.4313903650302703,0.43606507206005896,30
3,0-1-0-2-1-0-0-0-0-2,3,32,0.41385059888681575,0.43987062613204914,30
3,0-1-0-2-1-0-0-0-1-0,1,31,0.4313903650302703,0.4443486365066991,30
3,0-1-0-2-1-0-0-0-1-1,1,32,0.36102542577799385,0.3868155379008695,30
3,0-1-0-2-1-0-0-0-1-2,1,31,0.31925560988712287,0.3858719424606237,30
3,0-1-0-2-1-0-0-0-2-0,1,30,0.41385059888681575,0.44756067519975384,30
3,0-1-0-2-1-0-0-0-2-1,1,31,0.31925560988712287,0.3852643021812108,30
3,0-1-0-2-1-0-0-0-2-2,1,30,0.31731482848148507,0.39474615671909025,30
3,0-1-0-2-1-0-0-1-0-0,3,34,0.381975758382696,0.4236939379417616,30
3,0-1-0-2-1-0-0-1-0-1,3,34,0.32903956809429474,0.3674621859718327,30
3,0-1-0-2-1-0-0-1-0-2,3,34,0.26606747372929845,0.3641890662812128,30
3,0-1-0-2-1-0-0-1-1-0,1,33,0.32903956809429474,0.37511466751373723,30
3,0-1-0-2-1-0-0-1-1-1,1,33,0.31274328816929525,0.3230293623605499,30
3,0-1-0-2-1-0-0-1-1-2,1,33,0.21620208770533292,0.31287483404771727,30
3,0-1-0-2-1-0-0-1-2-0,1,32,0.26606747372929845,0.37236119861675054,30
3,0-1-0-2-1-0-0-1-2-1,1,32,0.21620208770533292,0.3134123359923222,30
3,0-1-0-2-1-0-0-1-2-2,1,32,0.15118892388321503,0.31606175864537733,30
3,0-1-0-2-1-0-0-2-0-0,3,32,0.3481330185270369,0.42843437954578717,30
3,0-1-0-2-1-0-0-2-0-1,3,33,0.24679616693817413,0.3651571166825472,30
3,0-1-0-2-1-0-0-2-0-2,3,32,0.26216946261228974,0.3773610251608407,30
3,0-1-0-2-1-0-0-2-1-0,1,31,0.24679616693817413,0.37393512745340257,30
3,0-1-0-2-1-0-0-2-1-1,1,32,0.16673292112124255,0.3126279448853565,30
3,0-1-0-2-1-0-0-2-1-2,1,31,0.14844009338738284,0.320523525382319,30
3,0-1-0-2-1-0-0-2-2-0,1,30,0.26216946261228974,0.38420739911150203,30
3,0-1-0-2-1-0-0-2-2-1,1,31,0.14844009338738284,0.3185303013300516,30
3,0-1-0-2-1-0-0-2-2-2,1,30,0.20844381786876257,0.33850509797963657,30
3,0-1-0-2-1-0-1-0-0-0,3,32,0.4313903650302703,0.44418121111083514,30
3,0-1-0-2-1-0-1-0-0-1,3,35,0.36102542577799385,0.3866578197404024,30
3,0-1-0-2-1-0-1-0-0-2,3,32,0.31925560988712287,0.38569648604832923,30
3,0-1-0-2-1-0-1-0-1-0,1,31,0.36102542577799385,0.3945267356278616,30
3,0-1-0-2-1-0-1-0-1-1,1,33,0.3189997470516744,0.3405638214493889,30
3,0-1-0-2-1-0-1-0-1-2,1,31,0.2444498726394433,0.33343470307929557,30
3,0-1-0-2-1-0-1-0-2-0,1,30,0.31925560988712287,0.3937171897867378,30
3,0-1-0-2-1-0-1-0-2-1,1,33,0.2444498726394433,0.3335911747069158,30
3,0-1-0-2-1-0-1-0-2-2,1,30,0.21196794897216495,0.33853080609041797,30
3,0-1-0-2-1-0-1-1-0-0,3,34,0.32903956809429474,0.3749595890645787,30
3,0-1-0-2-1-0-1-1-0-1,3,36,0.31274328816929525,0.32289072495340654,30
3,0-1-0-2-1-0-1-1-0-2,3,34,0.21620208770533292,0.3127102928608062,30
3,0-1-0-2-1-0-1-1-1-0,1,33,0.31274328816929525,0.32984100380310094,30
3,0-1-0-2-1-0-1-1-1-1,1,34,0.3384220157759009,0.283872972844928,30
3,0-1-0-2-1-0-1-1-1-2,1,33,0.22332611675130273,0.26467082700160083,30
3,0-1-0-2-1-0-1-1-2-0,1,32,0.21620208770533292,0.3213004348420511,30
3,0-1-0-2-1-0-1-1-2-1,1,34,0.22332611675130273,0.26638359804126543,30
3,0-1-0-2-1-0-1-1-2-2,1,32,0.11135267229944398,0.2618244704985115,30
3,0-1-0-2-1-0-1-2-0-0,3,32,0.24679616693817413,0.3737578603007879,30
3,0-1-0-2-1-0-1-2-0-1,3,35,0.16673292112124255,0.31245873676792796,30
3,0-1-0-2-1-0-1-2-0-2,3,32,0.14844009338738284,0.32033759496773,30
3,0-1-0-2-1-0-1-2-1-0,1,31,0.16673292112124255,0.3208930253627324,30
3,0-1-0-2-1-0-1-2-1-1,1,33,0.1478889972225397,0.2627411423149304,30
3,0-1-0-2-1-0-1-2-1-2,1,31,0.05015839976426237,0.26449214617034283,30
3,0-1-0-2-1-0-1-2-2-0,1,30,0.14844009338738284,0.327501470078185,30
3,0-1-0-2-1-0-1-2-2-1,1,33,0.05015839976426237,0.26316394509054414,30
3,0-1-0-2-1-0-1-2-2-2,1,30,0.10168748289712576,0.27982762481388385,30
3,0-1-0-2-1-0-2-0-0-0,3,32,0.41385059888681575,0.44740500116069776,30
3,0-1-0-2-1-0-2-0-0-1,3,33,0.31925560988712287,0.385100825040259,30
3,0-1-0-2-1-0-2-0-0-2,3,33,0.31731482848148507,0.3946035694075432,30
3,0-1-0-2-1-0-2-0-1-0,1,31,0.31925560988712287,0.3937291773203819,30
3,0-1-0-2-1-0-2-0-1-1,1,32,0.2444498726394433,0.33358525978974285,30
3,0-1-0-2-1-0-2-0-1-2,1,32,0.21196794897216495,0.33856451681358346,30
3,0-1-0-2-1-0-2-0-2-0,1,30,0.31731482848148507,0.4017343389664238,30
3,0-1-0-2-1-0-2-0-2-1,1,31,0.21196794897216495,0.337022869452704,30
3,0-1-0-2-1-0-2-0-2-2,1,31,0.23934254133586677,0.353632961024394,30
3,0-1-0-2-1-0-2-1-0-0,3,34,0.26606747372929845,0.3721958629111193,30
3,0-1-0-2-1-0-2-1-0-1,3,34,0.21620208770533292,0.31323725244322753,30
3,0-1-0-2-1-0-2-1-0-2,3,35,0.15118892388321503,0.31590933046872044,30
3,0-1-0-2-1-0-2-1-1-0,1,33,0.21620208770533292,0.32128988143887227,30
3,0-1-0-2-1-0-2-1-1-1,1,33,0.22332611675130273,0.2663457413918148,30
3,0-1-0-2-1-0-2-1-1-2,1,34,0.11135267229944398,0.2618370823055967,30
3,0-1-0-2-1-0-2-1-2-0,1,32,0.15118892388321503,0.3235305289735017,30
3,0-1-0-2-1-0-2-1-2-1,1,32,0.11135267229944398,0.26138543221488836,30
3,0-1-0-2-1-0-2-1-2-2,1,33,0.04586992889526571,0.2721506898382541,30
3,0-1-0-2-1-0-2-2-0-0,3,32,0.26216946261228974,0.3840682813242715,30
3,0-1-0-2-1-0-2-2-0-1,3,33,0.14844009338738284,0.31838350755957295,30
3,0-1-0-2-1-0-2-2-0-2,3,33,0.20844381786876257,0.33838674946264513,30
3,0-1-0-2-1-0-2-2-1-0,1,31,0.14844009338738284,0.32754064403932553,30
3,0-1-0-2-1-0-2-2-1-1,1,32,0.05015839976426237,0.26318726556726546,30
3,0-1-0-2-1-0-2-2-1-2,1,32,0.10168748289712576,0.27989738483321347,30
3,0-1-0-2-1-0-2-2-2-0,1,30,0.20844381786876257,0.344345300966394,30
3,0-1-0-2-1-0-2-2-2-1,1,31,0.10168748289712576,0.2765787853586279,30
3,0-1-0-2-1-0-2-2-2-2,1,31,0.21294269847217917,0.3060978338418503,30
3,0-1-0-2-1-1-0-0-0-0,3,31,0.4313903650302703,0.4387220284147346,30
3,0-1-0-2-1-1-0-0-0-1,3,32,0.36102542577799385,0.3815222861266759,30
3,0-1-0-2-1-1-0-0-0-2,3,31,0.31925560988712287,0.3799727712990975,30
3,0-1-0-2-1-1-0-0-1-0,1,30,0.36102542577799385,0.3893370582994146,30
3,0-1-0-2-1-1-0-0-1-1,1,31,0.3189997470516744,0.33584316526133007,30
3,0-1-0-2-1-1-0-0-1-2,1,30,0.2444498726394433,0.3279453593571336,30
3,0-1-0-2-1-1-0-0-2-0,1,29,0.31925560988712287,0.3880325507091179,30
3,0-1-0-2-1-1-0-0-2-1,1,30,0.2444498726394433,0.3281981444966909,30
3,0-1-0-2-1-1-0-0-2-2,1,29,0.21196794897216495,0.3325606699757543,30
3,0-1-0-2-1-1-0-1-0-0,3,33,0.32903956809429474,0.3699121414637299,30
3,0-1-0-2-1-1-0-1-0-1,3,33,0.31274328816929525,0.3183922652393018,30
3,0-1-0-2-1-1-0-1-0-2,3,33,0.21620208770533292,0.30735237740764637,30
3,0-1-0-2-1-1-0-1-1-0,1,32,0.31274328816929525,0.3252496221185449,30
3,0-1-0-2-1-1-0-1-1-1,1,32,0.3384220157759009,0.2800910725865945,30
3,0-1-0-2-1-1-0-1-1-2,1,32,0.22332611675130273,0.2597697696622274,30
3,0-1-0-2-1-1-0-1-2-0,1,31,0.21620208770533292,0.3159908754446924,30
3,0-1-0-2-1-1-0-1-2-1,1,31,0.22332611675130273,0.261632185658598,30
3,0-1-0-2-1-1-0-1-2-2,1,31,0.11135267229944398,0.25613624295025916,30
3,0-1-0-2-1-1-0-2-0-0,3,31,0.24679616693817413,0.3679743504352595,30
3,0-1-0-2-1-1-0-2-0-1,3,32,0.16673292112124255,0.3069455358149224,30
3,0-1-0-2-1-1-0-2-0-2,3,31,0.14844009338738284,0.31426711068384744,30
3,0-1-0-2-1-1-0-2-1-0,1,30,0.16673292112124255,0.31533228203862873,30
3,0-1-0-2-1-1-0-2-1-1,1,31,0.1478889972225397,0.2576236354969576,30
3,0-1-0-2-1-1-0-2-1-2,1,30,0.05015839976426237,0.2585646290993268,30
3,0-1-0-2-1-1-0-2-2-0,1,29,0.14844009338738284,0.3214706243326244,30
3,0-1-0-2-1-1-0-2-2-1,1,30,0.05015839976426237,0.2573253324753057,30
3,0-1-0-2-1-1-0-2-2-2,1,29,0.10168748289712576,0.2735454380549072,30
3,0-1-0-2-1-1-1-0-0-0,3,31,0.36102542577799385,0.38917880762875284,30
3,0-1-0-2-1-1-1-0-0-1,3,34,0.3189997470516744,0.33569957203008466,30
3,0-1-0-2-1-1-1-0-0-2,3,31,0.2444498726394433,0.32777788805705615,30
3,0-1-0-2-1-1-1-0-1-0,1,30,0.3189997470516744,0.3428883268343435,30
3,0-1-0-2-1-1-1-0-1-1,1,32,0.3167997612428096,0.2948415050931959,30
3,0-1-0-2-1-1-1-0-1-2,1,30,0.21158238481995553,0.27859133029820293,30
3,0-1-0-2-1-1-1-0-2-0,1,29,0.2444498726394433,0.33623704928566456,30
3,0-1-0-2-1-1-1-0-2-1,1,32,0.21158238481995553,0.27991415954259125,30
3,0-1-0-2-1-1-1-0-2-2,1,29,0.12787451643043182,0.27777437426202206,30
3,0-1-0-2-1-1-1-1-0-0,3,33,0.31274328816929525,0.325110070805816,30
3,0-1-0-2-1-1-1-1-0-1,3,35,0.3384220157759009,0.2799768241482717,30
3,0-1-0-2-1-1-1-1-0-2,3,33,0.22332611675130273,0.25962080139049254,30
3,0-1-0-2-1-1-1-1-1-0,1,32,0.3384220157759009,0.2857530683096012,30
3,0-1-0-2-1-1-1-1-1-1,1,33,0.3980330724604726,0.24994065307921093,30
3,0-1-0-2-1-1-1-1-1-2,1,32,0.2831705063418629,0.2177699324284487,30
3,0-1-0-2-1-1-1-1-2-0,1,31,0.22332611675130273,0.26872805196497596,30
3,0-1-0-2-1-1-1-1-2-1,1,33,0.2831705063418629,0.22128658992343178,30
3,0-1-0-2-1-1-1-1-2-2,1,31,0.17064733837686613,0.20505174561727343,30
3,0-1-0-2-1-1-1-2-0-0,3,31,0.16673292112124255,0.31516260643085586,30
3,0-1-0-2-1-1-1-2-0-1,3,34,0.1478889972225397,0.25746791961253623,30
3,0-1-0-2-1-1-1-2-0-2,3,31,0.05015839976426237,0.2583835785243368,30
3,0-1-0-2-1-1-1-2-1-0,1,30,0.1478889972225397,0.26525973616955867,30
3,0-1-0-2-1-1-1-2-1-1,1,32,0.2076588874981582,0.21319014719864998,30
3,0-1-0-2-1-1-1-2-1-2,1,30,0.10088130824184764,0.2045968177605803,30
3,0-1-0-2-1-1-1-2-2-0,1,29,0.05015839976426237,0.26602382418564374,30
3,0-1-0-2-1-1-1-2-2-1,1,32,0.10088130824184764,0.20443449126292706,30
3,0-1-0-2-1-1-1-2-2-2,1,29,0.0664201226423071,0.2152401688477947,30
3,0-1-0-2-1-1-2-0-0-0,3,31,0.31925560988712287,0.38786946050179527,30
3,0-1-0-2-1-1-2-0-0-1,3,32,0.2444498726394433,0.32802570915153706,30
3,0-1-0-2-1-1-2-0-0-2,3,32,0.21196794897216495,0.33241063289429984,30
3,0-1-0-2-1-1-2-0-1-0,1,30,0.2444498726394433,0.3362320804895985,30
3,0-1-0-2-1-1-2-0-1-1,1,31,0.21158238481995553,0.2798842787962558,30
3,0-1-0-2-1-1-2-0-1-2,1,31,0.12787451643043182,0.2777924539433348,30
3,0-1-0-2-1-1-2-0-2-0,1,29,0.21196794897216495,0.33991306860203824,30
3,0-1-0-2-1-1-2-0-2-1,1,30,0.12787451643043182,0.2770587784697133,30
3,0-1-0-2-1-1-2-0-2-2,1,30,0.12294896454282284,0.2893441804671566,30
3,0-1-0-2-1-1-2-1-0-0,3,33,0.21620208770533292,0.3158162636707264,30
3,0-1-0-2-1-1-2-1-0-1,3,33,0.22332611675130273,0.26144686924937216,30
3,0-1-0-2-1-1-2-1-0-2,3,34,0.11135267229944398,0.25597309556601017,30
3,0-1-0-2-1-1-2-1-1-0,1,32,0.22332611675130273,0.2686916513336786,30
3,0-1-0-2-1-1-2-1-1-1,1,32,0.2831705063418629,0.22121213038687754,30
3,0-1-0-2-1-1-2-1-1-2,1,33,0.17064733837686613,0.20503668402846295,30
3,0-1-0-2-1-1-2-1-2-0,1,31,0.11135267229944398,0.2641232420366932,30
3,0-1-0-2-1-1-2-1-2-1,1,31,0.17064733837686613,0.2060052549611167,30
3,0-1-0-2-1-1-2-1-2-2,1,32,0.07235511089016976,0.2089699747121649,30
3,0-1-0-2-1-1-2-2-0-0,3,31,0.14844009338738284,0.32132423250969916,30
3,0-1-0-2-1-1-2-2-0-1,3,32,0.05015839976426237,0.25716845190620674,30
3,0-1-0-2-1-1-2-2-0-2,3,32,0.10168748289712576,0.27342234443462715,30
3,0-1-0-2-1-1-2-2-1-0,1,30,0.05015839976426237,0.26604803086452816,30
3,0-1-0-2-1-1-2-2-1-1,1,31,0.10088130824184764,0.20443325335498144,30
3,0-1-0-2-1-1-2-2-1-2,1,31,0.0664201226423071,0.21530117466315477,30
3,0-1-0-2-1-1-2-2-2-0,1,29,0.10168748289712576,0.27963089198355495,30
3,0-1-0-2-1-1-2-2-2-1,1,30,0.0664201226423071,0.21246719995252675,30
3,0-1-0-2-1-1-2-2-2-2,1,30,0.16070468746950117,0.2404766140027353,30
3,0-1-0-2-1-2-0-0-0-0,3,31,0.41385059888681575,0.442334483427368,30
3,0-1-0-2-1-2-0-0-0-1,3,32,0.31925560988712287,0.3797744900309617,30
3,0-1-0-2-1-2-0-0-0-2,3,31,0.31731482848148507,0.38996852755959555,30
3,0-1-0-2-1-2-0-0-1-0,1,30,0.31925560988712287,0.3884420036537558,30
3,0-1-0-2-1-2-0-0-1-1,1,31,0.2444498726394433,0.32799559195877354,30
3,0-1-0-2-1-2-0-0-1-2,1,30,0.21196794897216495,0.3337145074863357,30
3,0-1-0-2-1-2-0-0-2-0,1,29,0.31731482848148507,0.39702766805067397,30
3,0-1-0-2-1-2-0-0-2-1,1,30,0.21196794897216495,0.33205776951207955,30
3,0-1-0-2-1-2-0-0-2-2,1,29,0.23934254133586677,0.3495306518008399,30
3,0-1-0-2-1-2-0-1-0-0,3,33,0.26606747372929845,0.3668084446447248,30
3,0-1-0-2-1-2-0-1-0-1,3,33,0.21620208770533292,0.307528386785591,30
3,0-1-0-2-1-2-0-1-0-2,3,33,0.15118892388321503,0.3109538472252713,30
3,0-1-0-2-1-2-0-1-1-0,1,32,0.21620208770533292,0.31562925652312585,30
3,0-1-0-2-1-2-0-1-1-1,1,32,0.22332611675130273,0.26033084965506575,30
3,0-1-0-2-1-2-0-1-1-2,1,32,0.11135267229944398,0.25657009307617495,30
3,0-1-0-2-1-2-0-1-2-0,1,31,0.15118892388321503,0.3185005616949794,30
3,0-1-0-2-1-2-0-1-2-1,1,31,0.11135267229944398,0.25598907488903494,30
3,0-1-0-2-1-2-0-1-2-2,1,31,0.04586992889526571,0.2677900631727285,30
3,0-1-0-2-1-2-0-2-0-0,3,31,0.26216946261228974,0.37954872406989615,30
3,0-1-0-2-1-2-0-2-0-1,3,32,0.14844009338738284,0.31361489884232124,30
3,0-1-0-2-1-2-0-2-0-2,3,31,0.20844381786876257,0.3345583607804087,30
3,0-1-0-2-1-2-0-2-1-0,1,30,0.14844009338738284,0.32281206248405536,30
3,0-1-0-2-1-2-0-2-1-1,1,31,0.05015839976426237,0.2581273883386344,30
3,0-1-0-2-1-2-0-2-1-2,1,30,0.10168748289712576,0.275938789510388,30
3,0-1-0-2-1-2-0-2-2-0,1,29,0.20844381786876257,0.34040329823454557,30
3,0-1-0-2-1-2-0-2-2-1,1,30,0.10168748289712576,0.2724591736903179,30
3,0-1-0-2-1-2-0-2-2-2,1,29,0.21294269847217917,0.3031031480642625,30
3,0-1-0-2-1-2-1-0-0-0,3,31,0.31925560988712287,0.38826692962813003,30
3,0-1-0-2-1-2-1-0-0-1,3,34,0.2444498726394433,0.327829068953676,30
3,0-1-0-2-1-2-1-0-0-2,3,31,0.21196794897216495,0.3335307733633089,30
3,0-1-0-2-1-2-1-0-1-0,1,30,0.2444498726394433,0.33613172602338265,30
3,0-1-0-2-1-2-1-0-1-1,1,32,0.21158238481995553,0.27898078274346855,30
3,0-1-0-2-1-2-1-0-1-2,1,30,0.12787451643043182,0.2784575917858779,30
3,0-1-0-2-1-2-1-0-2-0,1,29,0.21196794897216495,0.3409183911483253,30
3,0-1-0-2-1-2-1-0-2-1,1,32,0.12787451643043182,0.27750416983822407,30
3,0-1-0-2-1-2-1-0-2-2,1,29,0.12294896454282284,0.2912764454142413,30
3,0-1-0-2-1-2-1-1-0-0,3,33,0.21620208770533292,0.3154651932030893,30
3,0-1-0-2-1-2-1-1-0-1,3,35,0.22332611675130273,0.26018336514425083,30
3,0-1-0-2-1-2-1-1-0-2,3,33,0.11135267229944398,0.2563943428463405,30
3,0-1-0-2-1-2-1-1-1-0,1,32,0.22332611675130273,0.26757730519671635,30
3,0-1-0-2-1-2-1-1-1-1,1,33,0.2831705063418629,0.21886013735713067,30
3,0-1-0-2-1-2-1-1-1-2,1,32,0.17064733837686613,0.2046458165307604,30
3,0-1-0-2-1-2-1-1-2-0,1,31,0.11135267229944398,0.2644152561247276,30
3,0-1-0-2-1-2-1-1-2-1,1,33,0.17064733837686613,0.20531694545967227,30
3,0-1-0-2-1-2-1-1-2-2,1,31,0.07235511089016976,0.21038119850635634,30
3,0-1-0-2-1-2-1-2-0-0,3,31,0.14844009338738284,0.32262651344864035,30
3,0-1-0-2-1-2-1-2-0-1,3,34,0.05015839976426237,0.25794720345775635,30
3,0-1-0-2-1-2-1-2-0-2,3,31,0.10168748289712576,0.2757459716558752,30
3,0-1-0-2-1-2-1-2-1-0,1,30,0.05015839976426237,0.26691608146600004,30
3,0-1-0-2-1-2-1-2-1-1,1,32,0.10088130824184764,0.2044948342363129,30
3,0-1-0-2-1-2-1-2-1-2,1,30,0.0664201226423071,0.21738144653084363,30
3,0-1-0-2-1-2-1-2-2-0,1,29,0.10168748289712576,0.28179426093766374,30
3,0-1-0-2-1-2-1-2-2-1,1,32,0.0664201226423071,0.21428817777776774,30
3,0-1-0-2-1-2-1-2-2-2,1,29,0.16070468746950117,0.2438873290975619,30
3,0-1-0-2-1-2-2-0-0-0,3,31,0.31731482848148507,0.39688437621008826,30
3,0-1-0-2-1-2-2-0-0-1,3,32,0.21196794897216495,0.3319065938007567,30
3,0-1-0-2-1-2-2-0-0-2,3,32,0.23934254133586677,0.3494061921268305,30
3,0-1-0-2-1-2-2-0-1-0,1,30,0.21196794897216495,0.3409509786828106,30
3,0-1-0-2-1-2-2-0-1-1,1,31,0.12787451643043182,0.27752008735591976,30
3,0-1-0-2-1-2-2-0-1-2,1,31,0.12294896454282284,0.29133756010498846,30
3,0-1-0-2-1-2-2-0-2-0,1,29,0.23934254133586677,0.3556603937346493,30
3,0-1-0-2-1-2-2-0-2-1,1,30,0.12294896454282284,0.2884469095804218,30
3,0-1-0-2-1-2-2-0-2-2,1,30,0.2026345808483989,0.314939430336863,30
3,0-1-0-2-1-2-2-1-0-0,3,33,0.15118892388321503,0.31834740102039044,30
3,0-1-0-2-1-2-2-1-0-1,3,33,0.11135267229944398,0.2558246513378496,30
3,0-1-0-2-1-2-2-1-0-2,3,34,0.04586992889526571,0.26765789645891397,30
3,0-1-0-2-1-2-2-1-1-0,1,32,0.11135267229944398,0.2644266005125126,30
3,0-1-0-2-1-2-2-1-1-1,1,32,0.17064733837686613,0.20529895676018492,30
3,0-1-0-2-1-2-2-1-1-2,1,33,0.07235511089016976,0.21042726511846802,30
3,0-1-0-2-1-2-2-1-2-0,1,31,0.04586992889526571,0.2743085381405175,30
3,0-1-0-2-1-2-2-1-2-1,1,31,0.07235511089016976,0.20834798688430708,30
3,0-1-0-2-1-2-2-1-2-2,1,32,0.09235680588006155,0.2316590295880617,30
3,0-1-0-2-1-2-2-2-0-0,3,31,0.20844381786876257,0.34028383217526226,30
3,0-1-0-2-1-2-2-2-0-1,3,32,0.10168748289712576,0.2723344784490285,30
3,0-1-0-2-1-2-2-2-0-2,3,32,0.21294269847217917,0.30301315321901157,30
3,0-1-0-2-1-2-2-2-1-0,1,30,0.10168748289712576,0.2818624611286738,30
3,0-1-0-2-1-2-2-2-1-1,1,31,0.0664201226423071,0.21434663234643273,30
3,0-1-0-2-1-2-2-2-1-2,1,31,0.16070468746950117,0.24399355856993424,30
3,0-1-0-2-1-2-2-2-2-0,1,29,0.21294269847217917,0.307597450523843,30
3,0-1-0-2-1-2-2-2-2-1,1,30,0.16070468746950117,0.23885497341954395,30
3,0-1-0-2-1-2-2-2-2-2,1,30,0.27280053152649736,0.28065125377438727,30
3,0-1-0-2-2-0-0-0-0-0,3,33,0.5186865195542837,0.5470191999177774,30
3,0-1-0-2-2-0-0-0-0-1,3,34,0.4313903650302703,0.47855704673806787,30
3,0-1-0-2-2-0-0-0-0-2,3,33,0.41385059888681575,0.5107715564174223,30
3,0-1-0-2-2-0-0-0-1-0,1,31,0.4313903650302703,0.4881757187076879,30
3,0-1-0-2-2-0-0-0-1-1,1,32,0.36102542577799385,0.4197945025036237,30
3,0-1-0-2-2-0-0-0-1-2,1,31,0.31925560988712287,0.4517030386752108,30
3,0-1-0-2-2-0-0-0-2-0,1,31,0.41385059888681575,0.5154670226484388,30
3,0-1-0-2-2-0-0-0-2-1,1,32,0.31925560988712287,0.44671648546732945,30
3,0-1-0-2-2-0-0-0-2-2,1,31,0.31731482848148507,0.48527196426020547,30
3,0-1-0-2-2-0-0-1-0-0,3,35,0.381975758382696,0.4640672825039305,30
3,0-1-0-2-2-0-0-1-0-1,3,35,0.32903956809429474,0.39572931425597474,30
3,0-1-0-2-2-0-0-1-0-2,3,35,0.26606747372929845,0.42748593338313046,30
3,0-1-0-2-2-0-0-1-1-0,1,33,0.32903956809429474,0.40532698834982156,30
3,0-1-0-2-2-0-0-1-1-1,1,33,0.31274328816929525,0.33713241470997574,30
3,0-1-0-2-2-0-0-1-1-2,1,33,0.21620208770533292,0.36842675402427066,30
3,0-1-0-2-2-0-0-1-2-0,1,33,0.26606747372929845,0.432154703570931,30
3,0-1-0-2-2-0-0-1-2-1,1,33,0.21620208770533292,0.363405366410103,30
3,0-1-0-2-2-0-0-1-2-2,1,33,0.15118892388321503,0.4028256675794927,30
3,0-1-0-2-2-0-0-2-0-0,3,33,0.3481330185270369,0.5039639302152386,30
3,0-1-0-2-2-0-0-2-0-1,3,34,0.24679616693817413,0.4353098754283419,30
3,0-1-0-2-2-0-0-2-0-2,3,33,0.26216946261228974,0.4765434149071058,30
3,0-1-0-2-2-0-0-2-1-0,1,31,0.24679616693817413,0.4449586149111037,30
3,0-1-0-2-2-0-0-2-1-1,1,32,0.16673292112124255,0.37633530762284034,30
3,0-1-0-2-2-0-0-2-1-2,1,31,0.14844009338738284,0.41852679408038457,30
3,0-1-0-2-2-0-0-2-2-0,1,31,0.26216946261228974,0.47989778792407645,30
3,0-1-0-2-2-0-0-2-2-1,1,32,0.14844009338738284,0.41216435628051495,30
3,0-1-0-2-2-0-0-2-2-2,1,31,0.20844381786876257,0.4599357784302927,30
3,0-1-0-2-2-0-1-0-0-0,3,33,0.4313903650302703,0.487981930059311,30
3,0-1-0-2-2-0-1-0-0-1,3,36,0.36102542577799385,0.4196010339921063,30
3,0-1-0-2-2-0-1-0-0-2,3,33,0.31925560988712287,0.45150841931267477,30
3,0-1-0-2-2-0-1-0-1-0,1,31,0.36102542577799385,0.42920604020040093,30
3,0-1-0-2-2-0-1-0-1-1,1,34,0.3189997470516744,0.3609453403215833,30
3,0-1-0-2-2-0-1-0-1-2,1,31,0.2444498726394433,0.3924459690665565,30
3,0-1-0-2-2-0-1-0-2-0,1,31,0.31925560988712287,0.4561859020566933,30
3,0-1-0-2-2-0-1-0-2-1,1,34,0.2444498726394433,0.3874361443442955,30
3,0-1-0-2-2-0-1-0-2-2,1,31,0.21196794897216495,0.4265725213531928,30
3,0-1-0-2-2-0-1-1-0-0,3,35,0.32903956809429474,0.4051336092234134,30
3,0-1-0-2-2-0-1-1-0-1,3,37,0.31274328816929525,0.33693962449104886,30
3,0-1-0-2-2-0-1-1-0-2,3,35,0.21620208770533292,0.3682321723473954,30
3,0-1-0-2-2-0-1-1-1-0,1,33,0.31274328816929525,0.3465121927718538,30
3,0-1-0-2-2-0-1-1-1-1,1,35,0.3384220157759009,0.27855128623264197,30
3,0-1-0-2-2-0-1-1-1-2,1,33,0.22332611675130273,0.3091842754978194,30
3,0-1-0-2-2-0-1-1-2-0,1,33,0.21620208770533292,0.37287458114196204,30
3,0-1-0-2-2-0-1-1-2-1,1,35,0.22332611675130273,0.30412669652273844,30
3,0-1-0-2-2-0-1-1-2-2,1,33,0.11135267229944398,0.344415729582154,30
3,0-1-0-2-2-0-1-2-0-0,3,33,0.24679616693817413,0.44476423166297424,30
3,0-1-0-2-2-0-1-2-0-1,3,36,0.16673292112124255,0.37614104829579925,30
3,0-1-0-2-2-0-1-2-0-2,3,33,0.14844009338738284,0.4183361279874367,30
3,0-1-0-2-2-0-1-2-1-0,1,31,0.16673292112124255,0.3857845012638391,30
3,0-1-0-2-2-0-1-2-1-1,1,34,0.1478889972225397,0.31720907609054516,30
3,0-1-0-2-2-0-1-2-1-2,1,31,0.05015839976426237,0.3606689627267849,30
3,0-1-0-2-2-0-1-2-2-0,1,31,0.14844009338738284,0.42147411839245313,30
3,0-1-0-2-2-0-1-2-2-1,1,34,0.05015839976426237,0.35407601439134945,30
3,0-1-0-2-2-0-1-2-2-2,1,31,0.10168748289712576,0.4036773176436621,30
3,0-1-0-2-2-0-2-0-0-0,3,33,0.41385059888681575,0.5153710646963735,30
3,0-1-0-2-2-0-2-0-0-1,3,34,0.31925560988712287,0.44662074191608997,30
3,0-1-0-2-2-0-2-0-0-2,3,33,0.31731482848148507,0.4851976235015196,30
3,0-1-0-2-2-0-2-0-1-0,1,31,0.31925560988712287,0.4562848106116,30
3,0-1-0-2-2-0-2-0-1-1,1,32,0.2444498726394433,0.3875353290614806,30
3,0-1-0-2-2-0-2-0-1-2,1,31,0.21196794897216495,0.4266939804665319,30
3,0-1-0-2-2-0-2-0-2-0,1,31,0.31731482848148507,0.48896780498172854,30
3,0-1-0-2-2-0-2-0-2-1,1,32,0.21196794897216495,0.42073125880817963,30
3,0-1-0-2-2-0-2-0-2-2,1,31,0.23934254133586677,0.46585830885197266,30
3,0-1-0-2-2-0-2-1-0-0,3,35,0.26606747372929845,0.4320590142112671,30
3,0-1-0-2-2-0-2-1-0-1,3,35,0.21620208770533292,0.36330999175850137,30
3,0-1-0-2-2-0-2-1-0-2,3,35,0.15118892388321503,0.40275624646916824,30
3,0-1-0-2-2-0-2-1-1-0,1,33,0.21620208770533292,0.37297383737585815,30
3,0-1-0-2-2-0-2-1-1-1,1,33,0.22332611675130273,0.3042263825011645,30
3,0-1-0-2-2-0-2-1-1-2,1,33,0.11135267229944398,0.34454261089429167,30
3,0-1-0-2-2-0-2-1-2-0,1,33,0.15118892388321503,0.40630059132632773,30
3,0-1-0-2-2-0-2-1-2-1,1,33,0.11135267229944398,0.3383221156069089,30
3,0-1-0-2-2-0-2-1-2-2,1,33,0.04586992889526571,0.3856719109727418,30
3,0-1-0-2-2-0-2-2-0-0,3,33,0.26216946261228974,0.47982852338273896,30
3,0-1-0-2-2-0-2-2-0-1,3,34,0.14844009338738284,0.41209994833600433,30
3,0-1-0-2-2-0-2-2-0-2,3,33,0.20844381786876257,0.4598926145785056,30
3,0-1-0-2-2-0-2-2-1-0,1,31,0.14844009338738284,0.4216004087863119,30
3,0-1-0-2-2-0-2-2-1-1,1,32,0.05015839976426237,0.3542074397132059,30
3,0-1-0-2-2-0-2-2-1-2,1,31,0.10168748289712576,0.4038257480984097,30
3,0-1-0-2-2-0-2-2-2-0,1,31,0.20844381786876257,0.46212940760257504,30
3,0-1-0-2-2-0-2-2-2-1,1,32,0.10168748289712576,0.39650607811765687,30
3,0-1-0-2-2-0-2-2-2-2,1,31,0.21294269847217917,0.45050465542080986,30
3,0-1-0-2-2-1-0-0-0-0,3,32,0.4313903650302703,0.4816491939521628,30
3,0-1-0-2-2-1-0-0-0-1,3,33,0.36102542577799385,0.41327899175989463,30
3,0-1-0-2-2-1-0-0-0-2,3,32,0.31925560988712287,0.4451481689806489,30
3,0-1-0-2-2-1-0-0-1-0,1,30,0.36102542577799385,0.42288217844037845,30
3,0-1-0-2-2-1-0-0-1-1,1,31,0.3189997470516744,0.35463779540583124,30
3,0-1-0-2-2-1-0-0-1-2,1,30,0.2444498726394433,0.3860865294215752,30
3,0-1-0-2-2-1-0-0-2-0,1,30,0.31925560988712287,0.44982343666092345,30
3,0-1-0-2-2-1-0-0-2-1,1,31,0.2444498726394433,0.38107378315886714,30
3,0-1-0-2-2-1-0-0-2-2,1,30,0.21196794897216495,0.42028219159752805,30
3,0-1-0-2-2-1-0-1-0-0,3,34,0.32903956809429474,0.3988145588504777,30
3,0-1-0-2-2-1-0-1-0-1,3,34,0.31274328816929525,0.3306403437473312,30
3,0-1-0-2-2-1-0-1-0-2,3,34,0.21620208770533292,0.3618731842049503,30
3,0-1-0-2-2-1-0-1-1-0,1,32,0.31274328816929525,0.34020940712432407,30
3,0-1-0-2-2-1-0-1-1-1,1,32,0.3384220157759009,0.2722819776457077,30
3,0-1-0-2-2-1-0-1-1-2,1,32,0.22332611675130273,0.3028268727138884,30
3,0-1-0-2-2-1-0-1-2-0,1,32,0.21620208770533292,0.3665122498011659,30
3,0-1-0-2-2-1-0-1-2-1,1,32,0.22332611675130273,0.29776456952234126,30
3,0-1-0-2-2-1-0-1-2-2,1,32,0.11135267229944398,0.3381647948003494,30
3,0-1-0-2-2-1-0-2-0-0,3,32,0.24679616693817413,0.43841181355694614,30
3,0-1-0-2-2-1-0-2-0-1,3,33,0.16673292112124255,0.3697927798714707,30
3,0-1-0-2-2-1-0-2-0-2,3,32,0.14844009338738284,0.41210711003972256,30
3,0-1-0-2-2-1-0-2-1-0,1,30,0.16673292112124255,0.37943551209993237,30
3,0-1-0-2-2-1-0-2-1-1,1,31,0.1478889972225397,0.31086675556231286,30
3,0-1-0-2-2-1-0-2-1-2,1,30,0.05015839976426237,0.35448721382836945,30
3,0-1-0-2-2-1-0-2-2-0,1,30,0.14844009338738284,0.41521812814235043,30
3,0-1-0-2-2-1-0-2-2-1,1,31,0.05015839976426237,0.347865492343057,30
3,0-1-0-2-2-1-0-2-2-2,1,30,0.10168748289712576,0.39769145818028345,30
3,0-1-0-2-2-1-1-0-0-0,3,32,0.36102542577799385,0.4226886920355135,30
3,0-1-0-2-2-1-1-0-0-1,3,35,0.3189997470516744,0.35444482099313873,30
3,0-1-0-2-2-1-1-0-0-2,3,32,0.2444498726394433,0.38589193767968044,30
3,0-1-0-2-2-1-1-0-1-0,1,30,0.3189997470516744,0.3640261732422823,30
3,0-1-0-2-2-1-1-0-1-1,1,33,0.3167997612428096,0.29598227253014076,30
3,0-1-0-2-2-1-1-0-1-2,1,30,0.21158238481995553,0.3268400786977724,30
3,0-1-0-2-2-1-1-0-2-0,1,30,0.2444498726394433,0.3905430518148752,30
3,0-1-0-2-2-1-1-0-2-1,1,33,0.21158238481995553,0.3217946567631321,30
3,0-1-0-2-2-1-1-0-2-2,1,30,0.12787451643043182,0.3617952219210238,30
3,0-1-0-2-2-1-1-1-0-0,3,34,0.31274328816929525,0.340016582444309,30
3,0-1-0-2-2-1-1-1-0-1,3,36,0.3384220157759009,0.27209021051522236,30
3,0-1-0-2-2-1-1-1-0-2,3,34,0.22332611675130273,0.3026323451187356,30
3,0-1-0-2-2-1-1-1-1-0,1,32,0.3384220157759009,0.28161427219675095,30
3,0-1-0-2-2-1-1-1-1-1,1,34,0.3980330724604726,0.21413419791928967,30
3,0-1-0-2-2-1-1-1-1-2,1,32,0.2831705063418629,0.24360661593258162,30
3,0-1-0-2-2-1-1-1-2-0,1,32,0.22332611675130273,0.3072334943521398,30
3,0-1-0-2-2-1-1-1-2-1,1,34,0.2831705063418629,0.2384884722983429,30
3,0-1-0-2-2-1-1-1-2-2,1,32,0.17064733837686613,0.28016518363155984,30
3,0-1-0-2-2-1-1-2-0-0,3,32,0.16673292112124255,0.3792412456857194,30
3,0-1-0-2-2-1-1-2-0-1,3,35,0.1478889972225397,0.31067269910131134,30
3,0-1-0-2-2-1-1-2-0-2,3,32,0.05015839976426237,0.3542981586004743,30
3,0-1-0-2-2-1-1-2-1-0,1,30,0.1478889972225397,0.32030648702222503,30
3,0-1-0-2-2-1-1-2-1-1,1,33,0.2076588874981582,0.25182315075996864,30
3,0-1-0-2-2-1-1-2-1-2,1,30,0.10088130824184764,0.29725752039807185,30
3,0-1-0-2-2-1-1-2-2-0,1,30,0.05015839976426237,0.3571107180028493,30
3,0-1-0-2-2-1-1-2-2-1,1,33,0.10088130824184764,0.29031740129797423,30
3,0-1-0-2-2-1-1-2-2-2,1,30,0.0664201226423071,0.3425731714005966,30
3,0-1-0-2-2-1-2-0-0-0,3,32,0.31925560988712287,0.4497276820026274,30
3,0-1-0-2-2-1-2-0-0-1,3,33,0.2444498726394433,0.3809783167506942,30
3,0-1-0-2-2-1-2-0-0-2,3,32,0.21196794897216495,0.42021156103844953,30
3,0-1-0-2-2-1-2-0-1-0,1,30,0.2444498726394433,0.39064222196106224,30
3,0-1-0-2-2-1-2-0-1-1,1,31,0.21158238481995553,0.32189421483762803,30
3,0-1-0-2-2-1-2-0-1-2,1,30,0.12787451643043182,0.3619207630073892,30
3,0-1-0-2-2-1-2-0-2-0,1,30,0.21196794897216495,0.4238113963983827,30
3,0-1-0-2-2-1-2-0-2-1,1,31,0.12787451643043182,0.3557641278124366,30
3,0-1-0-2-2-1-2-0-2-2,1,30,0.12294896454282284,0.40257163074486846,30
3,0-1-0-2-2-1-2-1-0-0,3,34,0.21620208770533292,0.36641685837148646,30
3,0-1-0-2-2-1-2-1-0-1,3,34,0.22332611675130273,0.29766963153891157,30
3,0-1-0-2-2-1-2-1-0-2,3,34,0.11135267229944398,0.33810099815471856,30
3,0-1-0-2-2-1-2-1-1-0,1,32,0.22332611675130273,0.3073331567779835,30
3,0-1-0-2-2-1-2-1-1-1,1,32,0.2831705063418629,0.238588798541179,30
3,0-1-0-2-2-1-2-1-1-2,1,32,0.17064733837686613,0.28029835025516703,30
3,0-1-0-2-2-1-2-1-2-0,1,32,0.11135267229944398,0.3413874992220078,30
3,0-1-0-2-2-1-2-1-2-1,1,32,0.17064733837686613,0.2737769988749939,30
3,0-1-0-2-2-1-2-1-2-2,1,32,0.07235511089016976,0.32360693066120316,30
3,0-1-0-2-2-1-2-2-0-0,3,32,0.14844009338738284,0.4151534654041324,30
3,0-1-0-2-2-1-2-2-0-1,3,33,0.05015839976426237,0.3478075509463083,30
3,0-1-0-2-2-1-2-2-0-2,3,32,0.10168748289712576,0.3976576083453201,30
3,0-1-0-2-2-1-2-2-1-0,1,30,0.05015839976426237,0.3572418735602186,30
3,0-1-0-2-2-1-2-2-1-1,1,31,0.10088130824184764,0.2904556747174088,30
3,0-1-0-2-2-1-2-2-1-2,1,30,0.0664201226423071,0.3427294193805597,30
3,0-1-0-2-2-1-2-2-2-0,1,30,0.10168748289712576,0.3994490069230642,30
3,0-1-0-2-2-1-2-2-2-1,1,31,0.0664201226423071,0.3350219796316228,30
3,0-1-0-2-2-1-2-2-2-2,1,30,0.16070468746950117,0.3917444739395864,30
3,0-1-0-2-2-2-0-0-0-0,3,32,0.41385059888681575,0.5122659294094418,30
3,0-1-0-2-2-2-0-0-0-1,3,33,0.31925560988712287,0.4435274432133379,30
3,0-1-0-2-2-2-0-0-0-2,3,32,0.31731482848148507,0.4828050303087582,30
3,0-1-0-2-2-2-0-0-1-0,1,30,0.31925560988712287,0.45318963080162866,30
3,0-1-0-2-2-2-0-0-1-1,1,31,0.2444498726394433,0.38445559172455696,30
3,0-1-0-2-2-2-0-0-1-2,1,30,0.21196794897216495,0.42441451597477053,30
3,0-1-0-2-2-2-0-0-2-0,1,30,0.31731482848148507,0.4864673599982938,30
3,0-1-0-2-2-2-0-0-2-1,1,31,0.21196794897216495,0.41834582326062697,30
3,0-1-0-2-2-2-0-0-2-2,1,30,0.23934254133586677,0.4641765367766368,30
3,0-1-0-2-2-2-0-1-0-0,3,34,0.26606747372929845,0.4289687102783075,30
3,0-1-0-2-2-2-0-1-0-1,3,34,0.21620208770533292,0.3602371030507842,30
3,0-1-0-2-2-2-0-1-0-2,3,34,0.15118892388321503,0.40053298495757983,30
3,0-1-0-2-2-2-0-1-1-0,1,32,0.21620208770533292,0.3698981088993331,30
3,0-1-0-2-2-2-0-1-1-1,1,32,0.22332611675130273,0.3011748280922744,30
3,0-1-0-2-2-2-0-1-1-2,1,32,0.11135267229944398,0.34249037016353884,30
3,0-1-0-2-2-2-0-1-2-0,1,32,0.15118892388321503,0.4039446287257209,30
3,0-1-0-2-2-2-0-1-2-1,1,32,0.11135267229944398,0.3361404529942921,30
3,0-1-0-2-2-2-0-1-2-2,1,32,0.04586992889526571,0.38432906578877957,30
3,0-1-0-2-2-2-0-2-0-0,3,32,0.26216946261228974,0.47760306638196887,30
3,0-1-0-2-2-2-0-2-0-1,3,33,0.14844009338738284,0.41004036661110993,30
3,0-1-0-2-2-2-0-2-0-2,3,32,0.20844381786876257,0.45852525496653546,30
3,0-1-0-2-2-2-0-2-1-0,1,30,0.14844009338738284,0.41951417952006353,30
3,0-1-0-2-2-2-0-2-1-1,1,31,0.05015839976426237,0.3523430290839136,30
3,0-1-0-2-2-2-0-2-1-2,1,30,0.10168748289712576,0.4027348908268562,30
3,0-1-0-2-2-2-0-2-2-0,1,30,0.20844381786876257,0.4606352097533588,30
3,0-1-0-2-2-2-0-2-2-1,1,31,0.10168748289712576,0.3953172583430878,30
3,0-1-0-2-2-2-0-2-2-2,1,30,0.21294269847217917,0.44994507107169107,30
3,0-1-0-2-2-2-1-0-0-0,3,32,0.31925560988712287,0.4529949824187288,30
3,0-1-0-2-2-2-1-0-0-1,3,35,0.2444498726394433,0.3842609612035082,30
3,0-1-0-2-2-2-1-0-0-2,3,32,0.21196794897216495,0.4242224414545925,30
3,0-1-0-2-2-2-1-0-1-0,1,30,0.2444498726394433,0.39392238671083013,30
3,0-1-0-2-2-2-1-0-1-1,1,33,0.21158238481995553,0.32519521683594566,30
3,0-1-0-2-2-2-1-0-1-2,1,30,0.12787451643043182,0.3660568228231351,30
3,0-1-0-2-2-2-1-0-2-0,1,30,0.21196794897216495,0.42771664781493174,30
3,0-1-0-2-2-2-1-0-2-1,1,33,0.12787451643043182,0.3598000668048891,30
3,0-1-0-2-2-2-1-0-2-2,1,30,0.12294896454282284,0.40721837709970105,30
3,0-1-0-2-2-2-1-1-0-0,3,34,0.21620208770533292,0.36970348349284077,30
3,0-1-0-2-2-2-1-1-0-1,3,36,0.22332611675130273,0.3009802376937499,30
3,0-1-0-2-2-2-1-1-0-2,3,34,0.11135267229944398,0.342299714033425,30
3,0-1-0-2-2-2-1-1-1-0,1,32,0.22332611675130273,0.31063975260617355,30
3,0-1-0-2-2-2-1-1-1-1,1,34,0.2831705063418629,0.2419308656769347,30
3,0-1-0-2-2-2-1-1-1-2,1,32,0.17064733837686613,0.28468932095550886,30
3,0-1-0-2-2-2-1-1-2-0,1,32,0.11135267229944398,0.34545729286957405,30
3,0-1-0-2-2-2-1-1-2-1,1,34,0.17064733837686613,0.27804982290675956,30
3,0-1-0-2-2-2-1-1-2-2,1,32,0.07235511089016976,0.32856387477919624,30
3,0-1-0-2-2-2-1-2-0-0,3,32,0.14844009338738284,0.41932324107223684,30
3,0-1-0-2-2-2-1-2-0-1,3,35,0.05015839976426237,0.35215368164382094,30
3,0-1-0-2-2-2-1-2-0-2,3,32,0.10168748289712576,0.4025526199236832,30
3,0-1-0-2-2-2-1-2-1-0,1,30,0.05015839976426237,0.36155963813356323,30
3,0-1-0-2-2-2-1-2-1-1,1,33,0.10088130824184764,0.2950095879997238,30
3,0-1-0-2-2-2-1-2-1-2,1,30,0.0664201226423071,0.3478570514990747,30
3,0-1-0-2-2-2-1-2-2-0,1,30,0.10168748289712576,0.40424627983680234,30
3,0-1-0-2-2-2-1-2-2-1,1,33,0.0664201226423071,0.3400850111371086,30
3,0-1-0-2-2-2-1-2-2-2,1,30,0.16070468746950117,0.3971860221086736,30
3,0-1-0-2-2-2-2-0-0-0,3,32,0.31731482848148507,0.48639195823482456,30
3,0-1-0-2-2-2-2-0-0-1,3,33,0.21196794897216495,0.4182741425961899,30
3,0-1-0-2-2-2-2-0-0-2,3,32,0.23934254133586677,0.46412635526555385,30
3,0-1-0-2-2-2-2-0-1-0,1,30,0.21196794897216495,0.4278370751576026,30
3,0-1-0-2-2-2-2-0-1-1,1,31,0.12787451643043182,0.3599246230823948,30
3,0-1-0-2-2-2-2-0-1-2,1,30,0.12294896454282284,0.4073612948504712,30
3,0-1-0-2-2-2-2-0-2-0,1,30,0.23934254133586677,0.46670888203302174,30
3,0-1-0-2-2-2-2-0-2-1,1,31,0.12294896454282284,0.40031965595489327,30
3,0-1-0-2-2-2-2-0-2-2,1,30,0.2026345808483989,0.45252443832086464,30
3,0-1-0-2-2-2-2-1-0-0,3,34,0.15118892388321503,0.40387390213117674,30
3,0-1-0-2-2-2-2-1-0-1,3,34,0.11135267229944398,0.3360753720799536,30
3,0-1-0-2-2-2-2-1-0-2,3,34,0.04586992889526571,0.38428956298957145,30
3,0-1-0-2-2-2-2-1-1-0,1,32,0.11135267229944398,0.34558291653905476,30
3,0-1-0-2-2-2-2-1-1-1,1,32,0.17064733837686613,0.2781818275735792,30
3,0-1-0-2-2-2-2-1-1-2,1,32,0.07235511089016976,0.3287163163731798,30
3,0-1-0-2-2-2-2-1-2-0,1,32,0.04586992889526571,0.3863640396364606,30
3,0-1-0-2-2-2-2-1-2-1,1,32,0.07235511089016976,0.321204332266053,30
3,0-1-0-2-2-2-2-1-2-2,1,32,0.09235680588006155,0.3767845015612748,30
3,0-1-0-2-2-2-2-2-0-0,3,32,0.20844381786876257,0.460590798068447,30
3,0-1-0-2-2-2-2-2-0-1,3,33,0.10168748289712576,0.3952824400069806,30
3,0-1-0-2-2-2-2-2-0-2,3,32,0.21294269847217917,0.44992935606476503,30
3,0-1-0-2-2-2-2-2-1-0,1,30,0.10168748289712576,0.40439375350983015,30
3,0-1-0-2-2-2-2-2-1-1,1,31,0.0664201226423071,0.3402406237985609,30
3,0-1-0-2-2-2-2-2-1-2,1,30,0.16070468746950117,0.39735296036088,30
3,0-1-0-2-2-2-2-2-2-0,1,30,0.21294269847217917,0.45081029750373447,30
3,0-1-0-2-2-2-2-2-2-1,1,31,0.16070468746950117,0.38909738304723857,30
3,0-1-0-2-2-2-2-2-2-2,1,30,0.27280053152649736,0.4490517972477697,30
3,0-1-1-0-0-0-0-0-0-2,0,27,0.6286626068890782,0.6682313815437272,30
3,0-1-1-0-0-0-0-0-1-2,1,28,0.6690892651678856,0.6561530938166766,30
3,0-1-1-0-0-0-0-0-2-0,0,27,0.6286626068890782,0.6775397779042718,30
3,0-1-1-0-0-0-0-0-2-1,0,26,0.6690892651678856,0.6636621919293112,30
3,0-1-1-0-0-0-0-0-2-2,0,26,0.5530396781051741,0.6115603735152513,30
3,0-1-1-0-0-0-0-1-0-2,0,28,0.7055183657234807,0.6526842380465679,30
3,0-1-1-0-0-0-0-1-1-2,1,29,0.7716991329148241,0.6479555658969666,30
3,0-1-1-0-0-0-0-1-2-0,0,28,0.7055183657234807,0.6616029639762985,30
3,0-1-1-0-0-0-0-1-2-1,0,27,0.7716991329148241,0.6561724177859176,30
3,0-1-1-0-0-0-0-1-2-2,0,27,0.6565380298080602,0.598659021929211,30
3,0-1-1-0-0-0-0-2-0-0,0,27,0.5767329021412237,0.6542250465510312,30
3,0-1-1-0-0-0-0-2-0-1,0,27,0.6278093142473866,0.6411422959263873,30
3,0-1-1-0-0-0-0-2-0-2,0,27,0.5112503291272812,0.5884621541107524,30
3,0-1-1-0-0-0-0-2-1-0,1,29,0.6278093142473866,0.6425531795130518,30
3,0-1-1-0-0-0-0-2-1-1,1,28,0.6948726496581427,0.6356513751152542,30
3,0-1-1-0-0-0-0-2-1-2,1,28,0.5800779934182112,0.5789770365347494,30
3,0-1-1-0-0-0-0-2-2-0,0,27,0.5112503291272812,0.5976656842696626,30
3,0-1-1-0-0-0-0-2-2-1,0,26,0.5800779934182112,0.5867877191036336,30
3,0-1-1-0-0-0-0-2-2-2,0,26,0.466168131897588,0.5325472894795475,30
3,0-1-1-0-0-0-1-0-0-2,0,27,0.6690892651678856,0.6561217246652287,30
3,0-1-1-0-0-0-1-0-1-2,1,28,0.7261707690129431,0.6492344371997281,30
3,0-1-1-0-0-0-1-0-2-0,0,26,0.6690892651678856,0.6651689596429499,30
3,0-1-1-0-0-0-1-0-2-1,0,26,0.7261707690129431,0.6572586408600425,30
3,0-1-1-0-0-0-1-0-2-2,0,26,0.6098414070828687,0.6012250789541774,30
3,0-1-1-0-0-0-1-1-0-2,0,28,0.7716991329148241,0.6479488348151775,30
3,0-1-1-0-0-0-1-1-1-2,1,29,0.8488007473214606,0.648608762617181,30
3,0-1-1-0-0-0-1-1-2-0,0,27,0.7716991329148241,0.6564956327487785,30
3,0-1-1-0-0-0-1-1-2-1,0,27,0.8488007473214606,0.6572534499703069,30
3,0-1-1-0-0-0-1-1-2-2,0,27,0.7364750211136959,0.5964365593193165,30
3,0-1-1-0-0-0-1-2-0-0,0,27,0.6278093142473866,0.6425233527087919,30
3,0-1-1-0-0-0-1-2-0-1,0,27,0.6948726496581427,0.6356422835416669,30
3,0-1-1-0-0-0-1-2-0-2,0,27,0.5800779934182112,0.5789554947848267,30
3,0-1-1-0-0-0-1-2-1-0,1,28,0.6948726496581427,0.6361653632246845,30
3,0-1-1-0-0-0-1-2-1-1,1,28,0.7737772502301294,0.6356384768948733,30
3,0-1-1-0-0-0-1-2-1-2,1,28,0.6624075991465237,0.5754320990164281,30
3,0-1-1-0-0-0-1-2-2-0,0,26,0.5800779934182112,0.587820622474645,30
3,0-1-1-0-0-0-1-2-2-1,0,26,0.6624075991465237,0.5837811774138132,30
3,0-1-1-0-0-0-1-2-2-2,0,26,0.5531873022621191,0.5253678144542138,30
3,0-1-1-0-0-0-2-0-0-0,0,27,0.6286626068890782,0.6773521592709468,30
3,0-1-1-0-0-0-2-0-0-1,0,27,0.6690892651678856,0.6634807366126242,30
3,0-1-1-0-0-0-2-0-0-2,0,30,0.5530396781051741,0.611374401775945,30
3,0-1-1-0-0-0-2-0-1-0,1,28,0.6690892651678856,0.6650188664087803,30
3,0-1-1-0-0-0-2-0-1-1,1,28,0.7261707690129431,0.6570965552787177,30
3,0-1-1-0-0-0-2-0-1-2,1,31,0.6098414070828687,0.6010701533130391,30
3,0-1-1-0-0-0-2-0-2-0,0,26,0.5530396781051741,0.6206123930230388,30
3,0-1-1-0-0-0-2-0-2-1,0,26,0.6098414070828687,0.6087881467366624,30
3,0-1-1-0-0-0-2-0-2-2,0,29,0.4936282683967723,0.5552094235008846,30
3,0-1-1-0-0-0-2-1-0-0,0,28,0.7055183657234807,0.6614230870049614,30
3,0-1-1-0-0-0-2-1-0-1,0,28,0.7716991329148241,0.6560012544021044,30
3,0-1-1-0-0-0-2-1-0-2,0,31,0.6565380298080602,0.5984825931341077,30
3,0-1-1-0-0-0-2-1-1-0,1,29,0.7716991329148241,0.6563311988400741,30
3,0-1-1-0-0-0-2-1-1-1,1,29,0.8488007473214606,0.6570790199187097,30
3,0-1-1-0-0-0-2-1-1-2,1,32,0.7364750211136959,0.5962667875024257,30
3,0-1-1-0-0-0-2-1-2-0,0,27,0.6565380298080602,0.6072538954148232,30
3,0-1-1-0-0-0-2-1-2-1,0,27,0.7364750211136959,0.6047122987807504,30
3,0-1-1-0-0-0-2-1-2-2,0,30,0.6257059807441399,0.545511922738955,30
3,0-1-1-0-0-0-2-2-0-0,0,27,0.5112503291272812,0.5974801329659244,30
3,0-1-1-0-0-0-2-2-0-1,0,27,0.5800779934182112,0.5866101365127164,30
3,0-1-1-0-0-0-2-2-0-2,0,30,0.466168131897588,0.5323641858106202,30
3,0-1-1-0-0-0-2-2-1-0,1,28,0.5800779934182112,0.587664575304756,30
3,0-1-1-0-0-0-2-2-1-1,1,28,0.6624075991465237,0.5836125822248264,30
3,0-1-1-0-0-0-2-2-1-2,1,31,0.5531873022621191,0.52520595499214,30
3,0-1-1-0-0-0-2-2-2-0,0,26,0.466168131897588,0.5414631118837354,30
3,0-1-1-0-0-0-2-2-2-1,0,26,0.5531873022621191,0.5332670715012959,30
3,0-1-1-0-0-0-2-2-2-2,0,29,0.44769222117950547,0.47721742284640634,30
3,0-1-1-0-0-1-0-0-0-2,0,28,0.6690892651678856,0.6551275781724342,30
3,0-1-1-0-0-1-0-0-1-2,1,29,0.7261707690129431,0.6488094562181305,30
3,0-1-1-0-0-1-0-0-2-0,0,28,0.6690892651678856,0.6641420618169426,30
3,0-1-1-0-0-1-0-0-2-1,0,27,0.7261707690129431,0.6568856595478686,30
3,0-1-1-0-0-1-0-0-2-2,0,27,0.6098414070828687,0.6004531510714792,30
3,0-1-1-0-0-1-0-1-0-2,0,28,0.7716991329148241,0.6477610266920238,30
3,0-1-1-0-0-1-0-1-1-2,1,29,0.8488007473214606,0.6490007026453541,30
3,0-1-1-0-0-1-0-1-2-0,0,28,0.7716991329148241,0.6562634214083156,30
3,0-1-1-0-0-1-0-1-2-1,0,27,0.8488007473214606,0.6576869888409476,30
3,0-1-1-0-0-1-0-1-2-2,0,27,0.7364750211136959,0.5965477260196624,30
3,0-1-1-0-0-1-0-2-0-0,0,28,0.6278093142473866,0.6415803470676855,30
3,0-1-1-0-0-1-0-2-0-1,0,28,0.6948726496581427,0.6353779276351067,30
3,0-1-1-0-0-1-0-2-0-2,0,28,0.5800779934182112,0.5782871307362157,30
3,0-1-1-0-0-1-0-2-1-0,1,30,0.6948726496581427,0.6358045157607439,30
3,0-1-1-0-0-1-0-2-1-1,1,29,0.7737772502301294,0.6359655663136695,30
3,0-1-1-0-0-1-0-2-1-2,1,29,0.6624075991465237,0.5754133915192172,30
3,0-1-1-0-0-1-0-2-2-0,0,28,0.5800779934182112,0.5871099829994644,30
3,0-1-1-0-0-1-0-2-2-1,0,27,0.6624075991465237,0.5838154043585034,30
3,0-1-1-0-0-1-0-2-2-2,0,27,0.5531873022621191,0.5249893770942282,30
3,0-1-1-0-0-1-1-0-0-2,0,28,0.7261707690129431,0.6487974316642402,30
3,0-1-1-0-0-1-1-0-1-2,1,29,0.7963336589134077,0.6478469014768202,30
3,0-1-1-0-0-1-1-0-2-0,0,27,0.7261707690129431,0.6574630771827218,30
3,0-1-1-0-0-1-1-0-2-1,0,27,0.7963336589134077,0.6563715495530033,30
3,0-1-1-0-0-1-1-0-2-2,0,27,0.6820117063295691,0.5964837944950488,30
3,0-1-1-0-0-1-1-1-0-2,0,28,0.8488007473214606,0.6490136755101712,30
3,0-1-1-0-0-1-1-1-1-2,1,29,0.9341229229116836,0.6556159309803993,30
3,0-1-1-0-0-1-1-1-2-0,0,27,0.8488007473214606,0.6570640284696339,30
3,0-1-1-0-0-1-1-1-2-1,0,27,0.9341229229116836,0.6646468658466136,30
3,0-1-1-0-0-1-1-1-2-2,0,27,0.8251839179287286,0.6008298923396328,30
3,0-1-1-0-0-1-1-2-0-0,0,28,0.6948726496581427,0.6357944749202677,30
3,0-1-1-0-0-1-1-2-0-1,0,28,0.7737772502301294,0.6359765760469391,30
3,0-1-1-0-0-1-1-2-0-2,0,28,0.6624075991465237,0.5754139284464718,30
3,0-1-1-0-0-1-1-2-1-0,1,29,0.7737772502301294,0.6355018398717792,30
3,0-1-1-0-0-1-1-2-1-1,1,29,0.8612747739531744,0.6420430121994842,30
3,0-1-1-0-0-1-1-2-1-2,1,29,0.7538281938941017,0.5786118632016971,30
3,0-1-1-0-0-1-1-2-2-0,0,27,0.6624075991465237,0.5837896637872121,30
3,0-1-1-0-0-1-1-2-2-1,0,27,0.7538281938941017,0.5874559451842291,30
3,0-1-1-0-0-1-1-2-2-2,0,27,0.6495378550283376,0.5251685408974625,30
3,0-1-1-0-0-1-2-0-0-0,0,28,0.6690892651678856,0.663960282097272,30
3,0-1-1-0-0-1-2-0-0-1,0,28,0.7261707690129431,0.6567120628411178,30
3,0-1-1-0-0-1-2-0-0-2,0,31,0.6098414070828687,0.6002743841163264,30
3,0-1-1-0-0-1-2-0-1-0,1,29,0.7261707690129431,0.6573015021768346,30
3,0-1-1-0-0-1-2-0-1-1,1,29,0.7963336589134077,0.6561995063506157,30
3,0-1-1-0-0-1-2-0-1-2,1,32,0.6820117063295691,0.5963169206334245,30
3,0-1-1-0-0-1-2-0-2-0,0,27,0.6098414070828687,0.6091600632697225,30
3,0-1-1-0-0-1-2-0-2-1,0,27,0.6820117063295691,0.604620529760097,30
3,0-1-1-0-0-1-2-0-2-2,0,30,0.5686056703607024,0.5465227468265522,30
3,0-1-1-0-0-1-2-1-0-0,0,28,0.7716991329148241,0.6560918207547499,30
3,0-1-1-0-0-1-2-1-0-1,0,28,0.8488007473214606,0.6575259387328956,30
3,0-1-1-0-0-1-2-1-0-2,0,31,0.7364750211136959,0.5963813880968298,30
3,0-1-1-0-0-1-2-1-1-0,1,29,0.8488007473214606,0.6568900085703758,30
3,0-1-1-0-0-1-2-1-1-1,1,29,0.9341229229116836,0.664464759259212,30
3,0-1-1-0-0-1-2-1-1-2,1,32,0.8251839179287286,0.6006507231435485,30
3,0-1-1-0-0-1-2-1-2-0,0,27,0.7364750211136959,0.6046587488078726,30
3,0-1-1-0-0-1-2-1-2-1,0,27,0.8251839179287286,0.6095560765027737,30
3,0-1-1-0-0-1-2-1-2-2,0,30,0.7186453445552714,0.5467646069465744,30
3,0-1-1-0-0-1-2-2-0-0,0,28,0.5800779934182112,0.5869319825796436,30
3,0-1-1-0-0-1-2-2-0-1,0,28,0.6624075991465237,0.5836478666427997,30
3,0-1-1-0-0-1-2-2-0-2,0,31,0.5531873022621191,0.5248158131815033,30
3,0-1-1-0-0-1-2-2-1-0,1,29,0.6624075991465237,0.5836215893064967,30
3,0-1-1-0-0-1-2-2-1-1,1,29,0.7538281938941017,0.5872775235431563,30
3,0-1-1-0-0-1-2-2-1-2,1,32,0.6495378550283376,0.524994447724348,30
3,0-1-1-0-0-1-2-2-2-0,0,27,0.5531873022621191,0.5334490380458341,30
3,0-1-1-0-0-1-2-2-2-1,0,27,0.6495378550283376,0.5336535217724196,30
3,0-1-1-0-0-1-2-2-2-2,0,30,0.5502014847886205,0.4729010592872874,30
3,0-1-1-0-0-2-0-0-0-0,0,27,0.6286626068890782,0.6712228792306053,30
3,0-1-1-0-0-2-0-0-0-1,0,27,0.6690892651678856,0.6575548277184774,30
3,0-1-1-0-0-2-0-0-0-2,0,27,0.5530396781051741,0.6052997442697106,30
3,0-1-1-0-0-2-0-0-1-0,1,29,0.6690892651678856,0.6590601365406922,30
3,0-1-1-0-0-2-0-0-1-1,1,28,0.7261707690129431,0.6514011909129502,30
3,0-1-1-0-0-2-0-0-1-2,1,28,0.6098414070828687,0.5952061957285473,30
3,0-1-1-0-0-2-0-0-2-0,0,27,0.5530396781051741,0.6145289889297385,30
3,0-1-1-0-0-2-0-0-2-1,0,26,0.6098414070828687,0.6029482574272191,30
3,0-1-1-0-0-2-0-0-2-2,0,26,0.4936282683967723,0.5491981019066628,30
3,0-1-1-0-0-2-0-1-0-0,0,28,0.7055183657234807,0.6555492509994648,30
3,0-1-1-0-0-2-0-1-0-1,0,28,0.7716991329148241,0.6504148091073554,30
3,0-1-1-0-0-2-0-1-0-2,0,28,0.6565380298080602,0.5927230804345189,30
3,0-1-1-0-0-2-0-1-1-0,1,30,0.7716991329148241,0.6507003365585747,30
3,0-1-1-0-0-2-0-1-1-1,1,29,0.8488007473214606,0.6517902895181564,30
3,0-1-1-0-0-2-0-1-1-2,1,29,0.7364750211136959,0.5908039290979107,30
3,0-1-1-0-0-2-0-1-2-0,0,28,0.6565380298080602,0.6014761374209935,30
3,0-1-1-0-0-2-0-1-2-1,0,27,0.7364750211136959,0.5992751224215274,30
3,0-1-1-0-0-2-0-1-2-2,0,27,0.6257059807441399,0.5398837130097786,30
3,0-1-1-0-0-2-0-2-0-0,0,27,0.5112503291272812,0.5914194317748971,30
3,0-1-1-0-0-2-0-2-0-1,0,27,0.5800779934182112,0.5808126590542493,30
3,0-1-1-0-0-2-0-2-0-2,0,27,0.466168131897588,0.5263848180354755,30
3,0-1-1-0-0-2-0-2-1-0,1,29,0.5800779934182112,0.5818247614392925,30
3,0-1-1-0-0-2-0-2-1-1,1,28,0.6624075991465237,0.5781102868425164,30
3,0-1-1-0-0-2-0-2-1-2,1,28,0.5531873022621191,0.5195061216650377,30
3,0-1-1-0-0-2-0-2-2-0,0,27,0.466168131897588,0.5354705094124197,30
3,0-1-1-0-0-2-0-2-2-1,0,26,0.5531873022621191,0.527596050149527,30
3,0-1-1-0-0-2-0-2-2-2,0,26,0.44769222117950547,0.4713361315666519,30
3,0-1-1-0-0-2-1-0-0-0,0,27,0.6690892651678856,0.659028446804939,30
3,0-1-1-0-0-2-1-0-0-1,0,27,0.7261707690129431,0.6513896785413792,30
3,0-1-1-0-0-2-1-0-0-2,0,27,0.6098414070828687,0.5951823513746964,30
3,0-1-1-0-0-2-1-0-1-0,1,28,0.7261707690129431,0.6520310861420318,30
3,0-1-1-0-0-2-1-0-1-1,1,28,0.7963336589134077,0.6505840506807632,30
3,0-1-1-0-0-2-1-0-1-2,1,28,0.6820117063295691,0.5908727443634547,30
3,0-1-1-0-0-2-1-0-2-0,0,26,0.6098414070828687,0.604092033668729,30
3,0-1-1-0-0-2-1-0-2-1,0,26,0.6820117063295691,0.5991491715761548,30
3,0-1-1-0-0-2-1-0-2-2,0,26,0.5686056703607024,0.5412723648259945,30
3,0-1-1-0-0-2-1-1-0-0,0,28,0.7716991329148241,0.650693169034029,30
3,0-1-1-0-0-2-1-1-0-1,0,28,0.8488007473214606,0.6518036709060511,30
3,0-1-1-0-0-2-1-1-0-2,0,28,0.7364750211136959,0.5908073634449746,30
3,0-1-1-0-0-2-1-1-1-0,1,29,0.8488007473214606,0.6512093683002771,30
3,0-1-1-0-0-2-1-1-1-1,1,29,0.9341229229116836,0.6585173624390048,30
3,0-1-1-0-0-2-1-1-1-2,1,29,0.8251839179287286,0.5948007287164008,30
3,0-1-1-0-0-2-1-1-2-0,0,27,0.7364750211136959,0.5991104159000855,30
3,0-1-1-0-0-2-1-1-2-1,0,27,0.8251839179287286,0.6036905172895219,30
3,0-1-1-0-0-2-1-1-2-2,0,27,0.7186453445552714,0.5410268764171977,30
3,0-1-1-0-0-2-1-2-0-0,0,27,0.5800779934182112,0.5818028052523375,30
3,0-1-1-0-0-2-1-2-0-1,0,27,0.6624075991465237,0.5781113444614914,30
3,0-1-1-0-0-2-1-2-0-2,0,27,0.5531873022621191,0.5194944152310178,30
3,0-1-1-0-0-2-1-2-1-0,1,28,0.6624075991465237,0.5781379995861302,30
3,0-1-1-0-0-2-1-2-1-1,1,28,0.7538281938941017,0.5814523360117811,30
3,0-1-1-0-0-2-1-2-1-2,1,28,0.6495378550283376,0.519313022047821,30
3,0-1-1-0-0-2-1-2-2-0,0,26,0.5531873022621191,0.5281564097693514,30
3,0-1-1-0-0-2-1-2-2-1,0,26,0.6495378550283376,0.5279488049255301,30
3,0-1-1-0-0-2-1-2-2-2,0,26,0.5502014847886205,0.467390828461257,30
3,0-1-1-0-0-2-2-0-0-0,0,27,0.5530396781051741,0.6143429311589915,30
3,0-1-1-0-0-2-2-0-0-1,0,27,0.6098414070828687,0.6027697286673437,30
3,0-1-1-0-0-2-2-0-0-2,0,30,0.4936282683967723,0.5490142854555178,30
3,0-1-1-0-0-2-2-0-1-0,1,28,0.6098414070828687,0.603937342653144,30
3,0-1-1-0-0-2-2-0-1-1,1,28,0.6820117063295691,0.598982030344938,30
3,0-1-1-0-0-2-2-0-1-2,1,31,0.5686056703607024,0.5411120840144056,30
3,0-1-1-0-0-2-2-0-2-0,0,26,0.4936282683967723,0.5581477361061491,30
3,0-1-1-0-0-2-2-0-2-1,0,26,0.5686056703607024,0.5490951912914208,30
3,0-1-1-0-0-2-2-0-2-2,0,29,0.45679822537498516,0.49361259504002947,30
3,0-1-1-0-0-2-2-1-0-0,0,28,0.6565380298080602,0.6012995291627939,30
3,0-1-1-0-0-2-2-1-0-1,0,28,0.7364750211136959,0.5991090368797862,30
3,0-1-1-0-0-2-2-1-0-2,0,31,0.6257059807441399,0.5397117518862098,30
3,0-1-1-0-0-2-2-1-1-0,1,29,0.7364750211136959,0.5989408969960128,30
3,0-1-1-0-0-2-2-1-1-1,1,29,0.8251839179287286,0.6035111949968591,30
3,0-1-1-0-0-2-2-1-1-2,1,32,0.7186453445552714,0.5408515272173439,30
3,0-1-1-0-0-2-2-1-2-0,0,27,0.6257059807441399,0.5482661587179454,30
3,0-1-1-0-0-2-2-1-2-1,0,27,0.7186453445552714,0.5495714877440598,30
3,0-1-1-0-0-2-2-1-2-2,0,30,0.6157544426452327,0.4883118698542324,30
3,0-1-1-0-0-2-2-2-0-0,0,27,0.466168131897588,0.5352872755721185,30
3,0-1-1-0-0-2-2-2-0-1,0,27,0.5531873022621191,0.5274227705603691,30
3,0-1-1-0-0-2-2-2-0-2,0,30,0.44769222117950547,0.47115636632181684,30
3,0-1-1-0-0-2-2-2-1-0,1,28,0.5531873022621191,0.5279948323079274,30
3,0-1-1-0-0-2-2-2-1-1,1,28,0.6495378550283376,0.5277744826652312,30
3,0-1-1-0-0-2-2-2-1-2,1,31,0.5502014847886205,0.46722256166231296,30
3,0-1-1-0-0-2-2-2-2-0,0,26,0.44769222117950547,0.48009386913591234,30
3,0-1-1-0-0-2-2-2-2-1,0,26,0.5502014847886205,0.475599579209555,30
3,0-1-1-0-0-2-2-2-2-2,0,29,0.45904650326084595,0.41721820119760916,30
3,0-1-1-0-1-0-0-0-0-2,0,27,0.6286626068890782,0.6489666379648964,30
3,0-1-1-0-1-0-0-0-1-2,1,27,0.6690892651678856,0.655505356438222,30
3,0-1-1-0-1-0-0-0-2-0,0,27,0.6286626068890782,0.6570227902407221,30
3,0-1-1-0-1-0-0-0-2-1,0,25,0.6690892651678856,0.66453263008592,30
3,0-1-1-0-1-0-0-0-2-2,0,25,0.5530396781051741,0.6007441587788652,30
3,0-1-1-0-1-0-0-1-0-2,0,28,0.7055183657234807,0.6596991497988097,30
3,0-1-1-0-1-0-0-1-1-2,1,28,0.7716991329148241,0.6734823983669379,30
3,0-1-1-0-1-0-0-1-2-0,0,28,0.7055183657234807,0.667022498821875,30
3,0-1-1-0-1-0-0-1-2-1,0,26,0.7716991329148241,0.6828616910141685,30
3,0-1-1-0-1-0-0-1-2-2,0,26,0.6565380298080602,0.6163293065636856,30
3,0-1-1-0-1-0-0-2-0-0,0,27,0.5767329021412237,0.6369121915274136,30
3,0-1-1-0-1-0-0-2-0-1,0,27,0.6278093142473866,0.6459469691907156,30
3,0-1-1-0-1-0-0-2-0-2,0,27,0.5112503291272812,0.5815523128678105,30
3,0-1-1-0-1-0-0-2-1-0,1,29,0.6278093142473866,0.6442415607256856,30
3,0-1-1-0-1-0-0-2-1-1,1,27,0.6948726496581427,0.6593652902217456,30
3,0-1-1-0-1-0-0-2-1-2,1,27,0.5800779934182112,0.5930056209667618,30
3,0-1-1-0-1-0-0-2-2-0,0,27,0.5112503291272812,0.5891637584545305,30
3,0-1-1-0-1-0-0-2-2-1,0,25,0.5800779934182112,0.6023012590165717,30
3,0-1-1-0-1-0-0-2-2-2,0,25,0.466168131897588,0.5364559042963704,30
3,0-1-1-0-1-0-1-0-0-2,0,27,0.6690892651678856,0.655535597043703,30
3,0-1-1-0-1-0-1-0-1-2,1,27,0.7261707690129431,0.6672798721242825,30
3,0-1-1-0-1-0-1-0-2-0,0,25,0.6690892651678856,0.6630801042315819,30
3,0-1-1-0-1-0-1-0-2-1,0,25,0.7261707690129431,0.6765735111130422,30
3,0-1-1-0-1-0-1-0-2-2,0,25,0.6098414070828687,0.6107092048744781,30
3,0-1-1-0-1-0-1-1-0-2,0,28,0.7716991329148241,0.6735359156654803,30
3,0-1-1-0-1-0-1-1-1-2,1,28,0.8488007473214606,0.6921214748721229,30
3,0-1-1-0-1-0-1-1-2-0,0,26,0.7716991329148241,0.6802894467156766,30
3,0-1-1-0-1-0-1-1-2-1,0,26,0.8488007473214606,0.7016599092093913,30
3,0-1-1-0-1-0-1-1-2-2,0,26,0.7364750211136959,0.633886774106264,30
3,0-1-1-0-1-0-1-2-0-0,0,27,0.6278093142473866,0.6442745303516567,30
3,0-1-1-0-1-0-1-2-0-1,0,27,0.6948726496581427,0.659417803451745,30
3,0-1-1-0-1-0-1-2-0-2,0,27,0.5800779934182112,0.5930527246585447,30
3,0-1-1-0-1-0-1-2-1-0,1,27,0.6948726496581427,0.6568756754005108,30
3,0-1-1-0-1-0-1-2-1-1,1,27,0.7737772502301294,0.6777557613732804,30
3,0-1-1-0-1-0-1-2-1-2,1,27,0.6624075991465237,0.6100574085643201,30
3,0-1-1-0-1-0-1-2-2-0,0,25,0.5800779934182112,0.6000411917788402,30
3,0-1-1-0-1-0-1-2-2-1,0,25,0.6624075991465237,0.6195596225763167,30
3,0-1-1-0-1-0-1-2-2-2,0,25,0.5531873022621191,0.5520836401207411,30
3,0-1-1-0-1-0-2-0-0-0,0,27,0.6286626068890782,0.656860068608247,30
3,0-1-1-0-1-0-2-0-0-1,0,27,0.6690892651678856,0.6643818217850377,30
3,0-1-1-0-1-0-2-0-0-2,0,30,0.5530396781051741,0.600588477086924,30
3,0-1-1-0-1-0-2-0-1-0,1,27,0.6690892651678856,0.6628990621693603,30
3,0-1-1-0-1-0-2-0-1-1,1,27,0.7261707690129431,0.6763861856246868,30
3,0-1-1-0-1-0-2-0-1-2,1,30,0.6098414070828687,0.6105235955709146,30
3,0-1-1-0-1-0-2-0-2-0,0,25,0.5530396781051741,0.6083435545627082,30
3,0-1-1-0-1-0-2-0-2-1,0,25,0.6098414070828687,0.6197438671020681,30
3,0-1-1-0-1-0-2-0-2-2,0,28,0.4936282683967723,0.554480206633268,30
3,0-1-1-0-1-0-2-1-0-0,0,28,0.7055183657234807,0.666874379343974,30
3,0-1-1-0-1-0-2-1-0-1,0,28,0.7716991329148241,0.6827268112347211,30
3,0-1-1-0-1-0-2-1-0-2,0,31,0.6565380298080602,0.6161907250895966,30
3,0-1-1-0-1-0-2-1-1-0,1,28,0.7716991329148241,0.6801010603252048,30
3,0-1-1-0-1-0-2-1-1-1,1,28,0.8488007473214606,0.7014677207835791,30
3,0-1-1-0-1-0-2-1-1-2,1,31,0.7364750211136959,0.6336951547572073,30
3,0-1-1-0-1-0-2-1-2-0,0,26,0.6565380298080602,0.6231060641976658,30
3,0-1-1-0-1-0-2-1-2-1,0,26,0.7364750211136959,0.6432092608471106,30
3,0-1-1-0-1-0-2-1-2-2,0,29,0.6257059807441399,0.5756351181030039,30
3,0-1-1-0-1-0-2-2-0-0,0,27,0.5112503291272812,0.589009829477918,30
3,0-1-1-0-1-0-2-2-0-1,0,27,0.5800779934182112,0.6021618033315076,30
3,0-1-1-0-1-0-2-2-0-2,0,30,0.466168131897588,0.536311806569752,30
3,0-1-1-0-1-0-2-2-1-0,1,27,0.5800779934182112,0.5998546447958271,30
3,0-1-1-0-1-0-2-2-1-1,1,27,0.6624075991465237,0.6193681483136637,30
3,0-1-1-0-1-0-2-2-1-2,1,30,0.5531873022621191,0.5518930100788499,30
3,0-1-1-0-1-0-2-2-2-0,0,25,0.466168131897588,0.5435028126924797,30
3,0-1-1-0-1-0-2-2-2-1,0,25,0.5531873022621191,0.5613591458422538,30
3,0-1-1-0-1-0-2-2-2-2,0,28,0.44769222117950547,0.49418430989020984,30
3,0-1-1-0-1-1-0-0-0-2,0,28,0.6690892651678856,0.6565548880177767,30
3,0-1-1-0-1-1-0-0-1-2,1,28,0.7261707690129431,0.6688435988019951,30
3,0-1-1-0-1-1-0-0-2-0,0,28,0.6690892651678856,0.664041515203626,30
3,0-1-1-0-1-1-0-0-2-1,0,26,0.7261707690129431,0.6781611464530126,30
3,0-1-1-0-1-1-0-0-2-2,0,26,0.6098414070828687,0.6121103657599792,30
3,0-1-1-0-1-1-0-1-0-2,0,28,0.7716991329148241,0.6753134536926404,30
3,0-1-1-0-1-1-0-1-1-2,1,28,0.8488007473214606,0.6943930421265193,30
3,0-1-1-0-1-1-0-1-2-0,0,28,0.7716991329148241,0.6820043032541928,30
3,0-1-1-0-1-1-0-1-2-1,0,26,0.8488007473214606,0.7039443741296038,30
3,0-1-1-0-1-1-0-1-2-2,0,26,0.7364750211136959,0.6360707809651359,30
3,0-1-1-0-1-1-0-2-0-0,0,28,0.6278093142473866,0.6453833971457428,30
3,0-1-1-0-1-1-0-2-0-1,0,28,0.6948726496581427,0.661163227723025,30
3,0-1-1-0-1-1-0-2-0-2,0,28,0.5800779934182112,0.5946251346375225,30
3,0-1-1-0-1-1-0-2-1-0,1,30,0.6948726496581427,0.6585344650904942,30
3,0-1-1-0-1-1-0-2-1-1,1,28,0.7737772502301294,0.6800071883342805,30
3,0-1-1-0-1-1-0-2-1-2,1,28,0.6624075991465237,0.6122005293934302,30
3,0-1-1-0-1-1-0-2-2-0,0,28,0.5800779934182112,0.6015442258443761,30
3,0-1-1-0-1-1-0-2-2-1,0,26,0.6624075991465237,0.6217194424133119,30
3,0-1-1-0-1-1-0-2-2-2,0,26,0.5531873022621191,0.5541117461041078,30
3,0-1-1-0-1-1-1-0-0-2,0,28,0.7261707690129431,0.6688923442036231,30
3,0-1-1-0-1-1-1-0-1-2,1,28,0.7963336589134077,0.6860833334483517,30
3,0-1-1-0-1-1-1-0-2-0,0,26,0.7261707690129431,0.6758186420928243,30
3,0-1-1-0-1-1-1-0-2-1,0,26,0.7963336589134077,0.6955818179075587,30
3,0-1-1-0-1-1-1-0-2-2,0,26,0.6820117063295691,0.628119983630919,30
3,0-1-1-0-1-1-1-1-0-2,0,28,0.8488007473214606,0.6944633521925736,30
3,0-1-1-0-1-1-1-1-1-2,1,28,0.9341229229116836,0.7179266796665253,30
3,0-1-1-0-1-1-1-1-2-0,0,26,0.8488007473214606,0.7005626398756788,30
3,0-1-1-0-1-1-1-1-2-1,0,26,0.9341229229116836,0.7275628126560074,30
3,0-1-1-0-1-1-1-1-2-2,0,26,0.8251839179287286,0.6590296594307192,30
3,0-1-1-0-1-1-1-2-0-0,0,28,0.6948726496581427,0.65858612603757,30
3,0-1-1-0-1-1-1-2-0-1,0,28,0.7737772502301294,0.6800769012029313,30
3,0-1-1-0-1-1-1-2-0-2,0,28,0.6624075991465237,0.6122670313841138,30
3,0-1-1-0-1-1-1-2-1-0,1,28,0.7737772502301294,0.6766753515777216,30
3,0-1-1-0-1-1-1-2-1-1,1,28,0.8612747739531744,0.7034084785286296,30
3,0-1-1-0-1-1-1-2-1-2,1,28,0.7538281938941017,0.6348915567164483,30
3,0-1-1-0-1-1-1-2-2-0,0,26,0.6624075991465237,0.6185259724183065,30
3,0-1-1-0-1-1-1-2-2-1,0,26,0.7538281938941017,0.6445198288205567,30
3,0-1-1-0-1-1-1-2-2-2,0,26,0.6495378550283376,0.5760509187209707,30
3,0-1-1-0-1-1-2-0-0-0,0,28,0.6690892651678856,0.6638901397460575,30
3,0-1-1-0-1-1-2-0-0-1,0,28,0.7261707690129431,0.6780227946977485,30
3,0-1-1-0-1-1-2-0-0-2,0,31,0.6098414070828687,0.6119680181800883,30
3,0-1-1-0-1-1-2-0-1-0,1,28,0.7261707690129431,0.6756315549881129,30
3,0-1-1-0-1-1-2-0-1-1,1,28,0.7963336589134077,0.6953904231910893,30
3,0-1-1-0-1-1-2-0-1-2,1,31,0.6820117063295691,0.6279293437681832,30
3,0-1-1-0-1-1-2-0-2-0,0,26,0.6098414070828687,0.61906847769315,30
3,0-1-1-0-1-1-2-0-2-1,0,26,0.6820117063295691,0.6373955581875985,30
3,0-1-1-0-1-1-2-0-2-2,0,29,0.5686056703607024,0.5701978321504392,30
3,0-1-1-0-1-1-2-1-0-0,0,28,0.7716991329148241,0.6818688102926065,30
3,0-1-1-0-1-1-2-1-0-1,0,28,0.8488007473214606,0.7038226143670758,30
3,0-1-1-0-1-1-2-1-0-2,0,31,0.7364750211136959,0.6359465503142164,30
3,0-1-1-0-1-1-2-1-1-0,1,28,0.8488007473214606,0.7003705822138316,30
3,0-1-1-0-1-1-2-1-1-1,1,28,0.9341229229116836,0.7273686826965496,30
3,0-1-1-0-1-1-2-1-1-2,1,31,0.8251839179287286,0.6588356531666298,30
3,0-1-1-0-1-1-2-1-2-0,0,26,0.7364750211136959,0.6421555385104644,30
3,0-1-1-0-1-1-2-1-2-1,0,26,0.8251839179287286,0.6684664978370839,30
3,0-1-1-0-1-1-2-1-2-2,0,29,0.7186453445552714,0.5999764379864292,30
3,0-1-1-0-1-1-2-2-0-0,0,28,0.5800779934182112,0.601404091683647,30
3,0-1-1-0-1-1-2-2-0-1,0,28,0.6624075991465237,0.6215946241361894,30
3,0-1-1-0-1-1-2-2-0-2,0,31,0.5531873022621191,0.553983776553071,30
3,0-1-1-0-1-1-2-2-1-0,1,28,0.6624075991465237,0.6183346672361043,30
3,0-1-1-0-1-1-2-2-1-1,1,28,0.7538281938941017,0.6443258539432383,30
3,0-1-1-0-1-1-2-2-1-2,1,31,0.6495378550283376,0.5758571254594449,30
3,0-1-1-0-1-1-2-2-2-0,0,26,0.5531873022621191,0.5603824956689653,30
3,0-1-1-0-1-1-2-2-2-1,0,26,0.6495378550283376,0.5854776355759601,30
3,0-1-1-0-1-1-2-2-2-2,0,29,0.5502014847886205,0.5170732392368315,30
3,0-1-1-0-1-2-0-0-0-0,0,27,0.6286626068890782,0.6515518733053678,30
3,0-1-1-0-1-2-0-0-0-1,0,27,0.6690892651678856,0.6594659632311171,30
3,0-1-1-0-1-2-0-0-0-2,0,27,0.5530396781051741,0.5955133315197622,30
3,0-1-1-0-1-2-0-0-1-0,1,29,0.6690892651678856,0.6579253950597496,30
3,0-1-1-0-1-2-0-0-1-1,1,27,0.7261707690129431,0.6718380672525633,30
3,0-1-1-0-1-2-0-0-1-2,1,27,0.6098414070828687,0.6058420874459123,30
3,0-1-1-0-1-2-0-0-2-0,0,27,0.5530396781051741,0.6032317168230692,30
3,0-1-1-0-1-2-0-0-2-1,0,25,0.6098414070828687,0.6150825491591997,30
3,0-1-1-0-1-2-0-0-2-2,0,25,0.4936282683967723,0.5496633867048644,30
3,0-1-1-0-1-2-0-1-0-0,0,28,0.7055183657234807,0.6620470120998134,30
3,0-1-1-0-1-2-0-1-0-1,0,28,0.7716991329148241,0.6783348471439801,30
3,0-1-1-0-1-2-0-1-0-2,0,28,0.6565380298080602,0.6116786193940372,30
3,0-1-1-0-1-2-0-1-1-0,1,30,0.7716991329148241,0.6756465241708529,30
3,0-1-1-0-1-2-0-1-1-1,1,28,0.8488007473214606,0.6974633999976148,30
3,0-1-1-0-1-2-0-1-1-2,1,28,0.7364750211136959,0.6296072091899207,30
3,0-1-1-0-1-2-0-1-2-0,0,28,0.6565380298080602,0.6185449907423062,30
3,0-1-1-0-1-2-0-1-2-1,0,26,0.7364750211136959,0.6391340620231538,30
3,0-1-1-0-1-2-0-1-2-2,0,26,0.6257059807441399,0.5714607973067146,30
3,0-1-1-0-1-2-0-2-0-0,0,27,0.5112503291272812,0.5839927244030209,30
3,0-1-1-0-1-2-0-2-0-1,0,27,0.5800779934182112,0.5976212998143109,30
3,0-1-1-0-1-2-0-2-0-2,0,27,0.466168131897588,0.5316203458603145,30
3,0-1-1-0-1-2-0-2-1-0,1,29,0.5800779934182112,0.5952448931162633,30
3,0-1-1-0-1-2-0-2-1-1,1,27,0.6624075991465237,0.6152603097141865,30
3,0-1-1-0-1-2-0-2-1-2,1,27,0.5531873022621191,0.5476784620598386,30
3,0-1-1-0-1-2-0-2-2-0,0,27,0.466168131897588,0.5387598354241967,30
3,0-1-1-0-1-2-0-2-2-1,0,25,0.5531873022621191,0.5571610190498362,30
3,0-1-1-0-1-2-0-2-2-2,0,25,0.44769222117950547,0.4898570202985832,30
3,0-1-1-0-1-2-1-0-0-0,0,27,0.6690892651678856,0.6579550647311624,30
3,0-1-1-0-1-2-1-0-0-1,0,27,0.7261707690129431,0.6718870455789852,30
3,0-1-1-0-1-2-1-0-0-2,0,27,0.6098414070828687,0.6058853542501661,30
3,0-1-1-0-1-2-1-0-1-0,1,27,0.7261707690129431,0.6695198150056476,30
3,0-1-1-0-1-2-1-0-1-1,1,27,0.7963336589134077,0.6891365376971293,30
3,0-1-1-0-1-2-1-0-1-2,1,27,0.6820117063295691,0.6217004930196843,30
3,0-1-1-0-1-2-1-0-2-0,0,25,0.6098414070828687,0.6130061130123167,30
3,0-1-1-0-1-2-1-0-2-1,0,25,0.6820117063295691,0.6311627004570209,30
3,0-1-1-0-1-2-1-0-2-2,0,25,0.5686056703607024,0.5639979964259199,30
3,0-1-1-0-1-2-1-1-0-0,0,28,0.7716991329148241,0.6756994224313247,30
3,0-1-1-0-1-2-1-1-0-1,0,28,0.8488007473214606,0.697533834199059,30
3,0-1-1-0-1-2-1-1-0-2,0,28,0.7364750211136959,0.6296746044958141,30
3,0-1-1-0-1-2-1-1-1-0,1,28,0.8488007473214606,0.694094822406064,30
3,0-1-1-0-1-2-1-1-1-1,1,28,0.9341229229116836,0.7210245578077362,30
3,0-1-1-0-1-2-1-1-1-2,1,28,0.8251839179287286,0.6524956288053586,30
3,0-1-1-0-1-2-1-1-2-0,0,26,0.7364750211136959,0.6358964818487697,30
3,0-1-1-0-1-2-1-1-2-1,0,26,0.8251839179287286,0.6621258196538765,30
3,0-1-1-0-1-2-1-1-2-2,0,26,0.7186453445552714,0.5936411237381538,30
3,0-1-1-0-1-2-1-2-0-0,0,27,0.5800779934182112,0.5952913115243305,30
3,0-1-1-0-1-2-1-2-0-1,0,27,0.6624075991465237,0.6153269725692994,30
3,0-1-1-0-1-2-1-2-0-2,0,27,0.5531873022621191,0.5477411308572365,30
3,0-1-1-0-1-2-1-2-1-0,1,27,0.6624075991465237,0.6120838666593832,30
3,0-1-1-0-1-2-1-2-1-1,1,27,0.7538281938941017,0.6379868709559506,30
3,0-1-1-0-1-2-1-2-1-2,1,27,0.6495378550283376,0.5695241748401634,30
3,0-1-1-0-1-2-1-2-2-0,0,25,0.5531873022621191,0.554156449478403,30
3,0-1-1-0-1-2-1-2-2-1,0,25,0.6495378550283376,0.5791437068118002,30
3,0-1-1-0-1-2-1-2-2-2,0,25,0.5502014847886205,0.5107475124241311,30
3,0-1-1-0-1-2-2-0-0-0,0,27,0.5530396781051741,0.6030756742078106,30
3,0-1-1-0-1-2-2-0-0-1,0,27,0.6098414070828687,0.614940397724239,30
3,0-1-1-0-1-2-2-0-0-2,0,30,0.4936282683967723,0.5495164920091988,30
3,0-1-1-0-1-2-2-0-1-0,1,27,0.6098414070828687,0.6128207058263504,30
3,0-1-1-0-1-2-2-0-1-1,1,27,0.6820117063295691,0.6309720211816586,30
3,0-1-1-0-1-2-2-0-1-2,1,30,0.5686056703607024,0.5638083439473537,30
3,0-1-1-0-1-2-2-0-2-0,0,25,0.4936282683967723,0.5568436611992581,30
3,0-1-1-0-1-2-2-0-2-1,0,25,0.5686056703607024,0.573226667205997,30
3,0-1-1-0-1-2-2-0-2-2,0,28,0.45679822537498516,0.5064267165930387,30
3,0-1-1-0-1-2-2-1-0-0,0,28,0.6565380298080602,0.6184059275805838,30
3,0-1-1-0-1-2-2-1-0-1,0,28,0.7364750211136959,0.6390099535733288,30
3,0-1-1-0-1-2-2-1-0-2,0,31,0.6257059807441399,0.5713337030310442,30
3,0-1-1-0-1-2-2-1-1-0,1,28,0.7364750211136959,0.6357049924864319,30
3,0-1-1-0-1-2-2-1-1-1,1,28,0.8251839179287286,0.6619318069587541,30
3,0-1-1-0-1-2-2-1-1-2,1,31,0.7186453445552714,0.5934472777516115,30
3,0-1-1-0-1-2-2-1-2-0,0,26,0.6257059807441399,0.5776880509686234,30
3,0-1-1-0-1-2-2-1-2-1,0,26,0.7186453445552714,0.6030703431418037,30
3,0-1-1-0-1-2-2-1-2-2,0,29,0.6157544426452327,0.534644595293744,30
3,0-1-1-0-1-2-2-2-0-0,0,27,0.466168131897588,0.5386152309536145,30
3,0-1-1-0-1-2-2-2-0-1,0,27,0.5531873022621191,0.5570332070269495,30
3,0-1-1-0-1-2-2-2-0-2,0,30,0.44769222117950547,0.4897253094858907,30
3,0-1-1-0-1-2-2-2-1-0,1,27,0.5531873022621191,0.5539659867284743,30
3,0-1-1-0-1-2-2-2-1-1,1,27,0.6495378550283376,0.578949903929594,30
3,0-1-1-0-1-2-2-2-1-2,1,30,0.5502014847886205,0.5105539650557507,30
3,0-1-1-0-1-2-2-2-2-0,0,25,0.44769222117950547,0.49631336748960886,30
3,0-1-1-0-1-2-2-2-2-1,0,25,0.5502014847886205,0.5201625808443444,30
3,0-1-1-0-1-2-2-2-2-2,0,28,0.45904650326084595,0.45185896093497224,30
3,0-1-1-0-2-0-0-0-0-0,0,27,0.7153741892087576,0.5359556570450328,30
3,0-1-1-0-2-0-0-0-0-1,0,27,0.742047247334432,0.5280548770969161,30
3,0-1-1-0-2-0-0-0-0-2,0,29,0.6286626068890782,0.47181211433891074,30
3,0-1-1-0-2-0-0-0-1-0,1,29,0.742047247334432,0.5286327462982793,30
3,0-1-1-0-2-0-0-0-1-1,1,27,0.7852947048788411,0.5283664613302482,30
3,0-1-1-0-2-0-0-0-1-2,1,29,0.6690892651678856,0.46783897916217076,30
3,0-1-1-0-2-0-0-0-2-0,0,30,0.6286626068890782,0.4807517023190951,30
3,0-1-1-0-2-0-0-0-2-1,0,28,0.6690892651678856,0.47621235939046663,30
3,0-1-1-0-2-0-0-0-2-2,0,28,0.5530396781051741,0.4178581748555479,30
3,0-1-1-0-2-0-0-1-0-0,0,28,0.7691878273254401,0.5275174563171356,30
3,0-1-1-0-2-0-0-1-0-1,0,28,0.8220847987295362,0.53040037631351,30
3,0-1-1-0-2-0-0-1-0-2,0,30,0.7055183657234807,0.468359983795749,30
3,0-1-1-0-2-0-0-1-1-0,1,30,0.8220847987295362,0.5294570600121037,30
3,0-1-1-0-2-0-0-1-1-1,1,28,0.8872297833382013,0.5399071410561205,30
3,0-1-1-0-2-0-0-1-1-2,1,30,0.7716991329148241,0.47484072186868537,30
3,0-1-1-0-2-0-0-1-2-0,0,31,0.7055183657234807,0.47652009239062704,30
3,0-1-1-0-2-0-0-1-2-1,0,29,0.7716991329148241,0.4839254239781623,30
3,0-1-1-0-2-0-0-1-2-2,0,29,0.6565380298080602,0.41986051999008694,30
3,0-1-1-0-2-0-0-2-0-0,0,29,0.5767329021412237,0.4583975611100878,30
3,0-1-1-0-2-0-0-2-0-1,0,29,0.6278093142473866,0.45546680858479216,30
3,0-1-1-0-2-0-0-2-0-2,0,29,0.5112503291272812,0.39616023843515963,30
3,0-1-1-0-2-0-0-2-1-0,1,31,0.6278093142473866,0.45525315698026775,30
3,0-1-1-0-2-0-0-2-1-1,1,29,0.6948726496581427,0.46119646217611077,30
3,0-1-1-0-2-0-0-2-1-2,1,29,0.5800779934182112,0.39765886444550286,30
3,0-1-1-0-2-0-0-2-2-0,0,30,0.5112503291272812,0.40478148985950774,30
3,0-1-1-0-2-0-0-2-2-1,0,28,0.5800779934182112,0.4064877233938099,30
3,0-1-1-0-2-0-0-2-2-2,0,28,0.466168131897588,0.3446559372921493,30
3,0-1-1-0-2-0-1-0-0-0,0,27,0.742047247334432,0.5286193673032168,30
3,0-1-1-0-2-0-1-0-0-1,0,27,0.7852947048788411,0.528378410000047,30
3,0-1-1-0-2-0-1-0-0-2,0,29,0.6690892651678856,0.46783816783783555,30
3,0-1-1-0-2-0-1-0-1-0,1,27,0.7852947048788411,0.5278716541464946,30
3,0-1-1-0-2-0-1-0-1-1,1,27,0.8425682164006089,0.5352745482553812,30
3,0-1-1-0-2-0-1-0-1-2,1,29,0.7261707690129431,0.47132273878461106,30
3,0-1-1-0-2-0-1-0-2-0,0,28,0.6690892651678856,0.4762511262597663,30
3,0-1-1-0-2-0-1-0-2-1,0,28,0.7261707690129431,0.48023220318516874,30
3,0-1-1-0-2-0-1-0-2-2,0,28,0.6098414070828687,0.41758149043513265,30
3,0-1-1-0-2-0-1-1-0-0,0,28,0.8220847987295362,0.5294743388823135,30
3,0-1-1-0-2-0-1-1-0-1,0,28,0.8872297833382013,0.5399488769947883,30
3,0-1-1-0-2-0-1-1-0-2,0,30,0.7716991329148241,0.47487408237989287,30
3,0-1-1-0-2-0-1-1-1-0,1,28,0.8872297833382013,0.5379582891221563,30
3,0-1-1-0-2-0-1-1-1-1,1,28,0.9621381034581988,0.5556310692904319,30
3,0-1-1-0-2-0-1-1-1-2,1,30,0.8488007473214606,0.488491519335577,30
3,0-1-1-0-2-0-1-1-2-0,0,29,0.7716991329148241,0.4823305651511639,30
3,0-1-1-0-2-0-1-1-2-1,0,29,0.8488007473214606,0.49790261433173033,30
3,0-1-1-0-2-0-1-1-2-2,0,29,0.7364750211136959,0.4311961766445115,30
3,0-1-1-0-2-0-1-2-0-0,0,29,0.6278093142473866,0.45525543711656846,30
3,0-1-1-0-2-0-1-2-0-1,0,29,0.6948726496581427,0.4612277360196317,30
3,0-1-1-0-2-0-1-2-0-2,0,29,0.5800779934182112,0.39767830515248476,30
3,0-1-1-0-2-0-1-2-1-0,1,29,0.6948726496581427,0.4597722909833047,30
3,0-1-1-0-2-0-1-2-1-1,1,29,0.7737772502301294,0.4743301815172162,30
3,0-1-1-0-2-0-1-2-1-2,1,29,0.6624075991465237,0.40785243160615364,30
3,0-1-1-0-2-0-1-2-2-0,0,28,0.5800779934182112,0.4055615986960692,30
3,0-1-1-0-2-0-1-2-2-1,0,28,0.6624075991465237,0.41715254623790743,30
3,0-1-1-0-2-0-1-2-2-2,0,28,0.5531873022621191,0.3514196662029429,30
3,0-1-1-0-2-0-2-0-0-0,0,29,0.6286626068890782,0.48057133490140486,30
3,0-1-1-0-2-0-2-0-0-1,0,29,0.6690892651678856,0.47604433167050075,30
3,0-1-1-0-2-0-2-0-0-2,0,32,0.5530396781051741,0.41768269608179465,30
3,0-1-1-0-2-0-2-0-1-0,1,29,0.6690892651678856,0.47608390949570417,30
3,0-1-1-0-2-0-2-0-1-1,1,29,0.7261707690129431,0.48005243126134745,30
3,0-1-1-0-2-0-2-0-1-2,1,32,0.6098414070828687,0.4174068046932311,30
3,0-1-1-0-2-0-2-0-2-0,0,28,0.5530396781051741,0.4264135017985104,30
3,0-1-1-0-2-0-2-0-2-1,0,28,0.6098414070828687,0.4260990464070818,30
3,0-1-1-0-2-0-2-0-2-2,0,30,0.4936282683967723,0.3653266364307813,30
3,0-1-1-0-2-0-2-1-0-0,0,30,0.7055183657234807,0.47635514918250554,30
3,0-1-1-0-2-0-2-1-0-1,0,30,0.7716991329148241,0.48377684060559173,30
3,0-1-1-0-2-0-2-1-0-2,0,33,0.6565380298080602,0.4197052032241184,30
3,0-1-1-0-2-0-2-1-1-0,1,30,0.7716991329148241,0.4821486354243409,30
3,0-1-1-0-2-0-2-1-1-1,1,30,0.8488007473214606,0.4977129293957675,30
3,0-1-1-0-2-0-2-1-1-2,1,33,0.7364750211136959,0.431008191509774,30
3,0-1-1-0-2-0-2-1-2-0,0,29,0.6565380298080602,0.4274539665371849,30
3,0-1-1-0-2-0-2-1-2-1,0,29,0.7364750211136959,0.44034670648055774,30
3,0-1-1-0-2-0-2-1-2-2,0,31,0.6257059807441399,0.3742728591036299,30
3,0-1-1-0-2-0-2-2-0-0,0,29,0.5112503291272812,0.40460734705156237,30
3,0-1-1-0-2-0-2-2-0-1,0,29,0.5800779934182112,0.40633078379353893,30
3,0-1-1-0-2-0-2-2-0-2,0,32,0.466168131897588,0.3444902575288415,30
3,0-1-1-0-2-0-2-2-1-0,1,29,0.5800779934182112,0.4053852303777663,30
3,0-1-1-0-2-0-2-2-1-1,1,29,0.6624075991465237,0.41696502931435897,30
3,0-1-1-0-2-0-2-2-1-2,1,32,0.5531873022621191,0.35123516666028676,30
3,0-1-1-0-2-0-2-2-2-0,0,28,0.466168131897588,0.35275029328453394,30
3,0-1-1-0-2-0-2-2-2-1,0,28,0.5531873022621191,0.36040656906992363,30
3,0-1-1-0-2-0-2-2-2-2,0,30,0.44769222117950547,0.2958449792526994,30
3,0-1-1-0-2-1-0-0-0-0,0,28,0.742047247334432,0.5282214420754943,30
3,0-1-1-0-2-1-0-0-0-1,0,28,0.7852947048788411,0.5288082032901078,30
3,0-1-1-0-2-1-0-0-0-2,0,30,0.6690892651678856,0.46785624430198713,30
3,0-1-1-0-2-1-0-0-1-0,1,30,0.7852947048788411,0.5281854499692624,30
3,0-1-1-0-2-1-0-0-1-1,1,28,0.8425682164006089,0.5364001711878463,30
3,0-1-1-0-2-1-0-0-1-2,1,30,0.7261707690129431,0.4721376579659144,30
3,0-1-1-0-2-1-0-0-2-0,0,31,0.6690892651678856,0.47620432233208926,30
3,0-1-1-0-2-1-0-0-2-1,0,29,0.7261707690129431,0.48109594225333313,30
3,0-1-1-0-2-1-0-0-2-2,0,29,0.6098414070828687,0.418051647723498,30
3,0-1-1-0-2-1-0-1-0-0,0,28,0.8220847987295362,0.5300780706400505,30
3,0-1-1-0-2-1-0-1-0-1,0,28,0.8872297833382013,0.5413496010333998,30
3,0-1-1-0-2-1-0-1-0-2,0,30,0.7716991329148241,0.4760068667792483,30
3,0-1-1-0-2-1-0-1-1-0,1,30,0.8872297833382013,0.5392501610583598,30
3,0-1-1-0-2-1-0-1-1-1,1,28,0.9621381034581988,0.5576669399018837,30
3,0-1-1-0-2-1-0-1-1-2,1,30,0.8488007473214606,0.4903601100163494,30
3,0-1-1-0-2-1-0-1-2-0,0,31,0.7716991329148241,0.48338227572125947,30
3,0-1-1-0-2-1-0-1-2-1,0,29,0.8488007473214606,0.49979753810244715,30
3,0-1-1-0-2-1-0-1-2-2,0,29,0.7364750211136959,0.4328778705610899,30
3,0-1-1-0-2-1-0-2-0-0,0,30,0.6278093142473866,0.4553757612495819,30
3,0-1-1-0-2-1-0-2-0-1,0,30,0.6948726496581427,0.4622937493798788,30
3,0-1-1-0-2-1-0-2-0-2,0,30,0.5800779934182112,0.39836548917373305,30
3,0-1-1-0-2-1-0-2-1-0,1,32,0.6948726496581427,0.460708216111987,30
3,0-1-1-0-2-1-0-2-1-1,1,30,0.7737772502301294,0.4761570510532009,30
3,0-1-1-0-2-1-0-2-1-2,1,30,0.6624075991465237,0.4094417717702253,30
3,0-1-1-0-2-1-0-2-2-0,0,31,0.5800779934182112,0.40615975454266395,30
3,0-1-1-0-2-1-0-2-2-1,0,29,0.6624075991465237,0.41878001150781746,30
3,0-1-1-0-2-1-0-2-2-2,0,29,0.5531873022621191,0.3527304570542069,30
3,0-1-1-0-2-1-1-0-0-0,0,28,0.7852947048788411,0.5281962574573914,30
3,0-1-1-0-2-1-1-0-0-1,0,28,0.8425682164006089,0.5364357670303597,30
3,0-1-1-0-2-1-1-0-0-2,0,30,0.7261707690129431,0.4721639235853051,30
3,0-1-1-0-2-1-1-0-1-0,1,28,0.8425682164006089,0.5347515289421129,30
3,0-1-1-0-2-1-1-0-1-1,1,28,0.9112268623179843,0.550323807913036,30
3,0-1-1-0-2-1-1-0-1-2,1,30,0.7963336589134077,0.48370363560310686,30
3,0-1-1-0-2-1-1-0-2-0,0,29,0.7261707690129431,0.479840513027977,30
3,0-1-1-0-2-1-1-0-2-1,0,29,0.7963336589134077,0.4930329489462832,30
3,0-1-1-0-2-1-1-0-2-2,0,29,0.6820117063295691,0.4269888199695028,30
3,0-1-1-0-2-1-1-1-0-0,0,28,0.8872297833382013,0.5392908261256073,30
3,0-1-1-0-2-1-1-1-0-1,0,28,0.9621381034581988,0.557730263180725,30
3,0-1-1-0-2-1-1-1-0-2,0,30,0.8488007473214606,0.4904184766810767,30
3,0-1-1-0-2-1-1-1-1-0,1,28,0.9621381034581988,0.5546607107000132,30
3,0-1-1-0-2-1-1-1-1-1,1,28,1.0447117025062687,0.5796567996764689,30
3,0-1-1-0-2-1-1-1-1-2,1,30,0.9341229229116836,0.5112599301406792,30
3,0-1-1-0-2-1-1-1-2-0,0,29,0.8488007473214606,0.4970042509503645,30
3,0-1-1-0-2-1-1-1-2-1,0,29,0.9341229229116836,0.520868699226009,30
3,0-1-1-0-2-1-1-1-2-2,0,29,0.8251839179287286,0.45256376642656887,30
3,0-1-1-0-2-1-1-2-0-0,0,30,0.6948726496581427,0.46073821013712024,30
3,0-1-1-0-2-1-1-2-0-1,0,30,0.7737772502301294,0.4762141816675406,30
3,0-1-1-0-2-1-1-2-0-2,0,30,0.6624075991465237,0.40949186584201835,30
3,0-1-1-0-2-1-1-2-1-0,1,30,0.7737772502301294,0.4734665863213847,30
3,0-1-1-0-2-1-1-2-1-1,1,30,0.8612747739531744,0.49678557446475313,30
3,0-1-1-0-2-1-1-2-1-2,1,30,0.7538281938941017,0.428528906048946,30
3,0-1-1-0-2-1-1-2-2-0,0,29,0.6624075991465237,0.41639083487558354,30
3,0-1-1-0-2-1-1-2-2-1,0,29,0.7538281938941017,0.4381142555950153,30
3,0-1-1-0-2-1-1-2-2-2,0,29,0.6495378550283376,0.3700138745659779,30
3,0-1-1-0-2-1-2-0-0-0,0,30,0.6690892651678856,0.4760356563911572,30
3,0-1-1-0-2-1-2-0-0-1,0,30,0.7261707690129431,0.480942908289317,30
3,0-1-1-0-2-1-2-0-0-2,0,33,0.6098414070828687,0.4178915426024605,30
3,0-1-1-0-2-1-2-0-1-0,1,30,0.7261707690129431,0.47966122488500673,30
3,0-1-1-0-2-1-2-0-1-1,1,30,0.7963336589134077,0.4928448798848708,30
3,0-1-1-0-2-1-2-0-1-2,1,33,0.6820117063295691,0.4268030118536534,30
3,0-1-1-0-2-1-2-0-2-0,0,29,0.6098414070828687,0.42587385986724363,30
3,0-1-1-0-2-1-2-0-2-1,0,29,0.6820117063295691,0.4360357834427259,30
3,0-1-1-0-2-1-2-0-2-2,0,31,0.5686056703607024,0.37083283273417167,30
3,0-1-1-0-2-1-2-1-0-0,0,30,0.7716991329148241,0.48323289942217756,30
3,0-1-1-0-2-1-2-1-0-1,0,30,0.8488007473214606,0.49966646428286166,30
3,0-1-1-0-2-1-2-1-0-2,0,33,0.7364750211136959,0.43274199367560945,30
3,0-1-1-0-2-1-2-1-1-0,1,30,0.8488007473214606,0.4968148318271714,30
3,0-1-1-0-2-1-2-1-1-1,1,30,0.9341229229116836,0.5206751075872109,30
3,0-1-1-0-2-1-2-1-1-2,1,33,0.8251839179287286,0.45237053415988315,30
3,0-1-1-0-2-1-2-1-2-0,0,29,0.7364750211136959,0.4395402509611203,30
3,0-1-1-0-2-1-2-1-2-1,0,29,0.8251839179287286,0.46196395715055216,30
3,0-1-1-0-2-1-2-1-2-2,0,31,0.7186453445552714,0.3937921790917931,30
3,0-1-1-0-2-1-2-2-0-0,0,30,0.5800779934182112,0.406001943181511,30
3,0-1-1-0-2-1-2-2-0-1,0,30,0.6624075991465237,0.4186429451557282,30
3,0-1-1-0-2-1-2-2-0-2,0,33,0.5531873022621191,0.352586696653479,30
3,0-1-1-0-2-1-2-2-1-0,1,30,0.6624075991465237,0.41620370149498137,30
3,0-1-1-0-2-1-2-2-1-1,1,30,0.7538281938941017,0.4379211217698274,30
3,0-1-1-0-2-1-2-2-1-2,1,33,0.6495378550283376,0.369821371711038,30
3,0-1-1-0-2-1-2-2-2-0,0,29,0.5531873022621191,0.3597807301214156,30
3,0-1-1-0-2-1-2-2-2-1,0,29,0.6495378550283376,0.379379805042992,30
3,0-1-1-0-2-1-2-2-2-2,0,31,0.5502014847886205,0.31152371442487287,30
3,0-1-1-0-2-2-0-0-0-0,0,29,0.6286626068890782,0.4746830413515047,30
3,0-1-1-0-2-2-0-0-0-1,0,29,0.6690892651678856,0.47056439006755085,30
3,0-1-1-0-2-2-0-0-0-2,0,29,0.5530396781051741,0.4119574392536511,30
3,0-1-1-0-2-2-0-0-1-0,1,31,0.6690892651678856,0.4705390904721062,30
3,0-1-1-0-2-2-0-0-1-1,1,29,0.7261707690129431,0.4750146747288658,30
3,0-1-1-0-2-2-0-0-1-2,1,29,0.6098414070828687,0.41213408342223895,30
3,0-1-1-0-2-2-0-0-2-0,0,30,0.5530396781051741,0.4206608922415757,30
3,0-1-1-0-2-2-0-0-2-1,0,28,0.6098414070828687,0.4208621707408152,30
3,0-1-1-0-2-2-0-0-2-2,0,28,0.4936282683967723,0.3598132548471655,30
3,0-1-1-0-2-2-0-1-0-0,0,30,0.7055183657234807,0.47097720167717266,30
3,0-1-1-0-2-2-0-1-0-1,0,30,0.7716991329148241,0.47893922946396605,30
3,0-1-1-0-2-2-0-1-0-2,0,30,0.6565380298080602,0.4146476447453239,30
3,0-1-1-0-2-2-0-1-1-0,1,32,0.7716991329148241,0.47723009958754076,30
3,0-1-1-0-2-2-0-1-1-1,1,30,0.8488007473214606,0.49339322965027876,30
3,0-1-1-0-2-2-0-1-1-2,1,30,0.7364750211136959,0.42652577623372173,30
3,0-1-1-0-2-2-0-1-2-0,0,31,0.6565380298080602,0.4223436039328169,30
3,0-1-1-0-2-2-0-1-2-1,0,29,0.7364750211136959,0.43588978635556264,30
3,0-1-1-0-2-2-0-1-2-2,0,29,0.6257059807441399,0.36961103158410397,30
3,0-1-1-0-2-2-0-2-0-0,0,29,0.5112503291272812,0.39892670525330015,30
3,0-1-1-0-2-2-0-2-0-1,0,29,0.5800779934182112,0.40122010717392764,30
3,0-1-1-0-2-2-0-2-0-2,0,29,0.466168131897588,0.33909270670557073,30
3,0-1-1-0-2-2-0-2-1-0,1,31,0.5800779934182112,0.4001856579743853,30
3,0-1-1-0-2-2-0-2-1-1,1,29,0.6624075991465237,0.4124423222431443,30
3,0-1-1-0-2-2-0-2-1-2,1,29,0.5531873022621191,0.34648583444537695,30
3,0-1-1-0-2-2-0-2-2-0,0,30,0.466168131897588,0.3473040601779497,30
3,0-1-1-0-2-2-0-2-2-1,0,28,0.5531873022621191,0.35569325759529674,30
3,0-1-1-0-2-2-0-2-2-2,0,28,0.44769222117950547,0.29083759709718926,30
3,0-1-1-0-2-2-1-0-0-0,0,29,0.6690892651678856,0.47053764099516465,30
3,0-1-1-0-2-2-1-0-0-1,0,29,0.7261707690129431,0.4750414179890893,30
3,0-1-1-0-2-2-1-0-0-2,0,29,0.6098414070828687,0.41214866793723226,30
3,0-1-1-0-2-2-1-0-1-0,1,29,0.7261707690129431,0.47380866510851455,30
3,0-1-1-0-2-2-1-0-1-1,1,29,0.7963336589134077,0.4867015291081628,30
3,0-1-1-0-2-2-1-0-1-2,1,29,0.6820117063295691,0.4207351055798809,30
3,0-1-1-0-2-2-1-0-2-0,0,28,0.6098414070828687,0.42016691316614446,30
3,0-1-1-0-2-2-1-0-2-1,0,28,0.6820117063295691,0.4299551571706253,30
3,0-1-1-0-2-2-1-0-2-2,0,28,0.5686056703607024,0.36486454733397733,30
3,0-1-1-0-2-2-1-1-0-0,0,30,0.7716991329148241,0.4772626593316535,30
3,0-1-1-0-2-2-1-1-0-1,0,30,0.8488007473214606,0.49345185050930496,30
3,0-1-1-0-2-2-1-1-0-2,0,30,0.7364750211136959,0.4265778963623586,30
3,0-1-1-0-2-2-1-1-1-0,1,30,0.8488007473214606,0.4906267655438408,30
3,0-1-1-0-2-2-1-1-1-1,1,30,0.9341229229116836,0.5143488659842343,30
3,0-1-1-0-2-2-1-1-1-2,1,30,0.8251839179287286,0.44605627872151393,30
3,0-1-1-0-2-2-1-1-2-0,0,29,0.7364750211136959,0.43340190134231005,30
3,0-1-1-0-2-2-1-1-2-1,0,29,0.8251839179287286,0.4556476883647339,30
3,0-1-1-0-2-2-1-1-2-2,0,29,0.7186453445552714,0.3874936307247694,30
3,0-1-1-0-2-2-1-2-0-0,0,29,0.5800779934182112,0.40020422016000085,30
3,0-1-1-0-2-2-1-2-0-1,0,29,0.6624075991465237,0.41249278518434385,30
3,0-1-1-0-2-2-1-2-0-2,0,29,0.5531873022621191,0.3465265881429018,30
3,0-1-1-0-2-2-1-2-1-0,1,29,0.6624075991465237,0.41009193620580736,30
3,0-1-1-0-2-2-1-2-1-1,1,29,0.7538281938941017,0.431610155381928,30
3,0-1-1-0-2-2-1-2-1-2,1,29,0.6495378550283376,0.36353153871895966,30
3,0-1-1-0-2-2-1-2-2-0,0,28,0.5531873022621191,0.35375694862040163,30
3,0-1-1-0-2-2-1-2-2-1,0,28,0.6495378550283376,0.3730862952974029,30
3,0-1-1-0-2-2-1-2-2-2,0,28,0.5502014847886205,0.30526429081342726,30
3,0-1-1-0-2-2-2-0-0-0,0,29,0.5530396781051741,0.4204851444596578,30
3,0-1-1-0-2-2-2-0-0-1,0,29,0.6098414070828687,0.4207024162559804,30
3,0-1-1-0-2-2-2-0-0-2,0,32,0.4936282683967723,0.3596449922907711,30
3,0-1-1-0-2-2-2-0-1-0,1,29,0.6098414070828687,0.4199925825992282,30
3,0-1-1-0-2-2-2-0-1-1,1,29,0.6820117063295691,0.4297692239600829,30
3,0-1-1-0-2-2-2-0-1-2,1,32,0.5686056703607024,0.3646821331696959,30
3,0-1-1-0-2-2-2-0-2-0,0,28,0.4936282683967723,0.3680289212127747,30
3,0-1-1-0-2-2-2-0-2-1,0,28,0.5686056703607024,0.373752027723811,30
3,0-1-1-0-2-2-2-0-2-2,0,30,0.45679822537498516,0.3100114525467239,30
3,0-1-1-0-2-2-2-1-0-0,0,30,0.6565380298080602,0.42218776780864453,30
3,0-1-1-0-2-2-2-1-0-1,0,30,0.7364750211136959,0.43575415452586613,30
3,0-1-1-0-2-2-2-1-0-2,0,33,0.6257059807441399,0.3694691838831599,30
3,0-1-1-0-2-2-2-1-1-0,1,30,0.7364750211136959,0.4332141751506147,30
3,0-1-1-0-2-2-2-1-1-1,1,30,0.8251839179287286,0.45545443629769944,30
3,0-1-1-0-2-2-2-1-1-2,1,33,0.7186453445552714,0.387300933577148,30
3,0-1-1-0-2-2-2-1-2-0,0,29,0.6257059807441399,0.3765674444154208,30
3,0-1-1-0-2-2-2-1-2-1,0,29,0.7186453445552714,0.3968686648491262,30
3,0-1-1-0-2-2-2-1-2-2,0,31,0.6157544426452327,0.3289271299818922,30
3,0-1-1-0-2-2-2-2-0-0,0,29,0.466168131897588,0.3471379016686018,30
3,0-1-1-0-2-2-2-2-0-1,0,29,0.5531873022621191,0.35554984445322646,30
3,0-1-1-0-2-2-2-2-0-2,0,32,0.44769222117950547,0.29068521137201814,30
3,0-1-1-0-2-2-2-2-1-0,1,29,0.5531873022621191,0.3535728132514232,30
3,0-1-1-0-2-2-2-2-1-1,1,29,0.6495378550283376,0.37289375628841087,30
3,0-1-1-0-2-2-2-2-1-2,1,32,0.5502014847886205,0.3050728251619626,30
3,0-1-1-0-2-2-2-2-2-0,0,28,0.44769222117950547,0.29830898486255925,30
3,0-1-1-0-2-2-2-2-2-1,0,28,0.5502014847886205,0.31458185677471123,30
3,0-1-1-0-2-2-2-2-2-2,0,30,0.45904650326084595,0.24719722870163185,30
3,0-1-1-1-0-0-0-0-0-2,0,26,0.8688182475342204,0.7558153533931676,30
3,0-1-1-1-0-0-0-0-1-2,1,26,0.9558018145750239,0.7879147336181975,30
3,0-1-1-1-0-0-0-0-2-0,0,27,0.8688182475342204,0.7605414041626436,30
3,0-1-1-1-0-0-0-0-2-1,0,24,0.9558018145750239,0.7975467649396749,30
3,0-1-1-1-0-0-0-0-2-2,0,24,0.8477059953330575,0.7290434126239211,30
3,0-1-1-1-0-0-0-1-0-2,0,27,1.0170865032260372,0.8019633818449886,30
3,0-1-1-1-0-0-0-1-1-2,1,27,1.1128686052032708,0.8381790037844652,30
3,0-1-1-1-0-0-0-1-2-0,0,28,1.0170865032260372,0.8059196242964685,30
3,0-1-1-1-0-0-0-1-2-1,0,25,1.1128686052032708,0.847714846639577,30
3,0-1-1-1-0-0-0-1-2-2,0,25,1.0103836252992022,0.7799459684197879,30
3,0-1-1-1-0-0-0-2-0-0,0,27,0.8530330460801713,0.7488734148619557,30
3,0-1-1-1-0-0-0-2-0-1,0,26,0.9462754685515714,0.787486307210655,30
3,0-1-1-1-0-0-0-2-0-2,0,26,0.842345256615364,0.7191827424278743,30
3,0-1-1-1-0-0-0-2-1-0,1,29,0.9462754685515714,0.781808572629565,30
3,0-1-1-1-0-0-0-2-1-1,1,26,1.04421689155261,0.8238161123010806,30
3,0-1-1-1-0-0-0-2-1-2,1,26,0.9438788591720301,0.7561081898792064,30
3,0-1-1-1-0-0-0-2-2-0,0,27,0.842345256615364,0.7230351222430697,30
3,0-1-1-1-0-0-0-2-2-1,0,24,0.9438788591720301,0.7656145280757012,30
3,0-1-1-1-0-0-0-2-2-2,0,24,0.8477059953330575,0.6980811296752286,30
3,0-1-1-1-0-0-1-0-0-2,0,26,0.9558018145750239,0.7880256618250673,30
3,0-1-1-1-0-0-1-0-1-2,1,26,1.0485460599253622,0.8231300968532538,30
3,0-1-1-1-0-0-1-0-2-0,0,24,0.9558018145750239,0.792198130929227,30
3,0-1-1-1-0-0-1-0-2-1,0,24,1.0485460599253622,0.8326988142339788,30
3,0-1-1-1-0-0-1-0-2-2,0,24,0.9438788591720301,0.7646795796749362,30
3,0-1-1-1-0-0-1-1-0-2,0,27,1.1128686052032708,0.8383026307583253,30
3,0-1-1-1-0-0-1-1-1-2,1,27,1.2122985933313613,0.8770153994795141,30
3,0-1-1-1-0-0-1-1-2-0,0,25,1.1128686052032708,0.8417479026848343,30
3,0-1-1-1-0-0-1-1-2-1,0,25,1.2122985933313613,0.886456639560095,30
3,0-1-1-1-0-0-1-1-2-2,0,25,1.1128686052032708,0.8194050984597706,30
3,0-1-1-1-0-0-1-2-0-0,0,26,0.9462754685515714,0.7819221800797155,30
3,0-1-1-1-0-0-1-2-0-1,0,26,1.04421689155261,0.8239401738092035,30
3,0-1-1-1-0-0-1-2-0-2,0,26,0.9438788591720301,0.7562345086671961,30
3,0-1-1-1-0-0-1-2-1-0,1,26,1.04421689155261,0.8178150659370989,30
3,0-1-1-1-0-0-1-2-1-1,1,26,1.1456528009692608,0.8627987288367712,30
3,0-1-1-1-0-0-1-2-1-2,1,26,1.0485460599253622,0.7958469347295762,30
3,0-1-1-1-0-0-1-2-2-0,0,24,0.9438788591720301,0.7595219937711919,30
3,0-1-1-1-0-0-1-2-2-1,0,24,1.0485460599253622,0.8052399011378861,30
3,0-1-1-1-0-0-1-2-2-2,0,24,0.9558018145750239,0.7385709481919718,30
3,0-1-1-1-0-0-2-0-0-0,0,26,0.8688182475342204,0.7604452742091249,30
3,0-1-1-1-0-0-2-0-0-1,0,26,0.9558018145750239,0.7974634886439722,30
3,0-1-1-1-0-0-2-0-0-2,0,29,0.8477059953330575,0.7289614919719527,30
3,0-1-1-1-0-0-2-0-1-0,1,26,0.9558018145750239,0.7920039367705405,30
3,0-1-1-1-0-0-2-0-1-1,1,26,1.0485460599253622,0.8325060279696354,30
3,0-1-1-1-0-0-2-0-1-2,1,29,0.9438788591720301,0.7644871500668138,30
3,0-1-1-1-0-0-2-0-2-0,0,24,0.8477059953330575,0.7330793597305677,30
3,0-1-1-1-0-0-2-0-2-1,0,24,0.9438788591720301,0.7740406148016158,30
3,0-1-1-1-0-0-2-0-2-2,0,27,0.842345256615364,0.7061432145581267,30
3,0-1-1-1-0-0-2-1-0-0,0,27,1.0170865032260372,0.8058389724392655,30
3,0-1-1-1-0-0-2-1-0-1,0,27,1.1128686052032708,0.8476460674846197,30
3,0-1-1-1-0-0-2-1-0-2,0,30,1.0103836252992022,0.7798797945814652,30
3,0-1-1-1-0-0-2-1-1-0,1,27,1.1128686052032708,0.8415555049027282,30
3,0-1-1-1-0-0-2-1-1-1,1,27,1.2122985933313613,0.8862663956987064,30
3,0-1-1-1-0-0-2-1-1-2,1,30,1.1128686052032708,0.8192156232475082,30
3,0-1-1-1-0-0-2-1-2-0,0,25,1.0103836252992022,0.7832163052864101,30
3,0-1-1-1-0-0-2-1-2-1,0,25,1.1128686052032708,0.8286239871817159,30
3,0-1-1-1-0-0-2-1-2-2,0,28,1.0170865032260372,0.7618325770492315,30
3,0-1-1-1-0-0-2-2-0-0,0,26,0.842345256615364,0.7229564424827865,30
3,0-1-1-1-0-0-2-2-0-1,0,26,0.9438788591720301,0.7655489671889466,30
3,0-1-1-1-0-0-2-2-0-2,0,29,0.8477059953330575,0.698018814220144,30
3,0-1-1-1-0-0-2-2-1-0,1,26,0.9438788591720301,0.7593301240494449,30
3,0-1-1-1-0-0-2-2-1-1,1,26,1.0485460599253622,0.8050506138238532,30
3,0-1-1-1-0-0-2-2-1-2,1,29,0.9558018145750239,0.738382698614435,30
3,0-1-1-1-0-0-2-2-2-0,0,24,0.8477059953330575,0.7011706980902908,30
3,0-1-1-1-0-0-2-2-2-1,0,24,0.9558018145750239,0.747731286187346,30
3,0-1-1-1-0-0-2-2-2-2,0,27,0.8688182475342204,0.6814173796072981,30
3,0-1-1-1-0-1-0-0-0-2,0,27,0.9558018145750239,0.7916686645678916,30
3,0-1-1-1-0-1-0-0-1-2,1,27,1.0485460599253622,0.8270731025956137,30
3,0-1-1-1-0-1-0-0-2-0,0,28,0.9558018145750239,0.7957833981110721,30
3,0-1-1-1-0-1-0-0-2-1,0,25,1.0485460599253622,0.8366334732848019,30
3,0-1-1-1-0-1-0-0-2-2,0,25,0.9438788591720301,0.7686778618508001,30
3,0-1-1-1-0-1-0-1-0-2,0,27,1.1128686052032708,0.8423576203481253,30
3,0-1-1-1-0-1-0-1-1-2,1,27,1.2122985933313613,0.8813188983983342,30
3,0-1-1-1-0-1-0-1-2-0,0,28,1.1128686052032708,0.8457500214567633,30
3,0-1-1-1-0-1-0-1-2-1,0,25,1.2122985933313613,0.8907490422517709,30
3,0-1-1-1-0-1-0-1-2-2,0,25,1.1128686052032708,0.8237813667277871,30
3,0-1-1-1-0-1-0-2-0-0,0,28,0.9462754685515714,0.7856524570873746,30
3,0-1-1-1-0-1-0-2-0-1,0,27,1.04421689155261,0.8280095488435066,30
3,0-1-1-1-0-1-0-2-0-2,0,27,0.9438788591720301,0.7603785750480913,30
3,0-1-1-1-0-1-0-2-1-0,1,30,1.04421689155261,0.8218399476954924,30
3,0-1-1-1-0-1-0-2-1-1,1,27,1.1456528009692608,0.8671193570491026,30
3,0-1-1-1-0-1-0-2-1-2,1,27,1.0485460599253622,0.8002557208412365,30
3,0-1-1-1-0-1-0-2-2-0,0,28,0.9438788591720301,0.7636079567505747,30
3,0-1-1-1-0-1-0-2-2-1,0,25,1.0485460599253622,0.8096355144802174,30
3,0-1-1-1-0-1-0-2-2-2,0,25,0.9558018145750239,0.7430665890551437,30
3,0-1-1-1-0-1-1-0-0-2,0,27,1.0485460599253622,0.8271942305667425,30
3,0-1-1-1-0-1-1-0-1-2,1,27,1.1456528009692608,0.8651975908914368,30
3,0-1-1-1-0-1-1-0-2-0,0,25,1.0485460599253622,0.8307883564816492,30
3,0-1-1-1-0-1-1-0-2-1,0,25,1.1456528009692608,0.8746687755577675,30
3,0-1-1-1-0-1-1-0-2-2,0,25,1.04421689155261,0.8073906382509161,30
3,0-1-1-1-0-1-1-1-0-2,0,27,1.2122985933313613,0.8814509747165944,30
3,0-1-1-1-0-1-1-1-1-2,1,25,1.3145489705153397,0.9225607809609873,30
3,0-1-1-1-0-1-1-1-2-0,0,25,1.2122985933313613,0.8843696144692398,30
3,0-1-1-1-0-1-1-1-2-1,0,23,1.3145489705153397,0.9318809978927897,30
3,0-1-1-1-0-1-1-1-2-2,0,23,1.2178907028814228,0.8657413974448064,30
3,0-1-1-1-0-1-1-2-0-0,0,27,1.04421689155261,0.8219635715135051,30
3,0-1-1-1-0-1-1-2-0-1,0,27,1.1456528009692608,0.8672519612561815,30
3,0-1-1-1-0-1-1-2-0-2,0,27,1.0485460599253622,0.8003910405791678,30
3,0-1-1-1-0-1-1-2-1-0,1,27,1.1456528009692608,0.8606980671634816,30
3,0-1-1-1-0-1-1-2-1-1,1,25,1.2497325848665581,0.9085307173227171,30
3,0-1-1-1-0-1-1-2-1-2,1,25,1.1554956288630989,0.8425350988590206,30
3,0-1-1-1-0-1-1-2-2-0,0,25,1.0485460599253622,0.8031029871642262,30
3,0-1-1-1-0-1-1-2-2-1,0,23,1.1554956288630989,0.8517856446582205,30
3,0-1-1-1-0-1-1-2-2-2,0,23,1.0656868829585104,0.7861941000979277,30
3,0-1-1-1-0-1-2-0-0-0,0,27,0.9558018145750239,0.795699557139688,30
3,0-1-1-1-0-1-2-0-0-1,0,27,1.0485460599253622,0.8365617269376183,30
3,0-1-1-1-0-1-2-0-0-2,0,30,0.9438788591720301,0.7686084799746521,30
3,0-1-1-1-0-1-2-0-1-0,1,27,1.0485460599253622,0.8305954909436772,30
3,0-1-1-1-0-1-2-0-1-1,1,27,1.1456528009692608,0.8744779342059146,30
3,0-1-1-1-0-1-2-0-1-2,1,30,1.04421689155261,0.8072004737850929,30
3,0-1-1-1-0-1-2-0-2-0,0,25,0.9438788591720301,0.7721042996924694,30
3,0-1-1-1-0-1-2-0-2-1,0,25,1.04421689155261,0.8166427079172467,30
3,0-1-1-1-0-1-2-0-2-2,0,28,0.9462754685515714,0.7495940967969059,30
3,0-1-1-1-0-1-2-1-0-0,0,27,1.1128686052032708,0.8456807248434312,30
3,0-1-1-1-0-1-2-1-0-1,0,27,1.2122985933313613,0.8906907609733083,30
3,0-1-1-1-0-1-2-1-0-2,0,30,1.1128686052032708,0.823726472448126,30
3,0-1-1-1-0-1-2-1-1-0,1,27,1.2122985933313613,0.8841792636408382,30
3,0-1-1-1-0-1-2-1-1-1,1,25,1.3145489705153397,0.9316931703390747,30
3,0-1-1-1-0-1-2-1-1-2,1,28,1.2178907028814228,0.8655546824660114,30
3,0-1-1-1-0-1-2-1-2-0,0,25,1.1128686052032708,0.8265023602577005,30
3,0-1-1-1-0-1-2-1-2-1,0,23,1.2178907028814228,0.8748273085982801,30
3,0-1-1-1-0-1-2-1-2-2,0,26,1.1250139119098448,0.8090615641866774,30
3,0-1-1-1-0-1-2-2-0-0,0,27,0.9438788591720301,0.7635418274363813,30
3,0-1-1-1-0-1-2-2-0-1,0,27,1.0485460599253622,0.8095814120722609,30
3,0-1-1-1-0-1-2-2-0-2,0,30,0.9558018145750239,0.7430166472350963,30
3,0-1-1-1-0-1-2-2-1-0,1,27,1.0485460599253622,0.8029135727817139,30
3,0-1-1-1-0-1-2-2-1-1,1,25,1.1554956288630989,0.851599199141031,30
3,0-1-1-1-0-1-2-2-1-2,1,28,1.0656868829585104,0.7860091260455901,30
3,0-1-1-1-0-1-2-2-2-0,0,25,0.9558018145750239,0.7455530726603322,30
3,0-1-1-1-0-1-2-2-2-1,0,23,1.0656868829585104,0.7951967364920146,30
3,0-1-1-1-0-1-2-2-2-2,0,26,0.9815226366424475,0.7301041364554641,30
3,0-1-1-1-0-2-0-0-0-0,0,27,0.8688182475342204,0.7573245165253369,30
3,0-1-1-1-0-2-0-0-0-1,0,26,0.9558018145750239,0.7947634123749,30
3,0-1-1-1-0-2-0-0-0-2,0,26,0.8477059953330575,0.7263079101688155,30
3,0-1-1-1-0-2-0-0-1-0,1,29,0.9558018145750239,0.7892462284275964,30
3,0-1-1-1-0-2-0-0-1-1,1,26,1.0485460599253622,0.8301464434057204,30
3,0-1-1-1-0-2-0-0-1-2,1,26,0.9438788591720301,0.7622039695363066,30
3,0-1-1-1-0-2-0-0-2-0,0,27,0.8477059953330575,0.7303565470740558,30
3,0-1-1-1-0-2-0-0-2-1,0,24,0.9438788591720301,0.7717458579219315,30
3,0-1-1-1-0-2-0-0-2-2,0,24,0.842345256615364,0.703937847391313,30
3,0-1-1-1-0-2-0-1-0-0,0,28,1.0170865032260372,0.8032247333682477,30
3,0-1-1-1-0-2-0-1-0-1,0,27,1.1128686052032708,0.8454199170713321,30
3,0-1-1-1-0-2-0-1-0-2,0,27,1.0103836252992022,0.7777409158077142,30
3,0-1-1-1-0-2-0-1-1-0,1,30,1.1128686052032708,0.839276566805254,30
3,0-1-1-1-0-2-0-1-1-1,1,27,1.2122985933313613,0.8843500831499598,30
3,0-1-1-1-0-2-0-1-1-2,1,27,1.1128686052032708,0.8174097139510907,30
3,0-1-1-1-0-2-0-1-2-0,0,28,1.0103836252992022,0.781007831962414,30
3,0-1-1-1-0-2-0-1-2-1,0,25,1.1128686052032708,0.8268014408062533,30
3,0-1-1-1-0-2-0-1-2-2,0,25,1.0170865032260372,0.7601376477363038,30
3,0-1-1-1-0-2-0-2-0-0,0,27,0.842345256615364,0.7204093662974298,30
3,0-1-1-1-0-2-0-2-0-1,0,26,0.9438788591720301,0.763430623011677,30
3,0-1-1-1-0-2-0-2-0-2,0,26,0.8477059953330575,0.6960092080277867,30
3,0-1-1-1-0-2-0-2-1-0,1,29,0.9438788591720301,0.7571537753814944,30
3,0-1-1-1-0-2-0-2-1-1,1,26,1.0485460599253622,0.803270533985845,30
3,0-1-1-1-0-2-0-2-1-2,1,26,0.9558018145750239,0.7367384388174091,30
3,0-1-1-1-0-2-0-2-2-0,0,27,0.8477059953330575,0.6990821948167023,30
3,0-1-1-1-0-2-0-2-2-1,0,24,0.9558018145750239,0.7460664187985753,30
3,0-1-1-1-0-2-0-2-2-2,0,24,0.8688182475342204,0.6799118529726197,30
3,0-1-1-1-0-2-1-0-0-0,0,26,0.9558018145750239,0.7893565863397876,30
3,0-1-1-1-0-2-1-0-0-1,0,26,1.0485460599253622,0.8302674873053388,30
3,0-1-1-1-0-2-1-0-0-2,0,26,0.9438788591720301,0.7623270219012891,30
3,0-1-1-1-0-2-1-0-1-0,1,26,1.0485460599253622,0.8242929938910485,30
3,0-1-1-1-0-2-1-0-1-1,1,26,1.1456528009692608,0.8682420572332968,30
3,0-1-1-1-0-2-1-0-1-2,1,26,1.04421689155261,0.8009869741431596,30
3,0-1-1-1-0-2-1-0-2-0,0,24,0.9438788591720301,0.7658113669390867,30
3,0-1-1-1-0-2-1-0-2-1,0,24,1.04421689155261,0.8104257244545556,30
3,0-1-1-1-0-2-1-0-2-2,0,24,0.9462754685515714,0.7434048478107468,30
3,0-1-1-1-0-2-1-1-0-0,0,27,1.1128686052032708,0.8393996717942181,30
3,0-1-1-1-0-2-1-1-0-1,0,27,1.2122985933313613,0.8844820488022948,30
3,0-1-1-1-0-2-1-1-0-2,0,27,1.1128686052032708,0.8175442983194243,30
3,0-1-1-1-0-2-1-1-1-0,1,27,1.2122985933313613,0.8779595240813656,30
3,0-1-1-1-0-2-1-1-1-1,1,25,1.3145489705153397,0.9255564065268864,30
3,0-1-1-1-0-2-1-1-1-2,1,25,1.2178907028814228,0.8594546652836305,30
3,0-1-1-1-0-2-1-1-2-0,0,25,1.1128686052032708,0.8203036249535208,30
3,0-1-1-1-0-2-1-1-2-1,0,23,1.2178907028814228,0.8687216169771598,30
3,0-1-1-1-0-2-1-1-2-2,0,23,1.1250139119098448,0.8030005964572919,30
3,0-1-1-1-0-2-1-2-0-0,0,26,0.9438788591720301,0.7572795203488423,30
3,0-1-1-1-0-2-1-2-0-1,0,26,1.0485460599253622,0.8034057224102673,30
3,0-1-1-1-0-2-1-2-0-2,0,26,0.9558018145750239,0.7368767505014688,30
3,0-1-1-1-0-2-1-2-1-0,1,26,1.0485460599253622,0.7967247894274243,30
3,0-1-1-1-0-2-1-2-1-1,1,24,1.1554956288630989,0.8455080857345397,30
3,0-1-1-1-0-2-1-2-1-2,1,24,1.0656868829585104,0.7799666586619364,30
3,0-1-1-1-0-2-1-2-2-0,0,24,0.9558018145750239,0.7393926553678724,30
3,0-1-1-1-0-2-1-2-2-1,0,22,1.0656868829585104,0.7891466953108307,30
3,0-1-1-1-0-2-1-2-2-2,0,22,0.9815226366424475,0.7241143710729032,30
3,0-1-1-1-0-2-2-0-0-0,0,26,0.8477059953330575,0.7302739453648974,30
3,0-1-1-1-0-2-2-0-0-1,0,26,0.9438788591720301,0.7716763599318708,30
3,0-1-1-1-0-2-2-0-0-2,0,29,0.842345256615364,0.7038711629844826,30
3,0-1-1-1-0-2-2-0-1-0,1,26,0.9438788591720301,0.7656188267324485,30
3,0-1-1-1-0-2-2-0-1-1,1,26,1.04421689155261,0.8102355257198868,30
3,0-1-1-1-0-2-2-0-1-2,1,29,0.9462754685515714,0.7432155082449146,30
3,0-1-1-1-0-2-2-0-2-0,0,24,0.842345256615364,0.707238454430633,30
3,0-1-1-1-0-2-2-0-2-1,0,24,0.9462754685515714,0.7526175161863962,30
3,0-1-1-1-0-2-2-0-2-2,0,27,0.8530330460801714,0.6858905600168782,30
3,0-1-1-1-0-2-2-1-0-0,0,27,1.0103836252992022,0.780940973483919,30
3,0-1-1-1-0-2-2-1-0-1,0,27,1.1128686052032708,0.8267463812027517,30
3,0-1-1-1-0-2-2-1-0-2,0,30,1.0170865032260372,0.7600865645778767,30
3,0-1-1-1-0-2-2-1-1-0,1,27,1.1128686052032708,0.8201139885232053,30
3,0-1-1-1-0-2-2-1-1-1,1,25,1.2178907028814228,0.8685348461805064,30
3,0-1-1-1-0-2-2-1-1-2,1,28,1.1250139119098448,0.8028152096239137,30
3,0-1-1-1-0-2-2-1-2-0,0,25,1.0170865032260372,0.7626781752359014,30
3,0-1-1-1-0-2-2-1-2-1,0,23,1.1250139119098448,0.8120229669124264,30
3,0-1-1-1-0-2-2-1-2-2,0,26,1.0369352001740495,0.7467702663198859,30
3,0-1-1-1-0-2-2-2-0-0,0,26,0.8477059953330575,0.6990191032036419,30
3,0-1-1-1-0-2-2-2-0-1,0,26,0.9558018145750239,0.7460162723600509,30
3,0-1-1-1-0-2-2-2-0-2,0,29,0.8688182475342204,0.679866671497349,30
3,0-1-1-1-0-2-2-2-1-0,1,26,0.9558018145750239,0.739204205873125,30
3,0-1-1-1-0-2-2-2-1-1,1,24,1.0656868829585104,0.7889616467581935,30
3,0-1-1-1-0-2-2-2-1-2,1,27,0.9815226366424475,0.7239311896831345,30
3,0-1-1-1-0-2-2-2-2-0,0,24,0.8688182475342204,0.6821729255308456,30
3,0-1-1-1-0-2-2-2-2-1,0,22,0.9815226366424475,0.7330313754239549,30
3,0-1-1-1-0-2-2-2-2-2,0,25,0.9045797972080061,0.6686373716665067,30
3,0-1-1-1-1-0-0-0-0-2,0,27,0.8688182475342204,0.8809693406370324,30
3,0-1-1-1-1-0-0-0-1-2,1,26,0.9558018145750239,0.9220551122642427,30
3,0-1-1-1-1-0-0-0-2-0,0,28,0.8688182475342204,0.8838934531405954,30
3,0-1-1-1-1-0-0-0-2-1,0,25,0.9558018145750239,0.9313767049503759,30
3,0-1-1-1-1-0-0-0-2-2,0,25,0.8477059953330575,0.8652267703608876,30
3,0-1-1-1-1-0-0-1-0-2,0,28,1.0170865032260372,0.939455763874532,30
3,0-1-1-1-1-0-0-1-1-2,1,27,1.1128686052032708,0.9831082243193416,30
3,0-1-1-1-1-0-0-1-2-0,0,29,1.0170865032260372,0.9417709836390701,30
3,0-1-1-1-1-0-0-1-2-1,0,26,1.1128686052032708,0.9922620224572039,30
3,0-1-1-1-1-0-0-1-2-2,0,26,1.0103836252992022,0.9273675194076514,30
3,0-1-1-1-1-0-0-2-0-0,0,28,0.8530330460801713,0.8767461049098233,30
3,0-1-1-1-1-0-0-2-0-1,0,27,0.9462754685515714,0.9254968072506637,30
3,0-1-1-1-1-0-0-2-0-2,0,27,0.842345256615364,0.8598632540080412,30
3,0-1-1-1-1-0-0-2-1-0,1,29,0.9462754685515714,0.9184894431113507,30
3,0-1-1-1-1-0-0-2-1-1,1,26,1.04421689155261,0.9693340574622075,30
3,0-1-1-1-1-0-0-2-1-2,1,26,0.9438788591720301,0.9046360954947632,30
3,0-1-1-1-1-0-0-2-2-0,0,28,0.842345256615364,0.8619252084292356,30
3,0-1-1-1-1-0-0-2-2-1,0,25,0.9438788591720301,0.9136948055716785,30
3,0-1-1-1-1-0-0-2-2-2,0,25,0.8477059953330575,0.8495417577359297,30
3,0-1-1-1-1-0-1-0-0-2,0,27,0.9558018145750239,0.9221937203834081,30
3,0-1-1-1-1-0-1-0-1-2,1,26,1.0485460599253622,0.9651558643285467,30
3,0-1-1-1-1-0-1-0-2-0,0,25,0.9558018145750239,0.9246777661483099,30
3,0-1-1-1-1-0-1-0-2-1,0,25,1.0485460599253622,0.9743591345019044,30
3,0-1-1-1-1-0-1-0-2-2,0,25,0.9438788591720301,0.9090954898869446,30
3,0-1-1-1-1-0-1-1-0-2,0,28,1.1128686052032708,0.9832547232001003,30
3,0-1-1-1-1-0-1-1-1-2,1,27,1.2122985933313613,1.028455362553752,30
3,0-1-1-1-1-0-1-1-2-0,0,26,1.1128686052032708,0.9851763090811744,30
3,0-1-1-1-1-0-1-1-2-1,0,26,1.2122985933313613,1.0374851889641716,30
3,0-1-1-1-1-0-1-1-2-2,0,26,1.1128686052032708,0.9735123015566026,30
3,0-1-1-1-1-0-1-2-0-0,0,27,0.9462754685515714,0.9186301324201718,30
3,0-1-1-1-1-0-1-2-0-1,0,27,1.04421689155261,0.9694811755293582,30
3,0-1-1-1-1-0-1-2-0-2,0,27,0.9438788591720301,0.9047863362078815,30
3,0-1-1-1-1-0-1-2-1-0,1,26,1.04421689155261,0.9621987208709902,30
3,0-1-1-1-1-0-1-2-1-1,1,26,1.1456528009692608,1.0148713504941278,30
3,0-1-1-1-1-0-1-2-1-2,1,26,1.0485460599253622,0.9511287491660685,30
3,0-1-1-1-1-0-1-2-2-0,0,25,0.9438788591720301,0.9064301514474485,30
3,0-1-1-1-1-0-1-2-2-1,0,25,1.0485460599253622,0.9600471728070392,30
3,0-1-1-1-1-0-1-2-2-2,0,25,0.9558018145750239,0.8969379373979814,30
3,0-1-1-1-1-0-2-0-0-0,0,27,0.8688182475342204,0.8838335985557431,30
3,0-1-1-1-1-0-2-0-0-1,0,27,0.9558018145750239,0.9313270885078863,30
3,0-1-1-1-1-0-2-0-0-2,0,30,0.8477059953330575,0.8651810962143461,30
3,0-1-1-1-1-0-2-0-1-0,1,26,0.9558018145750239,0.9244895470536263,30
3,0-1-1-1-1-0-2-0-1-1,1,26,1.0485460599253622,0.974173643944714,30
3,0-1-1-1-1-0-2-0-1-2,1,29,0.9438788591720301,0.9089114076566225,30
3,0-1-1-1-1-0-2-0-2-0,0,25,0.8477059953330575,0.8674981835561231,30
3,0-1-1-1-1-0-2-0-2-1,0,25,0.9438788591720301,0.9180544315954341,30
3,0-1-1-1-1-0-2-0-2-2,0,28,0.842345256615364,0.8532611838565948,30
3,0-1-1-1-1-0-2-1-0-0,0,28,1.0170865032260372,0.9417234201771747,30
3,0-1-1-1-1-0-2-1-0-1,0,28,1.1128686052032708,0.9922236247589162,30
3,0-1-1-1-1-0-2-1-0-2,0,31,1.0103836252992022,0.9273336520391845,30
3,0-1-1-1-1-0-2-1-1-0,1,27,1.1128686052032708,0.9849914163700573,30
3,0-1-1-1-1-0-2-1-1-1,1,27,1.2122985933313613,1.037303167755088,30
3,0-1-1-1-1-0-2-1-1-2,1,30,1.1128686052032708,0.973332069472227,30
3,0-1-1-1-1-0-2-1-2-0,0,26,1.0103836252992022,0.9290625745426999,30
3,0-1-1-1-1-0-2-1-2-1,0,26,1.1128686052032708,0.9822853525741376,30
3,0-1-1-1-1-0-2-1-2-2,0,29,1.0170865032260372,0.9189053376722583,30
3,0-1-1-1-1-0-2-2-0-0,0,27,0.842345256615364,0.8618826488948367,30
3,0-1-1-1-1-0-2-2-0-1,0,27,0.9438788591720301,0.9136619829576115,30
3,0-1-1-1-1-0-2-2-0-2,0,30,0.8477059953330575,0.8495143349841655,30
3,0-1-1-1-1-0-2-2-1-0,1,26,0.9438788591720301,0.9062470920835776,30
3,0-1-1-1-1-0-2-2-1-1,1,26,1.0485460599253622,0.9598673661701997,30
3,0-1-1-1-1-0-2-2-1-2,1,29,0.9558018145750239,0.8967604038057264,30
3,0-1-1-1-1-0-2-2-2-0,0,25,0.8477059953330575,0.8509282969441256,30
3,0-1-1-1-1-0-2-2-2-1,0,25,0.9558018145750239,0.9055815867289624,30
3,0-1-1-1-1-0-2-2-2-2,0,28,0.8688182475342204,0.8432300525422229,30
3,0-1-1-1-1-1-0-0-0-2,0,28,0.9558018145750239,0.9267346246702189,30
3,0-1-1-1-1-1-0-0-1-2,1,27,1.0485460599253622,0.9698832811341056,30
3,0-1-1-1-1-1-0-0-2-0,0,29,0.9558018145750239,0.9291734419120358,30
3,0-1-1-1-1-1-0-0-2-1,0,26,1.0485460599253622,0.9790735172934684,30
3,0-1-1-1-1-1-0-0-2-2,0,26,0.9438788591720301,0.9139072060907775,30
3,0-1-1-1-1-1-0-1-0-2,0,28,1.1128686052032708,0.9880515605987977,30
3,0-1-1-1-1-1-0-1-1-2,1,27,1.2122985933313613,1.0334062117094118,30
3,0-1-1-1-1-1-0-1-2-0,0,29,1.1128686052032708,0.9899327769999288,30
3,0-1-1-1-1-1-0-1-2-1,0,26,1.2122985933313613,1.0424226473252007,30
3,0-1-1-1-1-1-0-1-2-2,0,26,1.1128686052032708,0.9785490288954636,30
3,0-1-1-1-1-1-0-2-0-0,0,29,0.9462754685515714,0.9232387468587434,30
3,0-1-1-1-1-1-0-2-0-1,0,28,1.04421689155261,0.974298274939076,30
3,0-1-1-1-1-1-0-2-0-2,0,28,0.9438788591720301,0.909705576197991,30
3,0-1-1-1-1-1-0-2-1-0,1,30,1.04421689155261,0.9669885065937367,30
3,0-1-1-1-1-1-0-2-1-1,1,27,1.1456528009692608,1.0198427167092299,30
3,0-1-1-1-1-1-0-2-1-2,1,27,1.0485460599253622,0.9562027758770947,30
3,0-1-1-1-1-1-0-2-2-0,0,29,0.9438788591720301,0.9113067803587616,30
3,0-1-1-1-1-1-0-2-2-1,0,26,1.0485460599253622,0.9651061691969796,30
3,0-1-1-1-1-1-0-2-2-2,0,26,0.9558018145750239,0.902108391317135,30
3,0-1-1-1-1-1-1-0-0-2,0,28,1.0485460599253622,0.9700282308721715,30
3,0-1-1-1-1-1-1-0-1-2,1,27,1.1456528009692608,1.014789247466102,30
3,0-1-1-1-1-1-1-0-2-0,0,26,1.0485460599253622,0.9720638071716698,30
3,0-1-1-1-1-1-1-0-2-1,0,26,1.1456528009692608,1.0238562077179996,30
3,0-1-1-1-1-1-1-0-2-2,0,26,1.04421689155261,0.9596077595989427,30
3,0-1-1-1-1-1-1-1-0-2,0,28,1.2122985933313613,1.0335579471776823,30
3,0-1-1-1-1-1-1-1-1-2,1,25,1.3145489705153397,1.0802455627286969,30
3,0-1-1-1-1-1-1-1-2-0,0,26,1.2122985933313613,1.035079756677375,30
3,0-1-1-1-1-1-1-1-2-1,0,24,1.3145489705153397,1.089137271935839,30
3,0-1-1-1-1-1-1-1-2-2,0,24,1.2178907028814228,1.0261858079978436,30
3,0-1-1-1-1-1-1-2-0-0,0,28,1.04421689155261,0.9671353559720884,30
3,0-1-1-1-1-1-1-2-0-1,0,28,1.1456528009692608,1.019995080075425,30
3,0-1-1-1-1-1-1-2-0-2,0,28,1.0485460599253622,0.95635827978593,30
3,0-1-1-1-1-1-1-2-1-0,1,27,1.1456528009692608,1.0124493659326155,30
3,0-1-1-1-1-1-1-2-1-1,1,25,1.2497325848665581,1.066872970543678,30
3,0-1-1-1-1-1-1-2-1-2,1,25,1.1554956288630989,1.0041845478633202,30
3,0-1-1-1-1-1-1-2-2-0,0,26,1.0485460599253622,0.9575823869565037,30
3,0-1-1-1-1-1-1-2-2-1,0,24,1.1554956288630989,1.0129490211567362,30
3,0-1-1-1-1-1-1-2-2-2,0,24,1.0656868829585104,0.9509781492998044,30
3,0-1-1-1-1-1-2-0-0-0,0,28,0.9558018145750239,0.9291233822736531,30
3,0-1-1-1-1-1-2-0-0-1,0,28,1.0485460599253622,0.9790328454304,30
3,0-1-1-1-1-1-2-0-0-2,0,31,0.9438788591720301,0.9138709577089982,30
3,0-1-1-1-1-1-2-0-1-0,1,27,1.0485460599253622,0.971878189751003,30
3,0-1-1-1-1-1-2-0-1-1,1,27,1.1456528009692608,1.0236734434135335,30
3,0-1-1-1-1-1-2-0-1-2,1,30,1.04421689155261,0.959426708308809,30
3,0-1-1-1-1-1-2-0-2-0,0,26,0.9438788591720301,0.9157185483543108,30
3,0-1-1-1-1-1-2-0-2-1,0,26,1.04421689155261,0.9684203827833756,30
3,0-1-1-1-1-1-2-0-2-2,0,29,0.9462754685515714,0.9047405029891036,30
3,0-1-1-1-1-1-2-1-0-0,0,28,1.1128686052032708,0.9898939833973481,30
3,0-1-1-1-1-1-2-1-0-1,0,28,1.2122985933313613,1.0423922279435545,30
3,0-1-1-1-1-1-2-1-0-2,0,31,1.1128686052032708,0.9785234636972537,30
3,0-1-1-1-1-1-2-1-1-0,1,27,1.2122985933313613,1.0348976046592213,30
3,0-1-1-1-1-1-2-1-1-1,1,25,1.3145489705153397,1.0889580160560708,30
3,0-1-1-1-1-1-2-1-1-2,1,28,1.2178907028814228,1.026008600263885,30
3,0-1-1-1-1-1-2-1-2-0,0,26,1.1128686052032708,0.97983840374181,30
3,0-1-1-1-1-1-2-1-2-1,0,24,1.2178907028814228,1.0348126791861494,30
3,0-1-1-1-1-1-2-1-2-2,0,27,1.1250139119098448,0.9725360755157728,30
3,0-1-1-1-1-1-2-2-0-0,0,28,0.9438788591720301,0.9112735398165778,30
3,0-1-1-1-1-1-2-2-0-1,0,28,1.0485460599253622,0.9650817167977133,30
3,0-1-1-1-1-1-2-2-0-2,0,31,0.9558018145750239,0.9020896506407278,30
3,0-1-1-1-1-1-2-2-1-0,1,27,1.0485460599253622,0.9574024333395156,30
3,0-1-1-1-1-1-2-2-1-1,1,25,1.1554956288630989,1.012772296809274,30
3,0-1-1-1-1-1-2-2-1-2,1,28,1.0656868829585104,0.9508039849695417,30
3,0-1-1-1-1-1-2-2-2-0,0,26,0.9558018145750239,0.9030701313958959,30
3,0-1-1-1-1-1-2-2-2-1,0,24,1.0656868829585104,0.9594589324161024,30
3,0-1-1-1-1-1-2-2-2-2,0,27,0.9815226366424475,0.8983356754216076,30
3,0-1-1-1-1-2-0-0-0-0,0,28,0.8688182475342204,0.8818989319312229,30
3,0-1-1-1-1-2-0-0-0-1,0,27,0.9558018145750239,0.929726572525627,30
3,0-1-1-1-1-2-0-0-0-2,0,27,0.8477059953330575,0.8637112600774448,30
3,0-1-1-1-1-2-0-0-1-0,1,29,0.9558018145750239,0.9228438566630129,30
3,0-1-1-1-1-2-0-0-1-1,1,26,1.0485460599253622,0.9728368863237059,30
3,0-1-1-1-1-2-0-0-1-2,1,26,0.9438788591720301,0.9077195180616421,30
3,0-1-1-1-1-2-0-0-2-0,0,28,0.8477059953330575,0.8659612720013664,30
3,0-1-1-1-1-2-0-0-2-1,0,25,0.9438788591720301,0.9168408930514081,30
3,0-1-1-1-1-2-0-0-2-2,0,25,0.842345256615364,0.852212056557452,30
3,0-1-1-1-1-2-0-1-0-0,0,29,1.0170865032260372,0.9401898802076151,30
3,0-1-1-1-1-2-0-1-0-1,0,28,1.1128686052032708,0.9909889958675493,30
3,0-1-1-1-1-2-0-1-0-2,0,28,1.0103836252992022,0.926248685975542,30
3,0-1-1-1-1-2-0-1-1-0,1,30,1.1128686052032708,0.9837164561097433,30
3,0-1-1-1-1-2-0-1-1-1,1,27,1.2122985933313613,1.0363036693939656,30
3,0-1-1-1-1-2-0-1-1-2,1,27,1.1128686052032708,0.9724917524040919,30
3,0-1-1-1-1-2-0-1-2-0,0,29,1.0103836252992022,0.9279133623771878,30
3,0-1-1-1-1-2-0-1-2-1,0,26,1.1128686052032708,0.9814213734223248,30
3,0-1-1-1-1-2-0-1-2-2,0,26,1.0170865032260372,0.9182199494659588,30
3,0-1-1-1-1-2-0-2-0-0,0,28,0.842345256615364,0.8605148608419098,30
3,0-1-1-1-1-2-0-2-0-1,0,27,0.9438788591720301,0.9126115285443539,30
3,0-1-1-1-1-2-0-2-0-2,0,27,0.8477059953330575,0.848642236716894,30
3,0-1-1-1-1-2-0-2-1-0,1,29,0.9438788591720301,0.9051540654151307,30
3,0-1-1-1-1-2-0-2-1-1,1,26,1.0485460599253622,0.9590635581296744,30
3,0-1-1-1-1-2-0-2-1-2,1,26,0.9558018145750239,0.8961440885225325,30
3,0-1-1-1-1-2-0-2-2-0,0,28,0.8477059953330575,0.8499853067739673,30
3,0-1-1-1-1-2-0-2-2-1,0,25,0.9558018145750239,0.904937303397416,30
3,0-1-1-1-1-2-0-2-2-2,0,25,0.8688182475342204,0.8427976578243664,30
3,0-1-1-1-1-2-1-0-0-0,0,27,0.9558018145750239,0.9229820186283405,30
3,0-1-1-1-1-2-1-0-0-1,0,27,1.0485460599253622,0.9729817069138161,30
3,0-1-1-1-1-2-1-0-0-2,0,27,0.9438788591720301,0.9078673538760006,30
3,0-1-1-1-1-2-1-0-1-0,1,26,1.0485460599253622,0.9658140597306984,30
3,0-1-1-1-1-2-1-0-1-1,1,26,1.1456528009692608,1.0177030231573898,30
3,0-1-1-1-1-2-1-0-1-2,1,26,1.04421689155261,0.9535127941156946,30
3,0-1-1-1-1-2-1-0-2-0,0,25,0.9438788591720301,0.9096933395312657,30
3,0-1-1-1-1-2-1-0-2-1,0,25,1.04421689155261,0.9624978401593868,30
3,0-1-1-1-1-2-1-0-2-2,0,25,0.9462754685515714,0.8988850580595013,30
3,0-1-1-1-1-2-1-1-0-0,0,28,1.1128686052032708,0.9838625569970157,30
3,0-1-1-1-1-2-1-1-0-1,0,28,1.2122985933313613,1.0364552725059233,30
3,0-1-1-1-1-2-1-1-0-2,0,28,1.1128686052032708,0.9726464205284177,30
3,0-1-1-1-1-2-1-1-1-0,1,27,1.2122985933313613,1.0289472872115577,30
3,0-1-1-1-1-2-1-1-1-1,1,25,1.3145489705153397,1.0831027517263387,30
3,0-1-1-1-1-2-1-1-1-2,1,25,1.2178907028814228,1.0202208453135637,30
3,0-1-1-1-1-2-1-1-2-0,0,26,1.1128686052032708,0.9739377265028509,30
3,0-1-1-1-1-2-1-1-2-1,0,24,1.2178907028814228,1.02901468453877,30
3,0-1-1-1-1-2-1-1-2-2,0,24,1.1250139119098448,0.9668170837878801,30
3,0-1-1-1-1-2-1-2-0-0,0,27,0.9438788591720301,0.9053038860640258,30
3,0-1-1-1-1-2-1-2-0-1,0,27,1.0485460599253622,0.9592189135873918,30
3,0-1-1-1-1-2-1-2-0-2,0,27,0.9558018145750239,0.8963028825191499,30
3,0-1-1-1-1-2-1-2-1-0,1,26,1.0485460599253622,0.9515246271922808,30
3,0-1-1-1-1-2-1-2-1-1,1,24,1.1554956288630989,1.0070004788018123,30
3,0-1-1-1-1-2-1-2-1-2,1,24,1.0656868829585104,0.9451165919023854,30
3,0-1-1-1-1-2-1-2-2-0,0,25,0.9558018145750239,0.8972554201207136,30
3,0-1-1-1-1-2-1-2-2-1,0,23,1.0656868829585104,0.9537586759990225,30
3,0-1-1-1-1-2-1-2-2-2,0,23,0.9815226366424475,0.8927351623622932,30
3,0-1-1-1-1-2-2-0-0-0,0,27,0.8477059953330575,0.8659149379939022,30
3,0-1-1-1-1-2-2-0-0-1,0,27,0.9438788591720301,0.9168044307480363,30
3,0-1-1-1-1-2-2-0-0-2,0,30,0.842345256615364,0.8521806828619021,30
3,0-1-1-1-1-2-2-0-1-0,1,26,0.9438788591720301,0.9095090457448582,30
3,0-1-1-1-1-2-2-0-1-1,1,26,1.04421689155261,0.9623167039922413,30
3,0-1-1-1-1-2-2-0-1-2,1,29,0.9462754685515714,0.8987059951619204,30
3,0-1-1-1-1-2-2-0-2-0,0,25,0.842345256615364,0.8537902622592926,30
3,0-1-1-1-1-2-2-0-2-1,0,25,0.9462754685515714,0.9076023476023514,30
3,0-1-1-1-1-2-2-0-2-2,0,28,0.8530330460801714,0.8446810631376241,30
3,0-1-1-1-1-2-2-1-0-0,0,28,1.0103836252992022,0.9278788629812633,30
3,0-1-1-1-1-2-2-1-0-1,0,28,1.1128686052032708,0.9813955748486922,30
3,0-1-1-1-1-2-2-1-0-2,0,31,1.0170865032260372,0.918199664317554,30
3,0-1-1-1-1-2-2-1-1-0,1,27,1.1128686052032708,0.9737572625429874,30
3,0-1-1-1-1-2-2-1-1-1,1,25,1.2178907028814228,1.0288373760769614,30
3,0-1-1-1-1-2-2-1-1-2,1,28,1.1250139119098448,0.9666422143621394,30
3,0-1-1-1-1-2-2-1-2-0,0,26,1.0170865032260372,0.919255848620908,30
3,0-1-1-1-1-2-2-1-2-1,0,24,1.1250139119098448,0.9753317026710446,30
3,0-1-1-1-1-2-2-1-2-2,0,27,1.0369352001740495,0.9139408101741238,30
3,0-1-1-1-1-2-2-2-0-0,0,27,0.8477059953330575,0.8499571866131873,30
3,0-1-1-1-1-2-2-2-0-1,0,27,0.9558018145750239,0.9049182870608399,30
3,0-1-1-1-1-2-2-2-0-2,0,30,0.8688182475342204,0.8427851808404939,30
3,0-1-1-1-1-2-2-2-1-0,1,26,0.9558018145750239,0.8970776121912081,30
3,0-1-1-1-1-2-2-2-1-1,1,24,1.0656868829585104,0.9535843851327058,30
3,0-1-1-1-1-2-2-2-1-2,1,27,0.9815226366424475,0.8925639525041774,30
3,0-1-1-1-1-2-2-2-2-0,0,25,0.8688182475342204,0.8434585637126958,30
3,0-1-1-1-1-2-2-2-2-1,0,23,0.9815226366424475,0.9010742260925368,30
3,0-1-1-1-1-2-2-2-2-2,0,26,0.9045797972080061,0.8410749317163986,30
3,0-1-1-1-2-0-0-0-0-0,0,27,0.904579797208006,0.6992494630912937,30
3,0-1-1-1-2-0-0-0-0-1,0,26,0.9815226366424475,0.7461994096801043,30
3,0-1-1-1-2-0-0-0-0-2,0,28,0.8688182475342204,0.6800317248371186,30
3,0-1-1-1-2-0-0-0-1-0,1,29,0.9815226366424475,0.7393936715689342,30
3,0-1-1-1-2-0-0-0-1-1,1,26,1.0656868829585104,0.7891082302334604,30
3,0-1-1-1-2-0-0-0-1-2,1,28,0.9558018145750239,0.724057222706834,30
3,0-1-1-1-2-0-0-0-2-0,0,30,0.8688182475342204,0.6823474792866292,30
3,0-1-1-1-2-0-0-0-2-1,0,27,0.9558018145750239,0.7331605246523786,30
3,0-1-1-1-2-0-0-0-2-2,0,27,0.8477059953330575,0.6687424524679304,30
3,0-1-1-1-2-0-0-1-0-0,0,28,1.0369352001740495,0.7565718036743192,30
3,0-1-1-1-2-0-0-1-0-1,0,27,1.1250139119098448,0.8072924173157033,30
3,0-1-1-1-2-0-0-1-0-2,0,29,1.0170865032260372,0.742712886686349,30
3,0-1-1-1-2-0-0-1-1-0,1,30,1.1250139119098448,0.8000000509842548,30
3,0-1-1-1-2-0-0-1-1-1,1,27,1.2178907028814228,0.8529040301275113,30
3,0-1-1-1-2-0-0-1-1-2,1,29,1.1128686052032708,0.7894834669301363,30
3,0-1-1-1-2-0-0-1-2-0,0,31,1.0170865032260372,0.7442930630732106,30
3,0-1-1-1-2-0-0-1-2-1,0,28,1.1128686052032708,0.7983450643209251,30
3,0-1-1-1-2-0-0-1-2-2,0,28,1.0103836252992022,0.7357436725969041,30
3,0-1-1-1-2-0-0-2-0-0,0,29,0.8530330460801713,0.6767880838098269,30
3,0-1-1-1-2-0-0-2-0-1,0,28,0.9462754685515714,0.7291324026155495,30
3,0-1-1-1-2-0-0-2-0-2,0,28,0.842345256615364,0.6655763300369139,30
3,0-1-1-1-2-0-0-2-1-0,1,31,0.9462754685515714,0.7216081340161287,30
3,0-1-1-1-2-0-0-2-1-1,1,28,1.04421689155261,0.776167056327249,30
3,0-1-1-1-2-0-0-2-1-2,1,28,0.9438788591720301,0.7139541755903731,30
3,0-1-1-1-2-0-0-2-2-0,0,30,0.842345256615364,0.6667356138525994,30
3,0-1-1-1-2-0-0-2-2-1,0,27,0.9438788591720301,0.7226277423283786,30
3,0-1-1-1-2-0-0-2-2-2,0,27,0.8477059953330575,0.6615218587396439,30
3,0-1-1-1-2-0-1-0-0-0,0,26,0.9815226366424475,0.7395301466303479,30
3,0-1-1-1-2-0-1-0-0-1,0,26,1.0656868829585104,0.7892530689882908,30
3,0-1-1-1-2-0-1-0-0-2,0,28,0.9558018145750239,0.7242058297238548,30
3,0-1-1-1-2-0-1-0-1-0,1,26,1.0656868829585104,0.782089484215742,30
3,0-1-1-1-2-0-1-0-1-1,1,26,1.1554956288630989,0.8341490157913624,30
3,0-1-1-1-2-0-1-0-1-2,1,28,1.0485460599253622,0.7702569262252817,30
3,0-1-1-1-2-0-1-0-2-0,0,27,0.9558018145750239,0.7259862777229096,30
3,0-1-1-1-2-0-1-0-2-1,0,27,1.0485460599253622,0.7791881477669936,30
3,0-1-1-1-2-0-1-0-2-2,0,27,0.9438788591720301,0.7160658988985581,30
3,0-1-1-1-2-0-1-1-0-0,0,27,1.1250139119098448,0.8001464615323467,30
3,0-1-1-1-2-0-1-1-0-1,0,27,1.2178907028814228,0.8530570523722388,30
3,0-1-1-1-2-0-1-1-0-2,0,29,1.1128686052032708,0.7896403033768739,30
3,0-1-1-1-2-0-1-1-1-0,1,27,1.2178907028814228,0.8454818040534924,30
3,0-1-1-1-2-0-1-1-1-1,1,27,1.3145489705153397,0.9002424705474334,30
3,0-1-1-1-2-0-1-1-1-2,1,29,1.2122985933313613,0.8379734213244442,30
3,0-1-1-1-2-0-1-1-2-0,0,28,1.1128686052032708,0.7907645644173319,30
3,0-1-1-1-2-0-1-1-2-1,0,28,1.2122985933313613,0.8466658703902447,30
3,0-1-1-1-2-0-1-1-2-2,0,28,1.1128686052032708,0.7853222875005139,30
3,0-1-1-1-2-0-1-2-0-0,0,28,0.9462754685515714,0.7217592093985772,30
3,0-1-1-1-2-0-1-2-0-1,0,28,1.04421689155261,0.7763247569590086,30
3,0-1-1-1-2-0-1-2-0-2,0,28,0.9438788591720301,0.7141162426030638,30
3,0-1-1-1-2-0-1-2-1-0,1,28,1.04421689155261,0.7685170646549992,30
3,0-1-1-1-2-0-1-2-1-1,1,28,1.1456528009692608,0.8249165416417967,30
3,0-1-1-1-2-0-1-2-1-2,1,28,1.0485460599253622,0.7640069733386309,30
3,0-1-1-1-2-0-1-2-2-0,0,27,0.9438788591720301,0.7147961888227945,30
3,0-1-1-1-2-0-1-2-2-1,0,27,1.0485460599253622,0.7724894099712031,30
3,0-1-1-1-2-0-1-2-2-2,0,27,0.9558018145750239,0.7128003179334113,30
3,0-1-1-1-2-0-2-0-0-0,0,28,0.8688182475342204,0.6822995542501025,30
3,0-1-1-1-2-0-2-0-0-1,0,28,0.9558018145750239,0.7331250507128992,30
3,0-1-1-1-2-0-2-0-0-2,0,31,0.8477059953330575,0.6687135699537066,30
3,0-1-1-1-2-0-2-0-1-0,1,28,0.9558018145750239,0.7258022034026367,30
3,0-1-1-1-2-0-2-0-1-1,1,28,1.0485460599253622,0.7790080531095596,30
3,0-1-1-1-2-0-2-0-1-2,1,31,0.9438788591720301,0.7158886229161107,30
3,0-1-1-1-2-0-2-0-2-0,0,27,0.8477059953330575,0.6702140599899838,30
3,0-1-1-1-2-0-2-0-2-1,0,27,0.9438788591720301,0.7246992959203292,30
3,0-1-1-1-2-0-2-0-2-2,0,29,0.842345256615364,0.6625383711236061,30
3,0-1-1-1-2-0-2-1-0-0,0,29,1.0170865032260372,0.7442600244769829,30
3,0-1-1-1-2-0-2-1-0-1,0,29,1.1128686052032708,0.7983226464621477,30
3,0-1-1-1-2-0-2-1-0-2,0,32,1.0103836252992022,0.7357284442838228,30
3,0-1-1-1-2-0-2-1-1-0,1,29,1.1128686052032708,0.7905853137427892,30
3,0-1-1-1-2-0-2-1-1-1,1,29,1.2122985933313613,0.8464905505781821,30
3,0-1-1-1-2-0-2-1-1-2,1,32,1.1128686052032708,0.7851503187580451,30
3,0-1-1-1-2-0-2-1-2-0,0,28,1.0103836252992022,0.7365461202676882,30
3,0-1-1-1-2-0-2-1-2-1,0,28,1.1128686052032708,0.7936994243084043,30
3,0-1-1-1-2-0-2-1-2-2,0,30,1.0170865032260372,0.7334838764879023,30
3,0-1-1-1-2-0-2-2-0-0,0,28,0.842345256615364,0.6667108969632074,30
3,0-1-1-1-2-0-2-2-0-1,0,28,0.9438788591720301,0.7226141993940197,30
3,0-1-1-1-2-0-2-2-0-2,0,31,0.8477059953330575,0.6615171823972316,30
3,0-1-1-1-2-0-2-2-1-0,1,28,0.9438788591720301,0.714620581590157,30
3,0-1-1-1-2-0-2-2-1-1,1,28,1.0485460599253622,0.7723182548413257,30
3,0-1-1-1-2-0-2-2-1-2,1,31,0.9558018145750239,0.7126336107396299,30
3,0-1-1-1-2-0-2-2-2-0,0,27,0.8477059953330575,0.66181842082623,30
3,0-1-1-1-2-0-2-2-2-1,0,27,0.9558018145750239,0.720925799391006,30
3,0-1-1-1-2-0-2-2-2-2,0,29,0.8688182475342204,0.6627444716591259,30
3,0-1-1-1-2-1-0-0-0-0,0,28,0.9815226366424475,0.7440045018780694,30
3,0-1-1-1-2-1-0-0-0-1,0,27,1.0656868829585104,0.7939982262446428,30
3,0-1-1-1-2-1-0-0-0-2,0,29,0.9558018145750239,0.7290743463543233,30
3,0-1-1-1-2-1-0-0-1-0,1,30,1.0656868829585104,0.7867996900661502,30
3,0-1-1-1-2-1-0-0-1-1,1,27,1.1554956288630989,0.8390883665297212,30
3,0-1-1-1-2-1-0-0-1-2,1,29,1.0485460599253622,0.7753212115192001,30
3,0-1-1-1-2-1-0-0-2-0,0,31,0.9558018145750239,0.7308008630574426,30
3,0-1-1-1-2-1-0-0-2-1,0,28,1.0485460599253622,0.7842339644242451,30
3,0-1-1-1-2-1-0-0-2-2,0,28,0.9438788591720301,0.7212500642878126,30
3,0-1-1-1-2-1-0-1-0-0,0,28,1.1250139119098448,0.8049425134758503,30
3,0-1-1-1-2-1-0-1-0-1,0,27,1.2178907028814228,0.8580672118386587,30
3,0-1-1-1-2-1-0-1-0-2,0,29,1.1128686052032708,0.7947750351397821,30
3,0-1-1-1-2-1-0-1-1-0,1,30,1.2178907028814228,0.8504642855589214,30
3,0-1-1-1-2-1-0-1-1-1,1,27,1.3145489705153397,0.9054067821347032,30
3,0-1-1-1-2-1-0-1-1-2,1,29,1.2122985933313613,0.8432597064594806,30
3,0-1-1-1-2-1-0-1-2-0,0,31,1.1128686052032708,0.7958534107485021,30
3,0-1-1-1-2-1-0-1-2-1,0,28,1.2122985933313613,0.8519343087809265,30
3,0-1-1-1-2-1-0-1-2-2,0,28,1.1128686052032708,0.7907228389095433,30
3,0-1-1-1-2-1-0-2-0-0,0,30,0.9462754685515714,0.726707872477357,30
3,0-1-1-1-2-1-0-2-0-1,0,29,1.04421689155261,0.7814876961084185,30
3,0-1-1-1-2-1-0-2-0-2,0,29,0.9438788591720301,0.7194216018334879,30
3,0-1-1-1-2-1-0-2-1-0,1,32,1.04421689155261,0.7736526249955196,30
3,0-1-1-1-2-1-0-2-1-1,1,29,1.1456528009692608,0.8302301617643486,30
3,0-1-1-1-2-1-0-2-1-2,1,29,1.0485460599253622,0.7694569633662519,30
3,0-1-1-1-2-1-0-2-2-0,0,31,0.9438788591720301,0.7200538397149943,30
3,0-1-1-1-2-1-0-2-2-1,0,28,1.0485460599253622,0.7779194973664336,30
3,0-1-1-1-2-1-0-2-2-2,0,28,0.9558018145750239,0.7183771234142432,30
3,0-1-1-1-2-1-1-0-0-0,0,27,1.0656868829585104,0.7869441850034061,30
3,0-1-1-1-2-1-1-0-0-1,0,27,1.1554956288630989,0.8392398087163989,30
3,0-1-1-1-2-1-1-0-0-2,0,29,1.0485460599253622,0.775476476037316,30
3,0-1-1-1-2-1-1-0-1-0,1,27,1.1554956288630989,0.8317440335866835,30
3,0-1-1-1-2-1-1-0-1-1,1,27,1.2497325848665581,0.885982784100927,30
3,0-1-1-1-2-1-1-0-1-2,1,29,1.1456528009692608,0.8233731092462793,30
3,0-1-1-1-2-1-1-0-2-0,0,28,1.0485460599253622,0.7767311759887405,30
3,0-1-1-1-2-1-1-0-2-1,0,28,1.1456528009692608,0.832115467361817,30
3,0-1-1-1-2-1-1-0-2-2,0,28,1.04421689155261,0.770401833085794,30
3,0-1-1-1-2-1-1-1-0-0,0,27,1.2178907028814228,0.8506170355352296,30
3,0-1-1-1-2-1-1-1-0-1,0,27,1.3145489705153397,0.9055650462188514,30
3,0-1-1-1-2-1-1-1-0-2,0,29,1.2122985933313613,0.8434216967228158,30
3,0-1-1-1-2-1-1-1-1-0,1,27,1.3145489705153397,0.8977261975547911,30
3,0-1-1-1-2-1-1-1-1-1,1,25,1.41421356136352,0.9542201463285679,30
3,0-1-1-1-2-1-1-1-1-2,1,27,1.3145489705153397,0.8931884841300273,30
3,0-1-1-1-2-1-1-1-2-0,0,28,1.2122985933313613,0.8440986372181003,30
3,0-1-1-1-2-1-1-1-2-1,0,26,1.3145489705153397,0.9017004747643881,30
3,0-1-1-1-2-1-1-1-2-2,0,26,1.2178907028814228,0.8416878143385627,30
3,0-1-1-1-2-1-1-2-0-0,0,29,1.04421689155261,0.7738100563054529,30
3,0-1-1-1-2-1-1-2-0-1,0,29,1.1456528009692608,0.8303929866313803,30
3,0-1-1-1-2-1-1-2-0-2,0,29,1.0485460599253622,0.7696239493304327,30
3,0-1-1-1-2-1-1-2-1-0,1,29,1.1456528009692608,0.8223271788676054,30
3,0-1-1-1-2-1-1-2-1-1,1,27,1.2497325848665581,0.880407603445138,30
3,0-1-1-1-2-1-1-2-1-2,1,27,1.1554956288630989,0.8208675497875034,30
3,0-1-1-1-2-1-1-2-2-0,0,28,1.0485460599253622,0.7698429516587756,30
3,0-1-1-1-2-1-1-2-2-1,0,26,1.1554956288630989,0.8291508935483891,30
3,0-1-1-1-2-1-1-2-2-2,0,26,1.0656868829585104,0.7709229795866388,30
3,0-1-1-1-2-1-2-0-0-0,0,29,0.9558018145750239,0.7307648606688474,30
3,0-1-1-1-2-1-2-0-0-1,0,29,1.0485460599253622,0.7842089497911852,30
3,0-1-1-1-2-1-2-0-0-2,0,32,0.9438788591720301,0.7212321450437214,30
3,0-1-1-1-2-1-2-0-1-0,1,29,1.0485460599253622,0.7765509010188728,30
3,0-1-1-1-2-1-2-0-1-1,1,29,1.1456528009692608,0.8319391488023498,30
3,0-1-1-1-2-1-2-0-1-2,1,32,1.04421689155261,0.7702287662607075,30
3,0-1-1-1-2-1-2-0-2-0,0,28,0.9438788591720301,0.7221844763230817,30
3,0-1-1-1-2-1-2-0-2-1,0,28,1.04421689155261,0.7788320346727772,30
3,0-1-1-1-2-1-2-0-2-2,0,30,0.9462754685515714,0.7182158403924079,30
3,0-1-1-1-2-1-2-1-0-0,0,29,1.1128686052032708,0.7958305426391891,30
3,0-1-1-1-2-1-2-1-0-1,0,29,1.2122985933313613,0.8519208023687208,30
3,0-1-1-1-2-1-2-1-0-2,0,32,1.1128686052032708,0.7907167513318953,30
3,0-1-1-1-2-1-2-1-1-0,1,29,1.2122985933313613,0.8439231424835562,30
3,0-1-1-1-2-1-2-1-1-1,1,27,1.3145489705153397,0.9015287690490086,30
3,0-1-1-1-2-1-2-1-1-2,1,30,1.2178907028814228,0.8415197702401659,30
3,0-1-1-1-2-1-2-1-2-0,0,28,1.1128686052032708,0.7910767267589189,30
3,0-1-1-1-2-1-2-1-2-1,0,26,1.2178907028814228,0.8498751164594978,30
3,0-1-1-1-2-1-2-1-2-2,0,28,1.1250139119098448,0.7910841712179603,30
3,0-1-1-1-2-1-2-2-0-0,0,29,0.9438788591720301,0.7200398283013056,30
3,0-1-1-1-2-1-2-2-0-1,0,29,1.0485460599253622,0.7779151319185661,30
3,0-1-1-1-2-1-2-2-0-2,0,32,0.9558018145750239,0.7183817128540556,30
3,0-1-1-1-2-1-2-2-1-0,1,29,1.0485460599253622,0.7696716010049822,30
3,0-1-1-1-2-1-2-2-1-1,1,27,1.1554956288630989,0.8289837281960366,30
3,0-1-1-1-2-1-2-2-1-2,1,30,1.0656868829585104,0.77076055261202,30
3,0-1-1-1-2-1-2-2-2-0,0,28,0.9558018145750239,0.7182175771525845,30
3,0-1-1-1-2-1-2-2-2-1,0,26,1.0656868829585104,0.7788411977450189,30
3,0-1-1-1-2-1-2-2-2-2,0,28,0.9815226366424475,0.7222025126281431,30
3,0-1-1-1-2-2-0-0-0-0,0,29,0.8688182475342204,0.6807621213591565,30
3,0-1-1-1-2-2-0-0-0-1,0,28,0.9558018145750239,0.7319932935461623,30
3,0-1-1-1-2-2-0-0-0-2,0,28,0.8477059953330575,0.66780022321068,30
3,0-1-1-1-2-2-0-0-1-0,1,31,0.9558018145750239,0.7246165796995401,30
3,0-1-1-1-2-2-0-0-1-1,1,28,1.0485460599253622,0.7781846526288735,30
3,0-1-1-1-2-2-0-0-1-2,1,28,0.9438788591720301,0.7152983886914157,30
3,0-1-1-1-2-2-0-0-2-0,0,30,0.8477059953330575,0.6692108787844102,30
3,0-1-1-1-2-2-0-0-2-1,0,27,0.9438788591720301,0.7240737816333374,30
3,0-1-1-1-2-2-0-0-2-2,0,27,0.842345256615364,0.6621845079875689,30
3,0-1-1-1-2-2-0-1-0-0,0,30,1.0170865032260372,0.743207563680017,30
3,0-1-1-1-2-2-0-1-0-1,0,29,1.1128686052032708,0.7976158249416012,30
3,0-1-1-1-2-2-0-1-0-2,0,29,1.0103836252992022,0.7352589732451242,30
3,0-1-1-1-2-2-0-1-1-0,1,32,1.1128686052032708,0.7898326417326007,30
3,0-1-1-1-2-2-0-1-1-1,1,29,1.2122985933313613,0.8460462005853491,30
3,0-1-1-1-2-2-0-1-1-2,1,29,1.1128686052032708,0.7849499359951864,30
3,0-1-1-1-2-2-0-1-2-0,0,31,1.0103836252992022,0.7359936248947444,30
3,0-1-1-1-2-2-0-1-2-1,0,28,1.1128686052032708,0.7934624518009978,30
3,0-1-1-1-2-2-0-1-2-2,0,28,1.0170865032260372,0.7335256921229922,30
3,0-1-1-1-2-2-0-2-0-0,0,29,0.842345256615364,0.6659339556858239,30
3,0-1-1-1-2-2-0-2-0-1,0,28,0.9438788591720301,0.7222003544986535,30
3,0-1-1-1-2-2-0-2-0-2,0,28,0.8477059953330575,0.6613958808044765,30
3,0-1-1-1-2-2-0-2-1-0,1,31,0.9438788591720301,0.7141590535741641,30
3,0-1-1-1-2-2-0-2-1-1,1,28,1.0485460599253622,0.7721745415364837,30
3,0-1-1-1-2-2-0-2-1-2,1,28,0.9558018145750239,0.7127847898615448,30
3,0-1-1-1-2-2-0-2-2-0,0,30,0.8477059953330575,0.6616042361400233,30
3,0-1-1-1-2-2-0-2-2-1,0,27,0.9558018145750239,0.7210325991432677,30
3,0-1-1-1-2-2-0-2-2-2,0,27,0.8688182475342204,0.6631905406296937,30
3,0-1-1-1-2-2-1-0-0-0,0,28,0.9558018145750239,0.7247646546956881,30
3,0-1-1-1-2-2-1-0-0-1,0,28,1.0485460599253622,0.778339734546655,30
3,0-1-1-1-2-2-1-0-0-2,0,28,0.9438788591720301,0.7154577470531743,30
3,0-1-1-1-2-2-1-0-1-0,1,28,1.0485460599253622,0.7706632598075609,30
3,0-1-1-1-2-2-1-0-1-1,1,28,1.1456528009692608,0.8261814859870286,30
3,0-1-1-1-2-2-1-0-1-2,1,28,1.04421689155261,0.7645785559285069,30
3,0-1-1-1-2-2-1-0-2-0,0,27,0.9438788591720301,0.7163748361812069,30
3,0-1-1-1-2-2-1-0-2-1,0,27,1.04421689155261,0.7731651625868234,30
3,0-1-1-1-2-2-1-0-2-2,0,27,0.9462754685515714,0.7126808115337583,30
3,0-1-1-1-2-2-1-1-0-0,0,29,1.1128686052032708,0.7899890259845442,30
3,0-1-1-1-2-2-1-1-0-1,0,29,1.2122985933313613,0.8462080148645199,30
3,0-1-1-1-2-2-1-1-0-2,0,29,1.1128686052032708,0.7851158176229325,30
3,0-1-1-1-2-2-1-1-1-0,1,29,1.2122985933313613,0.8381925280233273,30
3,0-1-1-1-2-2-1-1-1-1,1,27,1.3145489705153397,0.8959224896003004,30
3,0-1-1-1-2-2-1-1-1-2,1,27,1.2178907028814228,0.8360343443819241,30
3,0-1-1-1-2-2-1-1-2-0,0,28,1.1128686052032708,0.7854392154470234,30
3,0-1-1-1-2-2-1-1-2-1,0,26,1.2178907028814228,0.8443711443750546,30
3,0-1-1-1-2-2-1-1-2-2,0,26,1.1250139119098448,0.7857251409750573,30
3,0-1-1-1-2-2-1-2-0-0,0,28,0.9438788591720301,0.7143206506724767,30
3,0-1-1-1-2-2-1-2-0-1,0,28,1.0485460599253622,0.7723413315617783,30
3,0-1-1-1-2-2-1-2-0-2,0,28,0.9558018145750239,0.7129560860714635,30
3,0-1-1-1-2-2-1-2-1-0,1,28,1.0485460599253622,0.7640779057574838,30
3,0-1-1-1-2-2-1-2-1-1,1,26,1.1554956288630989,0.8235273138279835,30
3,0-1-1-1-2-2-1-2-1-2,1,26,1.0656868829585104,0.7654606193673144,30
3,0-1-1-1-2-2-1-2-2-0,0,27,0.9558018145750239,0.7127475645217687,30
3,0-1-1-1-2-2-1-2-2-1,0,25,1.0656868829585104,0.7735171337723837,30
3,0-1-1-1-2-2-1-2-2-2,0,25,0.9815226366424475,0.7170680089875882,30
3,0-1-1-1-2-2-2-0-0-0,0,28,0.8477059953330575,0.6691811125009764,30
3,0-1-1-1-2-2-2-0-0-1,0,28,0.9438788591720301,0.7240555145336666,30
3,0-1-1-1-2-2-2-0-0-2,0,31,0.842345256615364,0.662174641110423,30
3,0-1-1-1-2-2-2-0-1-0,1,28,0.9438788591720301,0.7161972143464347,30
3,0-1-1-1-2-2-2-0-1-1,1,28,1.04421689155261,0.7729919318651925,30
3,0-1-1-1-2-2-2-0-1-2,1,31,0.9462754685515714,0.7125116622803636,30
3,0-1-1-1-2-2-2-0-2-0,0,27,0.842345256615364,0.6627333018319231,30
3,0-1-1-1-2-2-2-0-2-1,0,27,0.9462754685515714,0.7209236999862549,30
3,0-1-1-1-2-2-2-0-2-2,0,29,0.8530330460801714,0.661825032354653,30
3,0-1-1-1-2-2-2-1-0-0,0,29,1.0103836252992022,0.7359775798112689,30
3,0-1-1-1-2-2-2-1-0-1,0,29,1.1128686052032708,0.793456004042043,30
3,0-1-1-1-2-2-2-1-0-2,0,32,1.0170865032260372,0.7335278418505998,30
3,0-1-1-1-2-2-2-1-1-0,1,29,1.1128686052032708,0.7852668871354964,30
3,0-1-1-1-2-2-2-1-1-1,1,27,1.2178907028814228,0.8442029178399632,30
3,0-1-1-1-2-2-2-1-1-2,1,30,1.1250139119098448,0.7855613953491344,30
3,0-1-1-1-2-2-2-1-2-0,0,28,1.0170865032260372,0.7334835136404818,30
3,0-1-1-1-2-2-2-1-2-1,0,26,1.1250139119098448,0.7937065088520826,30
3,0-1-1-1-2-2-2-1-2-2,0,28,1.0369352001740495,0.7365617500658408,30
3,0-1-1-1-2-2-2-2-0-0,0,28,0.8477059953330575,0.6615986460325292,30
3,0-1-1-1-2-2-2-2-0-1,0,28,0.9558018145750239,0.7210367521937536,30
3,0-1-1-1-2-2-2-2-0-2,0,31,0.8688182475342204,0.6632051477489408,30
3,0-1-1-1-2-2-2-2-1-0,1,28,0.9558018145750239,0.7125804205211926,30
3,0-1-1-1-2-2-2-2-1-1,1,26,1.0656868829585104,0.7733544694282966,30
3,0-1-1-1-2-2-2-2-1-2,1,29,0.9815226366424475,0.7169112081178806,30
3,0-1-1-1-2-2-2-2-2-0,0,27,0.8688182475342204,0.6625487408471512,30
3,0-1-1-1-2-2-2-2-2-1,0,25,0.9815226366424475,0.724716902401515,30
3,0-1-1-1-2-2-2-2-2-2,0,27,0.9045797972080061,0.6702418844411959,30
3,0-1-1-2-0-0-0-0-0-0,0,31,0.45904650326084595,0.23980880706048513,30
3,0-1-1-2-0-0-0-0-0-1,0,30,0.5502014847886205,0.27012631024108696,30
3,0-1-1-2-0-0-0-0-0-2,0,30,0.44769222117950547,0.20149296297638433,30
3,0-1-1-2-0-0-0-0-1-0,1,33,0.5502014847886205,0.2649980755290301,30
3,0-1-1-2-0-0-0-0-1-1,1,30,0.6495378550283376,0.3062825324227646,30
3,0-1-1-2-0-0-0-0-1-2,1,30,0.5531873022621191,0.2395363339152951,30
3,0-1-1-2-0-0-0-0-2-0,0,31,0.44769222117950547,0.20592523111062655,30
3,0-1-1-2-0-0-0-0-2-1,0,28,0.5531873022621191,0.248852738371344,30
3,0-1-1-2-0-0-0-0-2-2,0,28,0.4661681318975881,0.18336139475286461,30
3,0-1-1-2-0-0-0-1-0-0,0,32,0.6157544426452327,0.2783092479873813,30
3,0-1-1-2-0-0-0-1-0-1,0,31,0.7186453445552714,0.3230671797365651,30
3,0-1-1-2-0-0-0-1-0-2,0,31,0.6257059807441399,0.25744007163610716,30
3,0-1-1-2-0-0-0-1-1-0,1,34,0.7186453445552714,0.31625583179237876,30
3,0-1-1-2-0-0-0-1-1-1,1,31,0.8251839179287286,0.36750396779197786,30
3,0-1-1-2-0-0-0-1-1-2,1,31,0.7364750211136959,0.30479440473481845,30
3,0-1-1-2-0-0-0-1-2-0,0,32,0.6257059807441399,0.25937612293352913,30
3,0-1-1-2-0-0-0-1-2-1,0,29,0.7364750211136959,0.31345631801245644,30
3,0-1-1-2-0-0-0-1-2-2,0,29,0.6565380298080602,0.25341739523807916,30
3,0-1-1-2-0-0-0-2-0-0,0,31,0.45679822537498516,0.1955281769936948,30
3,0-1-1-2-0-0-0-2-0-1,0,30,0.5686056703607024,0.24376101066955175,30
3,0-1-1-2-0-0-0-2-0-2,0,30,0.4936282683967723,0.18104923018519747,30
3,0-1-1-2-0-0-0-2-1-0,1,33,0.5686056703607024,0.2363683203336051,30
3,0-1-1-2-0-0-0-2-1-1,1,30,0.6820117063295691,0.291861602945668,30
3,0-1-1-2-0-0-0-2-1-2,1,30,0.6098414070828687,0.23340964773497555,30
3,0-1-1-2-0-0-0-2-2-0,0,31,0.4936282683967723,0.18158800180557294,30
3,0-1-1-2-0-0-0-2-2-1,0,28,0.6098414070828687,0.24129834183053375,30
3,0-1-1-2-0-0-0-2-2-2,0,28,0.5530396781051741,0.18880362349392835,30
3,0-1-1-2-0-0-1-0-0-0,0,30,0.5502014847886205,0.26509888692384237,30
3,0-1-1-2-0-0-1-0-0-1,0,30,0.6495378550283376,0.30641344805313186,30
3,0-1-1-2-0-0-1-0-0-2,0,30,0.5531873022621191,0.23967578290874286,30
3,0-1-1-2-0-0-1-0-1-0,1,30,0.6495378550283376,0.2999984492653118,30
3,0-1-1-2-0-0-1-0-1-1,1,30,0.7538281938941017,0.34890672242543896,30
3,0-1-1-2-0-0-1-0-1-2,1,30,0.6624075991465237,0.28500641338838534,30
3,0-1-1-2-0-0-1-0-2-0,0,28,0.5531873022621191,0.24223402635459723,30
3,0-1-1-2-0-0-1-0-2-1,0,28,0.6624075991465237,0.2938564783525616,30
3,0-1-1-2-0-0-1-0-2-2,0,28,0.5800779934182111,0.23231322536855212,30
3,0-1-1-2-0-0-1-1-0-0,0,31,0.7186453445552714,0.31639158185051375,30
3,0-1-1-2-0-0-1-1-0-1,0,31,0.8251839179287286,0.3676572043797931,30
3,0-1-1-2-0-0-1-1-0-2,0,31,0.7364750211136959,0.3049572050534332,30
3,0-1-1-2-0-0-1-1-1-0,1,31,0.8251839179287286,0.36009898683038977,30
3,0-1-1-2-0-0-1-1-1-1,1,31,0.9341229229116836,0.4157697887957819,30
3,0-1-1-2-0-0-1-1-1-2,1,31,0.8488007473214606,0.3558497846151733,30
3,0-1-1-2-0-0-1-1-2-0,0,29,0.7364750211136959,0.3056575461363673,30
3,0-1-1-2-0-0-1-1-2-1,0,29,0.8488007473214606,0.3640841213550252,30
3,0-1-1-2-0-0-1-1-2-2,0,29,0.7716991329148241,0.30732206144492485,30
3,0-1-1-2-0-0-1-2-0-0,0,30,0.5686056703607024,0.23651563103948445,30
3,0-1-1-2-0-0-1-2-0-1,0,30,0.6820117063295691,0.29202675872088746,30
3,0-1-1-2-0-0-1-2-0-2,0,30,0.6098414070828687,0.23358747902575946,30
3,0-1-1-2-0-0-1-2-1-0,1,30,0.6820117063295691,0.2838737258146179,30
3,0-1-1-2-0-0-1-2-1-1,1,30,0.7963336589134075,0.3435830705716101,30
3,0-1-1-2-0-0-1-2-1-2,1,30,0.7261707690129431,0.2885659090844543,30
3,0-1-1-2-0-0-1-2-2-0,0,28,0.6098414070828687,0.2327778875640388,30
3,0-1-1-2-0-0-1-2-2-1,0,28,0.7261707690129431,0.295952790269088,30
3,0-1-1-2-0-0-1-2-2-2,0,28,0.6690892651678857,0.24684825634972923,30
3,0-1-1-2-0-0-2-0-0-0,0,30,0.44769222117950547,0.20583240518473225,30
3,0-1-1-2-0-0-2-0-0-1,0,30,0.5531873022621191,0.24880283246830584,30
3,0-1-1-2-0-0-2-0-0-2,0,31,0.4661681318975881,0.18333016927996212,30
3,0-1-1-2-0-0-2-0-1-0,1,30,0.5531873022621191,0.24204475190748484,30
3,0-1-1-2-0-0-2-0-1-1,1,30,0.6624075991465237,0.2936776846112032,30
3,0-1-1-2-0-0-2-0-1-2,1,31,0.5800779934182111,0.23214469392235604,30
3,0-1-1-2-0-0-2-0-2-0,0,28,0.4661681318975881,0.18512117521056023,30
3,0-1-1-2-0-0-2-0-2-1,0,28,0.5800779934182111,0.24055819457611435,30
3,0-1-1-2-0-0-2-0-2-2,0,29,0.5112503291272812,0.1834063018217968,30
3,0-1-1-2-0-0-2-1-0-0,0,31,0.6257059807441399,0.2593337086047651,30
3,0-1-1-2-0-0-2-1-0-1,0,31,0.7364750211136959,0.3134425759302119,30
3,0-1-1-2-0-0-2-1-0-2,0,32,0.6565380298080602,0.25342680826278363,30
3,0-1-1-2-0-0-2-1-1-0,1,31,0.7364750211136959,0.3054810188172034,30
3,0-1-1-2-0-0-2-1-1-1,1,31,0.8488007473214606,0.3639175441459004,30
3,0-1-1-2-0-0-2-1-1-2,1,32,0.7716991329148241,0.30716828064013657,30
3,0-1-1-2-0-0-2-1-2-0,0,29,0.6565380298080602,0.25313996459359,30
3,0-1-1-2-0-0-2-1-2-1,0,29,0.7716991329148241,0.3148565430601215,30
3,0-1-1-2-0-0-2-1-2-2,0,30,0.7055183657234807,0.2630134340571328,30
3,0-1-1-2-0-0-2-2-0-0,0,30,0.4936282683967723,0.18157208685510545,30
3,0-1-1-2-0-0-2-2-0-1,0,30,0.6098414070828687,0.2413141022164074,30
3,0-1-1-2-0-0-2-2-0-2,0,31,0.5530396781051741,0.18885920744287563,30
3,0-1-1-2-0-0-2-2-1-0,1,30,0.6098414070828687,0.232615787072326,30
3,0-1-1-2-0-0-2-2-1-1,1,30,0.7261707690129431,0.2958026837122878,30
3,0-1-1-2-0-0-2-2-1-2,1,31,0.6690892651678857,0.24672253028973973,30
3,0-1-1-2-0-0-2-2-2-0,0,28,0.5530396781051741,0.18632576512440863,30
3,0-1-1-2-0-0-2-2-2-1,0,28,0.6690892651678857,0.25306894119794654,30
3,0-1-1-2-0-0-2-2-2-2,0,29,0.6286626068890782,0.21340505699901013,30
3,0-1-1-2-0-1-0-0-0-0,0,32,0.5502014847886205,0.26845035037444603,30
3,0-1-1-2-0-1-0-0-0-1,0,31,0.6495378550283376,0.31072863924682687,30
3,0-1-1-2-0-1-0-0-0-2,0,31,0.5531873022621191,0.24427465964986592,30
3,0-1-1-2-0-1-0-0-1-0,1,34,0.6495378550283376,0.30420251520509944,30
3,0-1-1-2-0-1-0-0-1-1,1,31,0.7538281938941017,0.353766755054304,30
3,0-1-1-2-0-1-0-0-1-2,1,31,0.6624075991465237,0.29018306986153486,30
3,0-1-1-2-0-1-0-0-2-0,0,32,0.5531873022621191,0.24666061553411697,30
3,0-1-1-2-0-1-0-0-2-1,0,29,0.6624075991465237,0.29898274353874,30
3,0-1-1-2-0-1-0-0-2-2,0,29,0.5800779934182111,0.23784664824017548,30
3,0-1-1-2-0-1-0-1-0-0,0,32,0.7186453445552714,0.3208613920248538,30
3,0-1-1-2-0-1-0-1-0-1,0,31,0.8251839179287286,0.3726863763153869,30
3,0-1-1-2-0-1-0-1-0-2,0,31,0.7364750211136959,0.31029784789214165,30
3,0-1-1-2-0-1-0-1-1-0,1,34,0.8251839179287286,0.3650638438275475,30
3,0-1-1-2-0-1-0-1-1-1,1,31,0.9341229229116836,0.42111727863106324,30
3,0-1-1-2-0-1-0-1-1-2,1,31,0.8488007473214606,0.361478708405865,30
3,0-1-1-2-0-1-0-1-2-0,0,32,0.7364750211136959,0.3108872790902985,30
3,0-1-1-2-0-1-0-1-2-1,0,29,0.8488007473214606,0.3696708367526401,30
3,0-1-1-2-0-1-0-1-2-2,0,29,0.7716991329148241,0.3132230385955959,30
3,0-1-1-2-0-1-0-2-0-0,0,32,0.5686056703607024,0.24136679353855856,30
3,0-1-1-2-0-1-0-2-0-1,0,31,0.6820117063295691,0.2974438240047685,30
3,0-1-1-2-0-1-0-2-0-2,0,31,0.6098414070828687,0.23941356127196628,30
3,0-1-1-2-0-1-0-2-1-0,1,34,0.6820117063295691,0.28923088948548814,30
3,0-1-1-2-0-1-0-2-1-1,1,31,0.7963336589134075,0.34927704897485395,30
3,0-1-1-2-0-1-0-2-1-2,1,31,0.7261707690129431,0.2945809850901238,30
3,0-1-1-2-0-1-0-2-2-0,0,32,0.6098414070828687,0.2384948536125318,30
3,0-1-1-2-0-1-0-2-2-1,0,29,0.7261707690129431,0.3019225391742361,30
3,0-1-1-2-0-1-0-2-2-2,0,29,0.6690892651678857,0.25311216800071995,30
3,0-1-1-2-0-1-1-0-0-0,0,31,0.6495378550283376,0.30433233787234915,30
3,0-1-1-2-0-1-1-0-0-1,0,31,0.7538281938941017,0.3539162192747455,30
3,0-1-1-2-0-1-1-0-0-2,0,31,0.6624075991465237,0.2903422144387099,30
3,0-1-1-2-0-1-1-0-1-0,1,31,0.7538281938941017,0.34655112918415193,30
3,0-1-1-2-0-1-1-0-1-1,1,31,0.8612747739531744,0.4010751221681696,30
3,0-1-1-2-0-1-1-0-1-2,1,31,0.7737772502301296,0.34035369807803695,30
3,0-1-1-2-0-1-1-0-2-0,0,29,0.6624075991465237,0.2913709102258905,30
3,0-1-1-2-0-1-1-0-2-1,0,29,0.7737772502301296,0.3487091205618296,30
3,0-1-1-2-0-1-1-0-2-2,0,29,0.6948726496581427,0.2910369169516289,30
3,0-1-1-2-0-1-1-1-0-0,0,31,0.8251839179287286,0.36521644787289537,30
3,0-1-1-2-0-1-1-1-0-1,0,31,0.9341229229116836,0.4212813522513438,30
3,0-1-1-2-0-1-1-1-0-2,0,31,0.8488007473214606,0.36165133235022395,30
3,0-1-1-2-0-1-1-1-1-0,1,31,0.9341229229116836,0.41316892985548603,30
3,0-1-1-2-0-1-1-1-1-1,1,29,1.0447117025062687,0.4721530881486156,30
3,0-1-1-2-0-1-1-1-1-2,1,29,0.9621381034581988,0.4149454446526495,30
3,0-1-1-2-0-1-1-1-2-0,0,29,0.8488007473214606,0.36136531103088065,30
3,0-1-1-2-0-1-1-1-2-1,0,27,0.9621381034581988,0.4227793006055656,30
3,0-1-1-2-0-1-1-1-2-2,0,27,0.8872297833382013,0.3689425029767691,30
3,0-1-1-2-0-1-1-2-0-0,0,31,0.6820117063295691,0.289395456261519,30
3,0-1-1-2-0-1-1-2-0-1,0,31,0.7963336589134075,0.34945164369217885,30
3,0-1-1-2-0-1-1-2-0-2,0,31,0.7261707690129431,0.29476527149934456,30
3,0-1-1-2-0-1-1-2-1-0,1,31,0.7963336589134075,0.3408111531879634,30
3,0-1-1-2-0-1-1-2-1-1,1,29,0.9112268623179846,0.4032914744997513,30
3,0-1-1-2-0-1-1-2-1-2,1,29,0.842568216400609,0.35121446775558607,30
3,0-1-1-2-0-1-1-2-2-0,0,29,0.7261707690129431,0.29304361977852067,30
3,0-1-1-2-0-1-1-2-2-1,0,27,0.842568216400609,0.3581952111817125,30
3,0-1-1-2-0-1-1-2-2-2,0,27,0.7852947048788411,0.31166720771150924,30
3,0-1-1-2-0-1-2-0-0-0,0,31,0.5531873022621191,0.24660903952130678,30
3,0-1-1-2-0-1-2-0-0-1,0,31,0.6624075991465237,0.2989625827508727,30
3,0-1-1-2-0-1-2-0-0-2,0,32,0.5800779934182111,0.23784944579160713,30
3,0-1-1-2-0-1-2-0-1-0,1,31,0.6624075991465237,0.29119162904533324,30
3,0-1-1-2-0-1-2-0-1-1,1,31,0.7737772502301296,0.3485401303007262,30
3,0-1-1-2-0-1-2-0-1-2,1,32,0.6948726496581427,0.29088043997850527,30
3,0-1-1-2-0-1-2-0-2-0,0,29,0.5800779934182111,0.2379029647485363,30
3,0-1-1-2-0-1-2-0-2-1,0,29,0.6948726496581427,0.29870211447837947,30
3,0-1-1-2-0-1-2-0-2-2,0,30,0.6278093142473866,0.24592521468612732,30
3,0-1-1-2-0-1-2-1-0-0,0,31,0.7364750211136959,0.3108724504883415,30
3,0-1-1-2-0-1-2-1-0-1,0,31,0.8488007473214606,0.3696764714598735,30
3,0-1-1-2-0-1-2-1-0-2,0,32,0.7716991329148241,0.31325105545848086,30
3,0-1-1-2-0-1-2-1-1-0,1,31,0.8488007473214606,0.36119831735786223,30
3,0-1-1-2-0-1-2-1-1-1,1,29,0.9621381034581988,0.42262073734386085,30
3,0-1-1-2-0-1-2-1-1-2,1,30,0.8872297833382013,0.3687970889007091,30
3,0-1-1-2-0-1-2-1-2-0,0,29,0.7716991329148241,0.3120039767433803,30
3,0-1-1-2-0-1-2-1-2-1,0,27,0.8872297833382013,0.37606916867557866,30
3,0-1-1-2-0-1-2-1-2-2,0,28,0.8220847987295364,0.3270413962626612,30
3,0-1-1-2-0-1-2-2-0-0,0,31,0.6098414070828687,0.23850953110227138,30
3,0-1-1-2-0-1-2-2-0-1,0,31,0.7261707690129431,0.3019562993572895,30
3,0-1-1-2-0-1-2-2-0-2,0,32,0.6690892651678857,0.25317887448071963,30
3,0-1-1-2-0-1-2-2-1-0,1,31,0.7261707690129431,0.29289305496650886,30
3,0-1-1-2-0-1-2-2-1-1,1,29,0.842568216400609,0.3580533508222753,30
3,0-1-1-2-0-1-2-2-1-2,1,30,0.7852947048788411,0.3115471276557909,30
3,0-1-1-2-0-1-2-2-2-0,0,29,0.6690892651678857,0.2500291907482371,30
3,0-1-1-2-0-1-2-2-2-1,0,27,0.7852947048788411,0.3175971214721611,30
3,0-1-1-2-0-1-2-2-2-2,0,28,0.742047247334432,0.27902041569648317,30
3,0-1-1-2-0-2-0-0-0-0,0,31,0.44769222117950547,0.2028782630475975,30
3,0-1-1-2-0-2-0-0-0-1,0,30,0.5531873022621191,0.24725071830748357,30
3,0-1-1-2-0-2-0-0-0-2,0,30,0.4661681318975881,0.18242115253931118,30
3,0-1-1-2-0-2-0-0-1-0,1,33,0.5531873022621191,0.2403211132689789,30
3,0-1-1-2-0-2-0-0-1-1,1,30,0.6624075991465237,0.2930061700062289,30
3,0-1-1-2-0-2-0-0-1-2,1,30,0.5800779934182111,0.2322383469749613,30
3,0-1-1-2-0-2-0-0-2-0,0,31,0.4661681318975881,0.1838868946717832,30
3,0-1-1-2-0-2-0-0-2-1,0,28,0.5800779934182111,0.24052077491278914,30
3,0-1-1-2-0-2-0-0-2-2,0,28,0.5112503291272812,0.18454627441677945,30
3,0-1-1-2-0-2-0-1-0-0,0,32,0.6257059807441399,0.2580246064641056,30
3,0-1-1-2-0-2-0-1-0-1,0,31,0.7364750211136959,0.3130597885296966,30
3,0-1-1-2-0-2-0-1-0-2,0,31,0.6565380298080602,0.2538164447016578,30
3,0-1-1-2-0-2-0-1-1-0,1,34,0.7364750211136959,0.30498744719030474,30
3,0-1-1-2-0-2-0-1-1-1,1,31,0.8488007473214606,0.3641045546123834,30
3,0-1-1-2-0-2-0-1-1-2,1,31,0.7716991329148241,0.30810056483225207,30
3,0-1-1-2-0-2-0-1-2-0,0,32,0.6565380298080602,0.25328737971780885,30
3,0-1-1-2-0-2-0-1-2-1,0,29,0.7716991329148241,0.3156687431848074,30
3,0-1-1-2-0-2-0-1-2-2,0,29,0.7055183657234807,0.2648124560455341,30
3,0-1-1-2-0-2-0-2-0-0,0,31,0.4936282683967723,0.18116639416942154,30
3,0-1-1-2-0-2-0-2-0-1,0,30,0.6098414070828687,0.24191484709744324,30
3,0-1-1-2-0-2-0-2-0-2,0,30,0.5530396781051741,0.19077619143870148,30
3,0-1-1-2-0-2-0-2-1-0,1,33,0.6098414070828687,0.23310707627722718,30
3,0-1-1-2-0-2-0-2-1-1,1,30,0.7261707690129431,0.29692674176110756,30
3,0-1-1-2-0-2-0-2-1-2,1,30,0.6690892651678857,0.24894924563107945,30
3,0-1-1-2-0-2-0-2-2-0,0,31,0.5530396781051741,0.18794164075117228,30
3,0-1-1-2-0-2-0-2-2-1,0,28,0.6690892651678857,0.255119807628362,30
3,0-1-1-2-0-2-0-2-2-2,0,28,0.6286626068890782,0.21684419121634285,30
3,0-1-1-2-0-2-1-0-0-0,0,30,0.5531873022621191,0.24045884928360858,30
3,0-1-1-2-0-2-1-0-0-1,0,30,0.6624075991465237,0.29316481378912407,30
3,0-1-1-2-0-2-1-0-0-2,0,30,0.5800779934182111,0.2324096735396071,30
3,0-1-1-2-0-2-1-0-1-0,1,30,0.6624075991465237,0.28534372200460895,30
3,0-1-1-2-0-2-1-0-1-1,1,30,0.7737772502301296,0.34303241774674803,30
3,0-1-1-2-0-2-1-0-1-2,1,30,0.6948726496581427,0.28579251720381654,30
3,0-1-1-2-0-2-1-0-2-0,0,28,0.5800779934182111,0.23233214462300758,30
3,0-1-1-2-0-2-1-0-2-1,0,28,0.6948726496581427,0.2935402873825011,30
3,0-1-1-2-0-2-1-0-2-2,0,28,0.6278093142473866,0.24144786947421376,30
3,0-1-1-2-0-2-1-1-0-0,0,31,0.7364750211136959,0.30514915331461284,30
3,0-1-1-2-0-2-1-1-0-1,0,31,0.8488007473214606,0.3642767645359571,30
3,0-1-1-2-0-2-1-1-0-2,0,31,0.7716991329148241,0.3082823490050758,30
3,0-1-1-2-0-2-1-1-1-0,1,31,0.8488007473214606,0.35575635594370286,30
3,0-1-1-2-0-2-1-1-1-1,1,29,0.9621381034581988,0.4174556147652394,30
3,0-1-1-2-0-2-1-1-1-2,1,29,0.8872297833382013,0.3640702003461222,30
3,0-1-1-2-0-2-1-1-2-0,0,29,0.7716991329148241,0.3069149259379374,30
3,0-1-1-2-0-2-1-1-2-1,0,27,0.8872297833382013,0.37126924491790364,30
3,0-1-1-2-0-2-1-1-2-2,0,27,0.8220847987295364,0.32286811981902647,30
3,0-1-1-2-0-2-1-2-0-0,0,30,0.6098414070828687,0.23328384166285068,30
3,0-1-1-2-0-2-1-2-0-1,0,30,0.7261707690129431,0.29711059121085753,30
3,0-1-1-2-0-2-1-2-0-2,0,30,0.6690892651678857,0.24914163542835016,30
3,0-1-1-2-0-2-1-2-1-0,1,30,0.7261707690129431,0.2880016163811584,30
3,0-1-1-2-0-2-1-2-1-1,1,28,0.842568216400609,0.35344495152621513,30
3,0-1-1-2-0-2-1-2-1-2,1,28,0.7852947048788411,0.3076648498079616,30
3,0-1-1-2-0-2-1-2-2-0,0,28,0.6690892651678857,0.24581520608859425,30
3,0-1-1-2-0-2-1-2-2-1,0,26,0.7852947048788411,0.31359367534968885,30
3,0-1-1-2-0-2-1-2-2-2,0,26,0.742047247334432,0.2760441438607861,30
3,0-1-1-2-0-2-2-0-0-0,0,30,0.4661681318975881,0.1838524681688247,30
3,0-1-1-2-0-2-2-0-0-1,0,30,0.5800779934182111,0.24052228382741217,30
3,0-1-1-2-0-2-2-0-0-2,0,31,0.5112503291272812,0.18458450391944434,30
3,0-1-1-2-0-2-2-0-1-0,1,30,0.5800779934182111,0.23216232409438772,30
3,0-1-1-2-0-2-2-0-1-1,1,30,0.6948726496581427,0.29338308367595833,30
3,0-1-1-2-0-2-2-0-1-2,1,31,0.6278093142473866,0.24131220195130382,30
3,0-1-1-2-0-2-2-0-2-0,0,28,0.5112503291272812,0.1829274831445652,30
3,0-1-1-2-0-2-2-0-2-1,0,28,0.6278093142473866,0.2481415485194919,30
3,0-1-1-2-0-2-2-0-2-2,0,29,0.5767329021412236,0.20459037909331212,30
3,0-1-1-2-0-2-2-1-0-0,0,31,0.6565380298080602,0.25329440933142583,30
3,0-1-1-2-0-2-2-1-0-1,0,31,0.7716991329148241,0.31569558490939786,30
3,0-1-1-2-0-2-2-1-0-2,0,32,0.7055183657234807,0.26486972197185404,30
3,0-1-1-2-0-2-2-1-1-0,1,31,0.7716991329148241,0.3067599550344957,30
3,0-1-1-2-0-2-2-1-1-1,1,29,0.8872297833382013,0.37112311250852875,30
3,0-1-1-2-0-2-2-1-1-2,1,30,0.8220847987295364,0.32274154811229044,30
3,0-1-1-2-0-2-2-1-2-0,0,29,0.7055183657234807,0.26218655687301723,30
3,0-1-1-2-0-2-2-1-2-1,0,27,0.8220847987295364,0.3291047860240253,30
3,0-1-1-2-0-2-2-1-2-2,0,28,0.7691878273254401,0.2878623846846625,30
3,0-1-1-2-0-2-2-2-0-0,0,30,0.5530396781051741,0.18799426176612488,30
3,0-1-1-2-0-2-2-2-0-1,0,30,0.6690892651678857,0.25518480402690225,30
3,0-1-1-2-0-2-2-2-0-2,0,31,0.6286626068890782,0.21695150854362447,30
3,0-1-1-2-0-2-2-2-1-0,1,30,0.6690892651678857,0.24568772029278277,30
3,0-1-1-2-0-2-2-2-1-1,1,28,0.7852947048788411,0.31347240348146155,30
3,0-1-1-2-0-2-2-2-1-2,1,29,0.742047247334432,0.2759548795569475,30
3,0-1-1-2-0-2-2-2-2-0,0,28,0.6286626068890782,0.21177481916388904,30
3,0-1-1-2-0-2-2-2-2-1,0,26,0.742047247334432,0.280514778269197,30
3,0-1-1-2-0-2-2-2-2-2,0,27,0.7153741892087576,0.25436143325351684,30
3,0-1-1-2-1-0-0-0-0-0,0,31,0.45904650326084595,0.3646600206476019,30
3,0-1-1-2-1-0-0-0-0-1,0,30,0.5502014847886205,0.420683022475068,30
3,0-1-1-2-1-0-0-0-0-2,0,30,0.44769222117950547,0.3610217977402723,30
3,0-1-1-2-1-0-0-0-1-0,1,33,0.5502014847886205,0.4125754702250333,30
3,0-1-1-2-1-0-0-0-1-1,1,30,0.6495378550283376,0.471530320832052,30
3,0-1-1-2-1-0-0-0-1-2,1,30,0.5531873022621191,0.4142956087898793,30
3,0-1-1-2-1-0-0-0-2-0,0,31,0.44769222117950547,0.3607447899333989,30
3,0-1-1-2-1-0-0-0-2-1,0,28,0.5531873022621191,0.42213339509022735,30
3,0-1-1-2-1-0-0-0-2-2,0,28,0.4661681318975881,0.36826846368039995,30
3,0-1-1-2-1-0-0-1-0-0,0,32,0.6157544426452327,0.4330201380645696,30
3,0-1-1-2-1-0-0-1-0-1,0,31,0.7186453445552714,0.492909850050142,30
3,0-1-1-2-1-0-0-1-0-2,0,31,0.6257059807441399,0.43657124337024344,30
3,0-1-1-2-1-0-0-1-1-0,1,34,0.7186453445552714,0.48434907399439503,30
3,0-1-1-2-1-0-0-1-1-1,1,31,0.8251839179287286,0.5460519717744309,30
3,0-1-1-2-1-0-0-1-1-2,1,31,0.7364750211136959,0.4916752597943789,30
3,0-1-1-2-1-0-0-1-2-0,0,32,0.6257059807441399,0.43541854754176157,30
3,0-1-1-2-1-0-0-1-2-1,0,29,0.7364750211136959,0.4991047153620495,30
3,0-1-1-2-1-0-0-1-2-2,0,29,0.6565380298080602,0.4481097769568077,30
3,0-1-1-2-1-0-0-2-0-0,0,31,0.45679822537498516,0.36192651544619453,30
3,0-1-1-2-1-0-0-2-0-1,0,30,0.5686056703607024,0.4251073747967052,30
3,0-1-1-2-1-0-0-2-0-2,0,30,0.4936282683967723,0.37390776394035813,30
3,0-1-1-2-1-0-0-2-1-0,1,33,0.5686056703607024,0.4161194411755572,30
3,0-1-1-2-1-0-0-2-1-1,1,30,0.6820117063295691,0.48063074905825687,30
3,0-1-1-2-1-0-0-2-1-2,1,30,0.6098414070828687,0.4313167371229323,30
3,0-1-1-2-1-0-0-2-2-0,0,31,0.4936282683967723,0.37147903430136986,30
3,0-1-1-2-1-0-0-2-2-1,0,28,0.6098414070828687,0.43793227272634394,30
3,0-1-1-2-1-0-0-2-2-2,0,28,0.5530396781051741,0.3936215649197255,30
3,0-1-1-2-1-0-1-0-0-0,0,30,0.5502014847886205,0.41273813740111776,30
3,0-1-1-2-1-0-1-0-0-1,0,30,0.6495378550283376,0.4717010351528299,30
3,0-1-1-2-1-0-1-0-0-2,0,30,0.5531873022621191,0.4144737491442392,30
3,0-1-1-2-1-0-1-0-1-0,1,30,0.6495378550283376,0.46324970767509077,30
3,0-1-1-2-1-0-1-0-1-1,1,30,0.7538281938941017,0.5242846919875552,30
3,0-1-1-2-1-0-1-0-1-2,1,30,0.6624075991465237,0.4691466032826577,30
3,0-1-1-2-1-0-1-0-2-0,0,28,0.5531873022621191,0.413540336221552,30
3,0-1-1-2-1-0-1-0-2-1,0,28,0.6624075991465237,0.4766835755796525,30
3,0-1-1-2-1-0-1-0-2-2,0,28,0.5800779934182111,0.4249427943136503,30
3,0-1-1-2-1-0-1-1-0-0,0,31,0.7186453445552714,0.4845211234014209,30
3,0-1-1-2-1-0-1-1-0-1,0,31,0.8251839179287286,0.5462290921289598,30
3,0-1-1-2-1-0-1-1-0-2,0,31,0.7364750211136959,0.49185835407156137,30
3,0-1-1-2-1-0-1-1-1-0,1,31,0.8251839179287286,0.5374516147105329,30
3,0-1-1-2-1-0-1-1-1-1,1,31,0.9341229229116836,0.6004871275167631,30
3,0-1-1-2-1-0-1-1-1-2,1,31,0.8488007473214606,0.5477962072240282,30
3,0-1-1-2-1-0-1-1-2-0,0,29,0.7364750211136959,0.4902515246356719,30
3,0-1-1-2-1-0-1-1-2-1,0,29,0.8488007473214606,0.5549906166051046,30
3,0-1-1-2-1-0-1-1-2-2,0,29,0.7716991329148241,0.5056041227560676,30
3,0-1-1-2-1-0-1-2-0-0,0,30,0.5686056703607024,0.41630020635678255,30
3,0-1-1-2-1-0-1-2-0-1,0,30,0.6820117063295691,0.4808151007352824,30
3,0-1-1-2-1-0-1-2-0-2,0,30,0.6098414070828687,0.4315066465814668,30
3,0-1-1-2-1-0-1-2-1-0,1,30,0.6820117063295691,0.4716740210960832,30
3,0-1-1-2-1-0-1-2-1-1,1,30,0.7963336589134075,0.5371021611870965,30
3,0-1-1-2-1-0-1-2-1-2,1,30,0.7261707690129431,0.48931690289064445,30
3,0-1-1-2-1-0-1-2-2-0,0,28,0.6098414070828687,0.4287361647524748,30
3,0-1-1-2-1-0-1-2-2-1,0,28,0.7261707690129431,0.4957363445373982,30
3,0-1-1-2-1-0-1-2-2-2,0,28,0.6690892651678857,0.45258355393282435,30
3,0-1-1-2-1-0-2-0-0-0,0,30,0.44769222117950547,0.36074781702754893,30
3,0-1-1-2-1-0-2-0-0-1,0,30,0.5531873022621191,0.42215183655838834,30
3,0-1-1-2-1-0-2-0-0-2,0,31,0.4661681318975881,0.36830777487572647,30
3,0-1-1-2-1-0-2-0-1-0,1,30,0.5531873022621191,0.4133806263897082,30
3,0-1-1-2-1-0-2-0-1-1,1,30,0.6624075991465237,0.47653098323860016,30
3,0-1-1-2-1-0-2-0-1-2,1,31,0.5800779934182111,0.4248031271829046,30
3,0-1-1-2-1-0-2-0-2-0,0,28,0.4661681318975881,0.3664761846539823,30
3,0-1-1-2-1-0-2-0-2-1,0,28,0.5800779934182111,0.43178756881628577,30
3,0-1-1-2-1-0-2-0-2-2,0,29,0.5112503291272812,0.38463160758682824,30
3,0-1-1-2-1-0-2-1-0-0,0,31,0.6257059807441399,0.43543968195828486,30
3,0-1-1-2-1-0-2-1-0-1,0,31,0.7364750211136959,0.4991365622856694,30
3,0-1-1-2-1-0-2-1-0-2,0,32,0.6565380298080602,0.4481601822464506,30
3,0-1-1-2-1-0-2-1-1-0,1,31,0.7364750211136959,0.49010026417582037,30
3,0-1-1-2-1-0-2-1-1-1,1,31,0.8488007473214606,0.5548449425057004,30
3,0-1-1-2-1-0-2-1-1-2,1,32,0.7716991329148241,0.5054706977844603,30
3,0-1-1-2-1-0-2-1-2-0,0,29,0.6565380298080602,0.4457538803205931,30
3,0-1-1-2-1-0-2-1-2-1,0,29,0.7716991329148241,0.5121412286211198,30
3,0-1-1-2-1-0-2-1-2-2,0,30,0.7055183657234807,0.46697045328438763,30
3,0-1-1-2-1-0-2-2-0-0,0,30,0.4936282683967723,0.37152563715111037,30
3,0-1-1-2-1-0-2-2-0-1,0,30,0.6098414070828687,0.43798708595515634,30
3,0-1-1-2-1-0-2-2-0-2,0,31,0.5530396781051741,0.3936995480963253,30
3,0-1-1-2-1-0-2-2-1-0,1,30,0.6098414070828687,0.4286010413114738,30
3,0-1-1-2-1-0-2-2-1-1,1,30,0.7261707690129431,0.49560598372976883,30
3,0-1-1-2-1-0-2-2-1-2,1,31,0.6690892651678857,0.45247034463073116,30
3,0-1-1-2-1-0-2-2-2-0,0,28,0.5530396781051741,0.3899270483385417,30
3,0-1-1-2-1-0-2-2-2-1,0,28,0.6690892651678857,0.4581561049197306,30
3,0-1-1-2-1-0-2-2-2-2,0,29,0.6286626068890782,0.42087550205404095,30
3,0-1-1-2-1-1-0-0-0-0,0,32,0.5502014847886205,0.4180692726300668,30
3,0-1-1-2-1-1-0-0-0-1,0,31,0.6495378550283376,0.4772901932250579,30
3,0-1-1-2-1-1-0-0-0-2,0,31,0.5531873022621191,0.42030357249017913,30
3,0-1-1-2-1-1-0-0-1-0,1,34,0.6495378550283376,0.4688084558119237,30
3,0-1-1-2-1-1-0-0-1-1,1,31,0.7538281938941017,0.53002870692507,30
3,0-1-1-2-1-1-0-0-1-2,1,31,0.6624075991465237,0.4750969055020199,30
3,0-1-1-2-1-1-0-0-2-0,0,32,0.5531873022621191,0.4193098154087626,30
3,0-1-1-2-1-1-0-0-2-1,0,29,0.6624075991465237,0.482604660333664,30
3,0-1-1-2-1-1-0-0-2-2,0,29,0.5800779934182111,0.43106721949276766,30
3,0-1-1-2-1-1-0-1-0-0,0,32,0.7186453445552714,0.49015313396184457,30
3,0-1-1-2-1-1-0-1-0-1,0,31,0.8251839179287286,0.5520240140890099,30
3,0-1-1-2-1-1-0-1-0-2,0,31,0.7364750211136959,0.4978468377389424,30
3,0-1-1-2-1-1-0-1-1-0,1,34,0.8251839179287286,0.5432269726302409,30
3,0-1-1-2-1-1-0-1-1-1,1,31,0.9341229229116836,0.606383551297249,30
3,0-1-1-2-1-1-0-1-1-2,1,31,0.8488007473214606,0.5538586895168512,30
3,0-1-1-2-1-1-0-1-2-0,0,32,0.7364750211136959,0.49619743860871657,30
3,0-1-1-2-1-1-0-1-2-1,0,29,0.8488007473214606,0.5610301600862801,30
3,0-1-1-2-1-1-0-1-2-2,0,29,0.7716991329148241,0.5117991083310123,30
3,0-1-1-2-1-1-0-2-0-0,0,32,0.5686056703607024,0.42221454616576853,30
3,0-1-1-2-1-1-0-2-0-1,0,31,0.6820117063295691,0.48684426422503796,30
3,0-1-1-2-1-1-0-2-0-2,0,31,0.6098414070828687,0.43771532403091096,30
3,0-1-1-2-1-1-0-2-1-0,1,34,0.6820117063295691,0.4776898295817369,30
3,0-1-1-2-1-1-0-2-1-1,1,31,0.7963336589134075,0.5431987094914741,30
3,0-1-1-2-1-1-0-2-1-2,1,31,0.7261707690129431,0.49555996633062377,30
3,0-1-1-2-1-1-0-2-2-0,0,32,0.6098414070828687,0.4349136984641142,30
3,0-1-1-2-1-1-0-2-2-1,0,29,0.7261707690129431,0.5019608199579404,30
3,0-1-1-2-1-1-0-2-2-2,0,29,0.6690892651678857,0.4589167213142002,30
3,0-1-1-2-1-1-1-0-0-0,0,31,0.6495378550283376,0.4689788710360706,30
3,0-1-1-2-1-1-1-0-0-1,0,31,0.7538281938941017,0.5302046916696472,30
3,0-1-1-2-1-1-1-0-0-2,0,31,0.6624075991465237,0.47527914817322936,30
3,0-1-1-2-1-1-1-0-1-0,1,31,0.7538281938941017,0.5214849629899311,30
3,0-1-1-2-1-1-1-0-1-1,1,31,0.8612747739531744,0.5841638899378918,30
3,0-1-1-2-1-1-1-0-1-2,1,31,0.7737772502301296,0.5309973435723325,30
3,0-1-1-2-1-1-1-0-2-0,0,29,0.6624075991465237,0.4737963200263087,30
3,0-1-1-2-1-1-1-0-2-1,0,29,0.7737772502301296,0.5382576627480292,30
3,0-1-1-2-1-1-1-0-2-2,0,29,0.6948726496581427,0.48842306474305336,30
3,0-1-1-2-1-1-1-1-0-0,0,31,0.8251839179287286,0.543403900556054,30
3,0-1-1-2-1-1-1-1-0-1,0,31,0.9341229229116836,0.6065641254613707,30
3,0-1-1-2-1-1-1-1-0-2,0,31,0.8488007473214606,0.5540443025002691,30
3,0-1-1-2-1-1-1-1-1-0,1,31,0.9341229229116836,0.5976112296660324,30
3,0-1-1-2-1-1-1-1-1-1,1,29,1.0447117025062687,0.6617374638575726,30
3,0-1-1-2-1-1-1-1-1-2,1,29,0.9621381034581988,0.6106381881791245,30
3,0-1-1-2-1-1-1-1-2-0,0,29,0.8488007473214606,0.5520439921784082,30
3,0-1-1-2-1-1-1-1-2-1,0,27,0.9621381034581988,0.6176142270897899,30
3,0-1-1-2-1-1-1-1-2-2,0,27,0.8872297833382013,0.5696972085119179,30
3,0-1-1-2-1-1-1-2-0-0,0,31,0.6820117063295691,0.4778740499104768,30
3,0-1-1-2-1-1-1-2-0-1,0,31,0.7963336589134075,0.5433853549292176,30
3,0-1-1-2-1-1-1-2-0-2,0,31,0.7261707690129431,0.49575104675107784,30
3,0-1-1-2-1-1-1-2-1-0,1,31,0.7963336589134075,0.5341273176806434,30
3,0-1-1-2-1-1-1-2-1-1,1,29,0.9112268623179846,0.6002675053332065,30
3,0-1-1-2-1-1-1-2-1-2,1,29,0.842568216400609,0.5538591962908337,30
3,0-1-1-2-1-1-1-2-2-0,0,29,0.7261707690129431,0.49269805815237083,30
3,0-1-1-2-1-1-1-2-2-1,0,27,0.842568216400609,0.5601052918220721,30
3,0-1-1-2-1-1-1-2-2-2,0,27,0.7852947048788411,0.5179593800449867,30
3,0-1-1-2-1-1-2-0-0-0,0,31,0.5531873022621191,0.419327659743506,30
3,0-1-1-2-1-1-2-0-0-1,0,31,0.6624075991465237,0.4826340320955151,30
3,0-1-1-2-1-1-2-0-0-2,0,32,0.5800779934182111,0.4311156275471789,30
3,0-1-1-2-1-1-2-0-1-0,1,31,0.6624075991465237,0.4736434361001961,30
3,0-1-1-2-1-1-2-0-1-1,1,31,0.7737772502301296,0.5381106553155502,30
3,0-1-1-2-1-1-2-0-1-2,1,32,0.6948726496581427,0.48828846770786366,30
3,0-1-1-2-1-1-2-0-2-0,0,29,0.5800779934182111,0.4288128081455567,30
3,0-1-1-2-1-1-2-0-2-1,0,29,0.6948726496581427,0.4950180523847063,30
3,0-1-1-2-1-1-2-0-2-2,0,30,0.6278093142473866,0.4494780001419776,30
3,0-1-1-2-1-1-2-1-0-0,0,31,0.7364750211136959,0.496228862586802,30
3,0-1-1-2-1-1-2-1-0-1,0,31,0.8488007473214606,0.561069881870294,30
3,0-1-1-2-1-1-2-1-0-2,0,32,0.7716991329148241,0.5118557266819392,30
3,0-1-1-2-1-1-2-1-1-0,1,31,0.8488007473214606,0.5518980883606115,30
3,0-1-1-2-1-1-2-1-1-1,1,29,0.9621381034581988,0.6174729777944724,30
3,0-1-1-2-1-1-2-1-1-2,1,30,0.8872297833382013,0.5695675779530143,30
3,0-1-1-2-1-1-2-1-2-0,0,29,0.7716991329148241,0.5091275096048526,30
3,0-1-1-2-1-1-2-1-2-1,0,27,0.8872297833382013,0.5760465904425218,30
3,0-1-1-2-1-1-2-1-2-2,0,28,0.8220847987295364,0.5320611543815856,30
3,0-1-1-2-1-1-2-2-0-0,0,31,0.6098414070828687,0.43496819670934544,30
3,0-1-1-2-1-1-2-2-0-1,0,31,0.7261707690129431,0.5020213716993148,30
3,0-1-1-2-1-1-2-2-0-2,0,32,0.6690892651678857,0.4589975335499718,30
3,0-1-1-2-1-1-2-2-1-0,1,31,0.7261707690129431,0.4925675073042783,30
3,0-1-1-2-1-1-2-2-1-1,1,29,0.842568216400609,0.5599785039077424,30
3,0-1-1-2-1-1-2-2-1-2,1,30,0.7852947048788411,0.5178481224785784,30
3,0-1-1-2-1-1-2-2-2-0,0,29,0.6690892651678857,0.4550693000954508,30
3,0-1-1-2-1-1-2-2-2-1,0,27,0.7852947048788411,0.523429764562454,30
3,0-1-1-2-1-1-2-2-2-2,0,28,0.742047247334432,0.48651261200328866,30
3,0-1-1-2-1-2-0-0-0-0,0,31,0.44769222117950547,0.3609045386598977,30
3,0-1-1-2-1-2-0-0-0-1,0,30,0.5531873022621191,0.42280341686300044,30
3,0-1-1-2-1-2-0-0-0-2,0,30,0.4661681318975881,0.36964662977166873,30
3,0-1-1-2-1-2-0-0-1-0,1,33,0.5531873022621191,0.4139717451388757,30
3,0-1-1-2-1-2-0-0-1-1,1,30,0.6624075991465237,0.4775021457036209,30
3,0-1-1-2-1-2-0-0-1-2,1,30,0.5800779934182111,0.4264055296262308,30
3,0-1-1-2-1-2-0-0-2-0,0,31,0.4661681318975881,0.36765448777531,30
3,0-1-1-2-1-2-0-0-2-1,0,28,0.5800779934182111,0.4332931925536113,30
3,0-1-1-2-1-2-0-0-2-2,0,28,0.5112503291272812,0.3868868275737576,30
3,0-1-1-2-1-2-0-1-0-0,0,32,0.6257059807441399,0.4361776354746776,30
3,0-1-1-2-1-2-0-1-0-1,0,31,0.7364750211136959,0.5002179310469995,30
3,0-1-1-2-1-2-0-1-0-2,0,31,0.6565380298080602,0.44985072785090946,30
3,0-1-1-2-1-2-0-1-1-0,1,34,0.7364750211136959,0.4911389283831659,30
3,0-1-1-2-1-2-0-1-1-1,1,31,0.8488007473214606,0.5561560445761117,30
3,0-1-1-2-1-2-0-1-1-2,1,31,0.7716991329148241,0.5073408318668402,30
3,0-1-1-2-1-2-0-1-2-0,0,32,0.6565380298080602,0.44731606813619884,30
3,0-1-1-2-1-2-0-1-2-1,0,29,0.7716991329148241,0.5139272698658333,30
3,0-1-1-2-1-2-0-1-2-2,0,29,0.7055183657234807,0.46939478327423073,30
3,0-1-1-2-1-2-0-2-0-0,0,31,0.4936282683967723,0.3731013624393028,30
3,0-1-1-2-1-2-0-2-0-1,0,30,0.6098414070828687,0.4398220921273183,30
3,0-1-1-2-1-2-0-2-0-2,0,30,0.5530396781051741,0.3962922874561767,30
3,0-1-1-2-1-2-0-2-1-0,1,33,0.6098414070828687,0.43040462958780107,30
3,0-1-1-2-1-2-0-2-1-1,1,30,0.7261707690129431,0.4976063115881076,30
3,0-1-1-2-1-2-0-2-1-2,1,30,0.6690892651678857,0.4551413194383233,30
3,0-1-1-2-1-2-0-2-2-0,0,31,0.5530396781051741,0.3923880229404909,30
3,0-1-1-2-1-2-0-2-2-1,0,28,0.6690892651678857,0.4607273940874312,30
3,0-1-1-2-1-2-0-2-2-2,0,28,0.6286626068890782,0.42418906289867186,30
3,0-1-1-2-1-2-1-0-0-0,0,30,0.5531873022621191,0.41414929446885207,30
3,0-1-1-2-1-2-1-0-0-1,0,30,0.6624075991465237,0.4776841039365039,30
3,0-1-1-2-1-2-1-0-0-2,0,30,0.5800779934182111,0.42659359332357133,30
3,0-1-1-2-1-2-1-0-1-0,1,30,0.6624075991465237,0.4686641563850128,30
3,0-1-1-2-1-2-1-0-1-1,1,30,0.7737772502301296,0.5333231727734787,30
3,0-1-1-2-1-2-1-0-1-2,1,30,0.6948726496581427,0.48391225680076033,30
3,0-1-1-2-1-2-1-0-2-0,0,28,0.5800779934182111,0.42419375440542206,30
3,0-1-1-2-1-2-1-0-2-1,0,28,0.6948726496581427,0.4905765295725032,30
3,0-1-1-2-1-2-1-0-2-2,0,28,0.6278093142473866,0.4455646385483902,30
3,0-1-1-2-1-2-1-1-0-0,0,31,0.7364750211136959,0.491321606911498,30
3,0-1-1-2-1-2-1-1-0-1,0,31,0.8488007473214606,0.5563414347589211,30
3,0-1-1-2-1-2-1-1-0-2,0,31,0.7716991329148241,0.5075308660143124,30
3,0-1-1-2-1-2-1-1-1-0,1,31,0.8488007473214606,0.5471465729822271,30
3,0-1-1-2-1-2-1-1-1-1,1,29,0.9621381034581988,0.6128729827870005,30
3,0-1-1-2-1-2-1-1-1-2,1,29,0.8872297833382013,0.5653517099218837,30
3,0-1-1-2-1-2-1-1-2-0,0,29,0.7716991329148241,0.5047183604290137,30
3,0-1-1-2-1-2-1-1-2-1,0,27,0.8872297833382013,0.5717709497796567,30
3,0-1-1-2-1-2-1-1-2-2,0,27,0.8220847987295364,0.5282578271884047,30
3,0-1-1-2-1-2-1-2-0-0,0,30,0.6098414070828687,0.4305942388848684,30
3,0-1-1-2-1-2-1-2-0-1,0,30,0.7261707690129431,0.49779721412326583,30
3,0-1-1-2-1-2-1-2-0-2,0,30,0.6690892651678857,0.45533532685643135,30
3,0-1-1-2-1-2-1-2-1-0,1,30,0.7261707690129431,0.4883245341987258,30
3,0-1-1-2-1-2-1-2-1-1,1,28,0.842568216400609,0.555856607967351,30
3,0-1-1-2-1-2-1-2-1-2,1,28,0.7852947048788411,0.5142394744370342,30
3,0-1-1-2-1-2-1-2-2-0,0,28,0.6690892651678857,0.45130710083648135,30
3,0-1-1-2-1-2-1-2-2-1,0,26,0.7852947048788411,0.5197415628365083,30
3,0-1-1-2-1-2-1-2-2-2,0,26,0.742047247334432,0.4834480434137316,30
3,0-1-1-2-1-2-2-0-0-0,0,30,0.4661681318975881,0.3676922194049608,30
3,0-1-1-2-1-2-2-0-0-1,0,30,0.5800779934182111,0.43334065396185656,30
3,0-1-1-2-1-2-2-0-0-2,0,31,0.5112503291272812,0.3869572778047255,30
3,0-1-1-2-1-2-2-0-1-0,1,30,0.5800779934182111,0.4240531272971183,30
3,0-1-1-2-1-2-2-0-1-1,1,30,0.6948726496581427,0.4904412900930457,30
3,0-1-1-2-1-2-2-0-1-2,1,31,0.6278093142473866,0.44544578396458584,30
3,0-1-1-2-1-2-2-0-2-0,0,28,0.5112503291272812,0.38356386455188,30
3,0-1-1-2-1-2-2-0-2-1,0,28,0.6278093142473866,0.45140925710642804,30
3,0-1-1-2-1-2-2-0-2-2,0,29,0.5767329021412236,0.41204933553834555,30
3,0-1-1-2-1-2-2-1-0-0,0,31,0.6565380298080602,0.44736521064668605,30
3,0-1-1-2-1-2-2-1-0-1,0,31,0.7716991329148241,0.5139830653134818,30
3,0-1-1-2-1-2-2-1-0-2,0,32,0.7055183657234807,0.469470128033216,30
3,0-1-1-2-1-2-2-1-1-0,1,31,0.7716991329148241,0.5045841018041939,30
3,0-1-1-2-1-2-2-1-1-1,1,29,0.8872297833382013,0.5716407312448576,30
3,0-1-1-2-1-2-2-1-1-2,1,30,0.8220847987295364,0.5281422254074902,30
3,0-1-1-2-1-2-2-1-2-0,0,29,0.7055183657234807,0.46581358980231186,30
3,0-1-1-2-1-2-2-1-2-1,0,27,0.8220847987295364,0.5339361246655504,30
3,0-1-1-2-1-2-2-1-2-2,0,28,0.7691878273254401,0.49535231901708937,30
3,0-1-1-2-1-2-2-2-0-0,0,30,0.5530396781051741,0.39246470986036147,30
3,0-1-1-2-1-2-2-2-0-1,0,30,0.6690892651678857,0.46080723240243765,30
3,0-1-1-2-1-2-2-2-0-2,0,31,0.6286626068890782,0.4242915515159604,30
3,0-1-1-2-1-2-2-2-1-0,1,30,0.6690892651678857,0.45119290089033265,30
3,0-1-1-2-1-2-2-2-1-1,1,28,0.7852947048788411,0.5196295226937854,30
3,0-1-1-2-1-2-2-2-1-2,1,29,0.742047247334432,0.4833552845083391,30
3,0-1-1-2-1-2-2-2-2-0,0,28,0.6286626068890782,0.4192829784308874,30
3,0-1-1-2-1-2-2-2-2-1,0,26,0.742047247334432,0.4880322714705996,30
3,0-1-1-2-1-2-2-2-2-2,0,27,0.7153741892087576,0.4581681332179711,30
3,0-1-1-2-2-0-0-0-0-0,0,32,0.45904650326084595,0.1878032308228908,30
3,0-1-1-2-2-0-0-0-0-1,0,31,0.5502014847886205,0.2549483685923212,30
3,0-1-1-2-2-0-0-0-0-2,0,31,0.44769222117950547,0.21656065868966998,30
3,0-1-1-2-2-0-0-0-1-0,1,34,0.5502014847886205,0.24545611733876838,30
3,0-1-1-2-2-0-0-0-1-1,1,31,0.6495378550283376,0.3132129830832602,30
3,0-1-1-2-2-0-0-0-1-2,1,31,0.5531873022621191,0.27557158048295116,30
3,0-1-1-2-2-0-0-0-2-0,0,32,0.44769222117950547,0.21140686425489907,30
3,0-1-1-2-2-0-0-0-2-1,0,29,0.5531873022621191,0.2801499677685508,30
3,0-1-1-2-2-0-0-0-2-2,0,29,0.4661681318975881,0.2538629112950499,30
3,0-1-1-2-2-0-0-1-0-0,0,33,0.6157544426452327,0.2692743859869615,30
3,0-1-1-2-2-0-0-1-0-1,0,32,0.7186453445552714,0.3371849902590129,30
3,0-1-1-2-2-0-0-1-0-2,0,32,0.6257059807441399,0.2997755212099807,30
3,0-1-1-2-2-0-0-1-1-0,1,35,0.7186453445552714,0.32761768041000705,30
3,0-1-1-2-2-0-0-1-1-1,1,32,0.8251839179287286,0.39578203258494477,30
3,0-1-1-2-2-0-0-1-1-2,1,32,0.7364750211136959,0.35882103858546893,30
3,0-1-1-2-2-0-0-1-2-0,0,33,0.6257059807441399,0.2947108794458799,30
3,0-1-1-2-2-0-0-1-2-1,0,30,0.7364750211136959,0.3634584573473839,30
3,0-1-1-2-2-0-0-1-2-2,0,30,0.6565380298080602,0.33516595997258697,30
3,0-1-1-2-2-0-0-2-0-0,0,32,0.45679822537498516,0.2248884018828927,30
3,0-1-1-2-2-0-0-2-0-1,0,31,0.5686056703607024,0.2933114611215938,30
3,0-1-1-2-2-0-0-2-0-2,0,31,0.4936282683967723,0.27140313972571245,30
3,0-1-1-2-2-0-0-2-1-0,1,34,0.5686056703607024,0.28368370432840206,30
3,0-1-1-2-2-0-0-2-1-1,1,31,0.6820117063295691,0.35221912798405525,30
3,0-1-1-2-2-0-0-2-1-2,1,31,0.6098414070828687,0.3280607262371984,30
3,0-1-1-2-2-0-0-2-2-0,0,32,0.4936282683967723,0.26427939682291907,30
3,0-1-1-2-2-0-0-2-2-1,0,29,0.6098414070828687,0.33070068726144086,30
3,0-1-1-2-2-0-0-2-2-2,0,29,0.5530396781051741,0.31788916406373524,30
3,0-1-1-2-2-0-1-0-0-0,0,31,0.5502014847886205,0.24564720874269436,30
3,0-1-1-2-2-0-1-0-0-1,0,31,0.6495378550283376,0.3134054722915749,30
3,0-1-1-2-2-0-1-0-0-2,0,31,0.5531873022621191,0.2757660737420281,30
3,0-1-1-2-2-0-1-0-1-0,1,31,0.6495378550283376,0.30385380829866065,30
3,0-1-1-2-2-0-1-0-1-1,1,31,0.7538281938941017,0.3719309422585715,30
3,0-1-1-2-2-0-1-0-1-2,1,31,0.6624075991465237,0.3348044774609156,30
3,0-1-1-2-2-0-1-0-2-0,0,29,0.5531873022621191,0.2706812271310253,30
3,0-1-1-2-2-0-1-0-2-1,0,29,0.6624075991465237,0.339427887284835,30
3,0-1-1-2-2-0-1-0-2-2,0,29,0.5800779934182111,0.3116051236383893,30
3,0-1-1-2-2-0-1-1-0-0,0,32,0.7186453445552714,0.32781036019366055,30
3,0-1-1-2-2-0-1-1-0-1,0,32,0.8251839179287286,0.39597534862219785,30
3,0-1-1-2-2-0-1-1-0-2,0,32,0.7364750211136959,0.35901561428131085,30
3,0-1-1-2-2-0-1-1-1-0,1,32,0.8251839179287286,0.386380920131793,30
3,0-1-1-2-2-0-1-1-1-1,1,32,0.9341229229116836,0.45470002199316645,30
3,0-1-1-2-2-0-1-1-1-2,1,32,0.8488007473214606,0.4180733422925232,30
3,0-1-1-2-2-0-1-1-2-0,0,30,0.7364750211136959,0.3539892746636738,30
3,0-1-1-2-2-0-1-1-2-1,0,30,0.8488007473214606,0.4227384251394096,30
3,0-1-1-2-2-0-1-1-2-2,0,30,0.7716991329148241,0.3935302221137848,30
3,0-1-1-2-2-0-1-2-0-0,0,31,0.5686056703607024,0.28387763346210104,30
3,0-1-1-2-2-0-1-2-0-1,0,31,0.6820117063295691,0.3524133261707678,30
3,0-1-1-2-2-0-1-2-0-2,0,31,0.6098414070828687,0.32824882728047217,30
3,0-1-1-2-2-0-1-2-1-0,1,31,0.6820117063295691,0.3427741168803458,30
3,0-1-1-2-2-0-1-2-1-1,1,31,0.7963336589134075,0.4113730508654198,30
3,0-1-1-2-2-0-1-2-1-2,1,31,0.7261707690129431,0.38563895301217155,30
3,0-1-1-2-2-0-1-2-2-0,0,29,0.6098414070828687,0.32149383178405627,30
3,0-1-1-2-2-0-1-2-2-1,0,29,0.7261707690129431,0.38862507716841527,30
3,0-1-1-2-2-0-1-2-2-2,0,29,0.6690892651678857,0.3723494538718684,30
3,0-1-1-2-2-0-2-0-0-0,0,31,0.44769222117950547,0.21150756981730498,30
3,0-1-1-2-2-0-2-0-0-1,0,31,0.5531873022621191,0.28024985300588706,30
3,0-1-1-2-2-0-2-0-0-2,0,31,0.4661681318975881,0.25399948667953653,30
3,0-1-1-2-2-0-2-0-1-0,1,31,0.5531873022621191,0.27058653132230537,30
3,0-1-1-2-2-0-2-0-1-1,1,31,0.6624075991465237,0.33933265248920186,30
3,0-1-1-2-2-0-2-0-1-2,1,31,0.5800779934182111,0.3115443517747409,30
3,0-1-1-2-2-0-2-0-2-0,0,29,0.4661681318975881,0.2473139592898279,30
3,0-1-1-2-2-0-2-0-2-1,0,29,0.5800779934182111,0.3146923061113355,30
3,0-1-1-2-2-0-2-0-2-2,0,29,0.5112503291272812,0.29844519043800644,30
3,0-1-1-2-2-0-2-1-0-0,0,32,0.6257059807441399,0.2948106398252987,30
3,0-1-1-2-2-0-2-1-0-1,0,32,0.7364750211136959,0.36355776286712205,30
3,0-1-1-2-2-0-2-1-0-2,0,32,0.6565380298080602,0.3352936075756897,30
3,0-1-1-2-2-0-2-1-1-0,1,32,0.7364750211136959,0.35389395266702134,30
3,0-1-1-2-2-0-2-1-1-1,1,32,0.8488007473214606,0.42264277281594903,30
3,0-1-1-2-2-0-2-1-1-2,1,32,0.7716991329148241,0.3934614907554071,30
3,0-1-1-2-2-0-2-1-2-0,0,30,0.6565380298080602,0.32903655494842227,30
3,0-1-1-2-2-0-2-1-2-1,0,30,0.7716991329148241,0.39697419705231646,30
3,0-1-1-2-2-0-2-1-2-2,0,30,0.7055183657234807,0.3766942984858758,30
3,0-1-1-2-2-0-2-2-0-0,0,31,0.4936282683967723,0.2644213144397196,30
3,0-1-1-2-2-0-2-2-0-1,0,31,0.6098414070828687,0.3308343427356068,30
3,0-1-1-2-2-0-2-2-0-2,0,31,0.5530396781051741,0.31804924813685764,30
3,0-1-1-2-2-0-2-2-1-0,1,31,0.6098414070828687,0.32143933975414307,30
3,0-1-1-2-2-0-2-2-1-1,1,31,0.7261707690129431,0.38856277489920815,30
3,0-1-1-2-2-0-2-2-1-2,1,31,0.6690892651678857,0.3723203820612452,30
3,0-1-1-2-2-0-2-2-2-0,0,29,0.5530396781051741,0.31015056252840933,30
3,0-1-1-2-2-0-2-2-2-1,0,29,0.6690892651678857,0.3738831733124952,30
3,0-1-1-2-2-0-2-2-2-2,0,29,0.6286626068890782,0.36817810124938377,30
3,0-1-1-2-2-1-0-0-0-0,0,33,0.5502014847886205,0.2518952359078527,30
3,0-1-1-2-2-1-0-0-0-1,0,32,0.6495378550283376,0.3196976135425063,30
3,0-1-1-2-2-1-0-0-0-2,0,32,0.5531873022621191,0.2821223915312749,30
3,0-1-1-2-2-1-0-0-1-0,1,35,0.6495378550283376,0.31014146039381674,30
3,0-1-1-2-2-1-0-0-1-1,1,32,0.7538281938941017,0.3782434794936083,30
3,0-1-1-2-2-1-0-0-1-2,1,32,0.6624075991465237,0.34116284151666226,30
3,0-1-1-2-2-1-0-0-2-0,0,33,0.5531873022621191,0.27704322838676415,30
3,0-1-1-2-2-1-0-0-2-1,0,30,0.6624075991465237,0.34579015265464447,30
3,0-1-1-2-2-1-0-0-2-2,0,30,0.5800779934182111,0.31783617543907,30
3,0-1-1-2-2-1-0-1-0-0,0,33,0.7186453445552714,0.3341085452643307,30
3,0-1-1-2-2-1-0-1-0-1,0,32,0.8251839179287286,0.4022937730282358,30
3,0-1-1-2-2-1-0-1-0-2,0,32,0.7364750211136959,0.36537454308199036,30
3,0-1-1-2-2-1-0-1-1-0,1,35,0.8251839179287286,0.3926971264700763,30
3,0-1-1-2-2-1-0-1-1-1,1,32,0.9341229229116836,0.4610291129950719,30
3,0-1-1-2-2-1-0-1-1-2,1,32,0.8488007473214606,0.4244332631849695,30
3,0-1-1-2-2-1-0-1-2-0,0,33,0.7364750211136959,0.36035157736448287,30
3,0-1-1-2-2-1-0-1-2-1,0,30,0.8488007473214606,0.42910085545705673,30
3,0-1-1-2-2-1-0-1-2-2,0,30,0.7716991329148241,0.3998103877031187,30
3,0-1-1-2-2-1-0-2-0-0,0,33,0.5686056703607024,0.29021592654300676,30
3,0-1-1-2-2-1-0-2-0-1,0,32,0.6820117063295691,0.35876014415538066,30
3,0-1-1-2-2-1-0-2-0-2,0,32,0.6098414070828687,0.3344002444921571,30
3,0-1-1-2-2-1-0-2-1-0,1,35,0.6820117063295691,0.3491200343290085,30
3,0-1-1-2-2-1-0-2-1-1,1,32,0.7963336589134075,0.4177240781635445,30
3,0-1-1-2-2-1-0-2-1-2,1,32,0.7261707690129431,0.3918489031672123,30
3,0-1-1-2-2-1-0-2-2-0,0,33,0.6098414070828687,0.3276782294846196,30
3,0-1-1-2-2-1-0-2-2-1,0,30,0.7261707690129431,0.3948659318548631,30
3,0-1-1-2-2-1-0-2-2-2,0,30,0.6690892651678857,0.37828073129343365,30
3,0-1-1-2-2-1-1-0-0-0,0,32,0.6495378550283376,0.3103339054676967,30
3,0-1-1-2-2-1-1-0-0-1,0,32,0.7538281938941017,0.37843666428266765,30
3,0-1-1-2-2-1-1-0-0-2,0,32,0.6624075991465237,0.34135740462529235,30
3,0-1-1-2-2-1-1-0-1-0,1,32,0.7538281938941017,0.3688489963223231,30
3,0-1-1-2-2-1-1-0-1-1,1,32,0.8612747739531744,0.4371290520785202,30
3,0-1-1-2-2-1-1-0-1-2,1,32,0.7737772502301296,0.40041210264417343,30
3,0-1-1-2-2-1-1-0-2-0,0,30,0.6624075991465237,0.3363210374273796,30
3,0-1-1-2-2-1-1-0-2-1,0,30,0.7737772502301296,0.4050697980015897,30
3,0-1-1-2-2-1-1-0-2-2,0,30,0.6948726496581427,0.3761045534401737,30
3,0-1-1-2-2-1-1-1-0-0,0,32,0.8251839179287286,0.39289042069575764,30
3,0-1-1-2-2-1-1-1-0-1,0,32,0.9341229229116836,0.46122279240297087,30
3,0-1-1-2-2-1-1-1-0-2,0,32,0.8488007473214606,0.4246278726928372,30
3,0-1-1-2-2-1-1-1-1-0,1,32,0.9341229229116836,0.45160970917011106,30
3,0-1-1-2-2-1-1-1-1-1,1,30,1.0447117025062687,0.5200384226831112,30
3,0-1-1-2-2-1-1-1-1-2,1,30,0.9621381034581988,0.4836939136025261,30
3,0-1-1-2-2-1-1-1-2-0,0,30,0.8488007473214606,0.4196314916404875,30
3,0-1-1-2-2-1-1-1-2-1,0,28,0.9621381034581988,0.4883817107347343,30
3,0-1-1-2-2-1-1-1-2-2,0,28,0.8872297833382013,0.4584338408779361,30
3,0-1-1-2-2-1-1-2-0-0,0,32,0.6820117063295691,0.34931422366118614,30
3,0-1-1-2-2-1-1-2-0-1,0,32,0.7963336589134075,0.4179184198214395,30
3,0-1-1-2-2-1-1-2-0-2,0,32,0.7261707690129431,0.39203899962713507,30
3,0-1-1-2-2-1-1-2-1-0,1,32,0.7963336589134075,0.40827181488036196,30
3,0-1-1-2-2-1-1-2-1-1,1,30,0.9112268623179846,0.4769133083614439,30
3,0-1-1-2-2-1-1-2-1-2,1,30,0.842568216400609,0.44991393649073913,30
3,0-1-1-2-2-1-1-2-2-0,0,30,0.7261707690129431,0.3855789565348243,30
3,0-1-1-2-2-1-1-2-2-1,0,28,0.842568216400609,0.45317660524653786,30
3,0-1-1-2-2-1-1-2-2-2,0,28,0.7852947048788411,0.4341316991324556,30
3,0-1-1-2-2-1-2-0-0-0,0,32,0.5531873022621191,0.277143141954981,30
3,0-1-1-2-2-1-2-0-0-1,0,32,0.6624075991465237,0.34588955787044046,30
3,0-1-1-2-2-1-2-0-0-2,0,32,0.5800779934182111,0.31796537047576434,30
3,0-1-1-2-2-1-2-0-1-0,1,32,0.6624075991465237,0.3362258222182272,30
3,0-1-1-2-2-1-2-0-1-1,1,32,0.7737772502301296,0.40497421983377446,30
3,0-1-1-2-2-1-2-0-1-2,1,32,0.6948726496581427,0.37603721127262785,30
3,0-1-1-2-2-1-2-0-2-0,0,30,0.5800779934182111,0.3116343936050415,30
3,0-1-1-2-2-1-2-0-2-1,0,30,0.6948726496581427,0.37948621244384184,30
3,0-1-1-2-2-1-2-0-2-2,0,30,0.6278093142473866,0.35990929559989787,30
3,0-1-1-2-2-1-2-1-0-0,0,32,0.7364750211136959,0.3604508997093696,30
3,0-1-1-2-2-1-2-1-0-1,0,32,0.8488007473214606,0.42919986227790136,30
3,0-1-1-2-2-1-2-1-0-2,0,32,0.7716991329148241,0.3999333814198035,30
3,0-1-1-2-2-1-2-1-1-0,1,32,0.8488007473214606,0.41953585190303977,30
3,0-1-1-2-2-1-2-1-1-1,1,30,0.9621381034581988,0.48828583002438863,30
3,0-1-1-2-2-1-2-1-1-2,1,30,0.8872297833382013,0.45836089989314527,30
3,0-1-1-2-2-1-2-1-2-0,0,30,0.7716991329148241,0.3938978598757967,30
3,0-1-1-2-2-1-2-1-2-1,0,28,0.8872297833382013,0.46206679142637896,30
3,0-1-1-2-2-1-2-1-2-2,0,28,0.8220847987295364,0.43966172517042934,30
3,0-1-1-2-2-1-2-2-0-0,0,32,0.6098414070828687,0.3278121945945625,30
3,0-1-1-2-2-1-2-2-0-1,0,32,0.7261707690129431,0.3949940541571557,30
3,0-1-1-2-2-1-2-2-0-2,0,32,0.6690892651678857,0.3784321553210829,30
3,0-1-1-2-2-1-2-2-1-0,1,32,0.7261707690129431,0.38551694656277197,30
3,0-1-1-2-2-1-2-2-1-1,1,30,0.842568216400609,0.45310907525032773,30
3,0-1-1-2-2-1-2-2-1-2,1,30,0.7852947048788411,0.4340920436835955,30
3,0-1-1-2-2-1-2-2-2-0,0,30,0.6690892651678857,0.37096429290010885,30
3,0-1-1-2-2-1-2-2-2-1,0,28,0.7852947048788411,0.4361610935740844,30
3,0-1-1-2-2-1-2-2-2-2,0,28,0.742047247334432,0.42601598321595385,30
3,0-1-1-2-2-2-0-0-0-0,0,32,0.44769222117950547,0.21486981772060743,30
3,0-1-1-2-2-2-0-0-0-1,0,31,0.5531873022621191,0.2835683766806915,30
3,0-1-1-2-2-2-0-0-0-2,0,31,0.4661681318975881,0.25850385111871294,30
3,0-1-1-2-2-2-0-0-1-0,1,34,0.5531873022621191,0.27390988002280775,30
3,0-1-1-2-2-2-0-0-1-1,1,31,0.6624075991465237,0.342627579381266,30
3,0-1-1-2-2-2-0-0-1-2,1,31,0.5800779934182111,0.315823289034055,30
3,0-1-1-2-2-2-0-0-2-0,0,32,0.4661681318975881,0.2516936845939718,30
3,0-1-1-2-2-2-0-0-2-1,0,29,0.5800779934182111,0.31883259180451723,30
3,0-1-1-2-2-2-0-0-2-2,0,29,0.5112503291272812,0.3035291805295327,30
3,0-1-1-2-2-2-0-1-0-0,0,33,0.6257059807441399,0.2981224821455836,30
3,0-1-1-2-2-2-0-1-0-1,0,32,0.7364750211136959,0.36684520661121456,30
3,0-1-1-2-2-2-0-1-0-2,0,32,0.6565380298080602,0.33950024980850185,30
3,0-1-1-2-2-2-0-1-1-0,1,35,0.7364750211136959,0.35718426015788673,30
3,0-1-1-2-2-2-0-1-1-1,1,32,0.8488007473214606,0.4259155280686995,30
3,0-1-1-2-2-2-0-1-1-2,1,32,0.7716991329148241,0.39752550359717664,30
3,0-1-1-2-2-2-0-1-2-0,0,33,0.6565380298080602,0.3331376373608694,30
3,0-1-1-2-2-2-0-1-2-1,0,30,0.7716991329148241,0.40092593047297864,30
3,0-1-1-2-2-2-0-1-2-2,0,30,0.7055183657234807,0.3814303878537927,30
3,0-1-1-2-2-2-0-2-0-0,0,32,0.4936282683967723,0.26909560952503087,30
3,0-1-1-2-2-2-0-2-0-1,0,31,0.6098414070828687,0.3352351943563744,30
3,0-1-1-2-2-2-0-2-0-2,0,31,0.5530396781051741,0.3233018018949351,30
3,0-1-1-2-2-2-0-2-1-0,1,34,0.6098414070828687,0.3258727200012382,30
3,0-1-1-2-2-2-0-2-1-1,1,31,0.7261707690129431,0.3927954533889552,30
3,0-1-1-2-2-2-0-2-1-2,1,31,0.6690892651678857,0.37731573347811787,30
3,0-1-1-2-2-2-0-2-2-0,0,32,0.5530396781051741,0.3153396849429544,30
3,0-1-1-2-2-2-0-2-2-1,0,29,0.6690892651678857,0.37877675537932715,30
3,0-1-1-2-2-2-0-2-2-2,0,29,0.6286626068890782,0.37373222370476306,30
3,0-1-1-2-2-2-1-0-0-0,0,31,0.5531873022621191,0.2741044488875504,30
3,0-1-1-2-2-2-1-0-0-1,0,31,0.6624075991465237,0.34282219348350457,30
3,0-1-1-2-2-2-1-0-0-2,0,31,0.5800779934182111,0.3160132311396082,30
3,0-1-1-2-2-2-1-0-1-0,1,31,0.6624075991465237,0.33316177201141306,30
3,0-1-1-2-2-2-1-0-1-1,1,31,0.7737772502301296,0.40189006440468245,30
3,0-1-1-2-2-2-1-0-1-2,1,31,0.6948726496581427,0.3738855503110453,30
3,0-1-1-2-2-2-1-0-2-0,0,29,0.5800779934182111,0.30954303094829644,30
3,0-1-1-2-2-2-1-0-2-1,0,29,0.6948726496581427,0.37719122537489175,30
3,0-1-1-2-2-2-1-0-2-2,0,29,0.6278093142473866,0.3587102611531025,30
3,0-1-1-2-2-2-1-1-0-0,0,32,0.7364750211136959,0.3573788806566303,30
3,0-1-1-2-2-2-1-1-0-1,0,32,0.8488007473214606,0.42611017043861454,30
3,0-1-1-2-2-2-1-1-0-2,0,32,0.7716991329148241,0.39771721169469954,30
3,0-1-1-2-2-2-1-1-1-0,1,32,0.8488007473214606,0.4164482912755127,30
3,0-1-1-2-2-2-1-1-1-1,1,30,0.9621381034581988,0.4851849569088624,30
3,0-1-1-2-2-2-1-1-1-2,1,30,0.8872297833382013,0.45601646953961583,30
3,0-1-1-2-2-2-1-1-2-0,0,30,0.7716991329148241,0.3915690261200851,30
3,0-1-1-2-2-2-1-1-2-1,0,28,0.8872297833382013,0.4596074850072958,30
3,0-1-1-2-2-2-1-1-2-2,0,28,0.8220847987295364,0.43807609892343313,30
3,0-1-1-2-2-2-1-2-0-0,0,31,0.6098414070828687,0.32606115564622123,30
3,0-1-1-2-2-2-1-2-0-1,0,31,0.7261707690129431,0.3929858616409956,30
3,0-1-1-2-2-2-1-2-0-2,0,31,0.6690892651678857,0.3774962200388799,30
3,0-1-1-2-2-2-1-2-1-0,1,31,0.7261707690129431,0.38353929840333434,30
3,0-1-1-2-2-2-1-2-1-1,1,29,0.842568216400609,0.45094284974995413,30
3,0-1-1-2-2-2-1-2-1-2,1,29,0.7852947048788411,0.43284227772743705,30
3,0-1-1-2-2-2-1-2-2-0,0,29,0.6690892651678857,0.369926362763092,30
3,0-1-1-2-2-2-1-2-2-1,0,27,0.7852947048788411,0.4347758608084835,30
3,0-1-1-2-2-2-1-2-2-2,0,27,0.742047247334432,0.4256266942779144,30
3,0-1-1-2-2-2-2-0-0-0,0,31,0.4661681318975881,0.2518290342752259,30
3,0-1-1-2-2-2-2-0-0-1,0,31,0.5800779934182111,0.3189604349593496,30
3,0-1-1-2-2-2-2-0-0-2,0,31,0.5112503291272812,0.30368550630342844,30
3,0-1-1-2-2-2-2-0-1-0,1,31,0.5800779934182111,0.30948087682815306,30
3,0-1-1-2-2-2-2-0-1-1,1,31,0.6948726496581427,0.3771224731838563,30
3,0-1-1-2-2-2-2-0-1-2,1,31,0.6278093142473866,0.3586752882529823,30
3,0-1-1-2-2-2-2-0-2-0,0,29,0.5112503291272812,0.295980520345868,30
3,0-1-1-2-2-2-2-0-2-1,0,29,0.6278093142473866,0.36053417318741937,30
3,0-1-1-2-2-2-2-0-2-2,0,29,0.5767329021412236,0.3528973544127371,30
3,0-1-1-2-2-2-2-1-0-0,0,32,0.6565380298080602,0.3332642466878054,30
3,0-1-1-2-2-2-2-1-0-1,0,32,0.7716991329148241,0.40104782788689974,30
3,0-1-1-2-2-2-2-1-0-2,0,32,0.7055183657234807,0.381576054199736,30
3,0-1-1-2-2-2-2-1-1-0,1,32,0.7716991329148241,0.39149917787371047,30
3,0-1-1-2-2-2-2-1-1-1,1,30,0.8872297833382013,0.4595334139110261,30
3,0-1-1-2-2-2-2-1-1-2,1,30,0.8220847987295364,0.43802894692052186,30
3,0-1-1-2-2-2-2-1-2-0,0,30,0.7055183657234807,0.37439906892131014,30
3,0-1-1-2-2-2-2-1-2-1,0,28,0.8220847987295364,0.44046735405454807,30
3,0-1-1-2-2-2-2-1-2-2,0,28,0.7691878273254401,0.42759202508923716,30
3,0-1-1-2-2-2-2-2-0-0,0,31,0.5530396781051741,0.3154991452420042,30
3,0-1-1-2-2-2-2-2-0-1,0,31,0.6690892651678857,0.3789271829750046,30
3,0-1-1-2-2-2-2-2-0-2,0,31,0.6286626068890782,0.3739025814970492,30
3,0-1-1-2-2-2-2-2-1-0,1,31,0.6690892651678857,0.36989628280816816,30
3,0-1-1-2-2-2-2-2-1-1,1,29,0.7852947048788411,0.43473487262555666,30
3,0-1-1-2-2-2-2-2-1-2,1,29,0.742047247334432,0.42561627657231726,30
3,0-1-1-2-2-2-2-2-2-0,0,29,0.6286626068890782,0.36547546306930695,30
3,0-1-1-2-2-2-2-2-2-1,0,27,0.742047247334432,0.4262404702757849,30
3,0-1-1-2-2-2-2-2-2-2,0,27,0.7153741892087576,0.4265686275383691,30
3,0-1-2-0-0-0-0-0-0-0,0,28,0.27280053152649736,0.5680222347788368,30
3,0-1-2-0-0-0-0-0-0-1,0,29,0.16070468746950117,0.5000032008822886,30
3,0-1-2-0-0-0-0-0-0-2,0,28,0.21294269847217911,0.5286218275292492,30
3,0-1-2-0-0-0-0-0-1-0,0,28,0.16070468746950117,0.5095526224199312,30
3,0-1-2-0-0-0-0-0-1-1,0,28,0.0664201226423071,0.44172714066145,30
3,0-1-2-0-0-0-0-0-1-2,0,27,0.10168748289712576,0.4695723345753122,30
3,0-1-2-0-0-0-0-0-2-0,1,30,0.21294269847217911,0.5338011639853456,30
3,0-1-2-0-0-0-0-0-2-1,1,30,0.10168748289712576,0.4651452992428932,30
3,0-1-2-0-0-0-0-0-2-2,1,29,0.20844381786876257,0.4998604906389886,30
3,0-1-2-0-0-0-0-1-0-0,0,30,0.09235680588006155,0.4856227855235389,30
3,0-1-2-0-0-0-0-1-0-1,0,30,0.07235511089016977,0.41789931451962997,30
3,0-1-2-0-0-0-0-1-0-2,0,30,0.04586992889526571,0.4453644237479382,30
3,0-1-2-0-0-0-0-1-1-0,0,30,0.07235511089016977,0.4273992315957027,30
3,0-1-2-0-0-0-0-1-1-1,0,29,0.17064733837686613,0.3600076395265163,30
3,0-1-2-0-0-0-0-1-1-2,0,29,0.11135267229944398,0.38633225122367126,30
3,0-1-2-0-0-0-0-1-2-0,1,32,0.04586992889526571,0.4506072703110132,30
3,0-1-2-0-0-0-0-1-2-1,1,31,0.11135267229944398,0.38199448210640274,30
3,0-1-2-0-0-0-0-1-2-2,1,31,0.15118892388321503,0.4167636527701952,30
3,0-1-2-0-0-0-0-2-0-0,0,28,0.2026345808483989,0.5210590015455521,30
3,0-1-2-0-0-0-0-2-0-1,0,29,0.12294896454282285,0.4523103221954045,30
3,0-1-2-0-0-0-0-2-0-2,0,28,0.23934254133586677,0.4896434069767635,30
3,0-1-2-0-0-0-0-2-1-0,0,28,0.12294896454282285,0.46197413095547696,30
3,0-1-2-0-0-0-0-2-1-1,0,28,0.12787451643043182,0.3932267694822575,30
3,0-1-2-0-0-0-0-2-1-2,0,27,0.21196794897216495,0.4309649702963033,30
3,0-1-2-0-0-0-0-2-2-0,1,30,0.23934254133586677,0.4936019693008576,30
3,0-1-2-0-0-0-0-2-2-1,1,30,0.21196794897216495,0.4251912200608197,30
3,0-1-2-0-0-0-0-2-2-2,1,29,0.31731482848148507,0.46905877786730615,30
3,0-1-2-0-0-0-1-0-0-0,0,28,0.16070468746950117,0.5093602038701422,30
3,0-1-2-0-0-0-1-0-0-1,0,31,0.0664201226423071,0.44153548072027166,30
3,0-1-2-0-0-0-1-0-0-2,0,28,0.10168748289712576,0.46937778548124887,30
3,0-1-2-0-0-0-1-0-1-0,0,27,0.0664201226423071,0.45105250993818113,30
3,0-1-2-0-0-0-1-0-1-1,0,30,0.10088130824184764,0.3835090354376318,30
3,0-1-2-0-0-0-1-0-1-2,0,27,0.05015839976426237,0.41033959105165824,30
3,0-1-2-0-0-0-1-0-2-0,1,29,0.10168748289712576,0.4746000501128359,30
3,0-1-2-0-0-0-1-0-2-1,1,32,0.05015839976426237,0.40597228484419423,30
3,0-1-2-0-0-0-1-0-2-2,1,29,0.14844009338738284,0.44072434227788704,30
3,0-1-2-0-0-0-1-1-0-0,0,30,0.07235511089016977,0.42720778030041934,30
3,0-1-2-0-0-0-1-1-0-1,0,32,0.17064733837686613,0.3598175323193761,30
3,0-1-2-0-0-0-1-1-0-2,0,30,0.11135267229944398,0.38613777146160216,30
3,0-1-2-0-0-0-1-1-1-0,0,29,0.17064733837686613,0.36926011769643186,30
3,0-1-2-0-0-0-1-1-1-1,0,31,0.2831705063418629,0.3023908954133671,30
3,0-1-2-0-0-0-1-1-1-2,0,29,0.22332611675130273,0.32712604691091857,30
3,0-1-2-0-0-0-1-1-2-0,1,31,0.11135267229944398,0.391442047560326,30
3,0-1-2-0-0-0-1-1-2-1,1,33,0.22332611675130273,0.3228801180928845,30
3,0-1-2-0-0-0-1-1-2-2,1,31,0.21620208770533292,0.3576979419718025,30
3,0-1-2-0-0-0-1-2-0-0,0,28,0.12294896454282285,0.46177945060188336,30
3,0-1-2-0-0-0-1-2-0-1,0,31,0.12787451643043182,0.39303209440184217,30
3,0-1-2-0-0-0-1-2-0-2,0,28,0.21196794897216495,0.4307718128914321,30
3,0-1-2-0-0-0-1-2-1-0,0,27,0.12787451643043182,0.40269567815114804,30
3,0-1-2-0-0-0-1-2-1-1,0,30,0.21158238481995553,0.3339503339208625,30
3,0-1-2-0-0-0-1-2-1-2,0,27,0.2444498726394433,0.37222362637461304,30
3,0-1-2-0-0-0-1-2-2-0,1,29,0.21196794897216495,0.43460746520937954,30
3,0-1-2-0-0-0-1-2-2-1,1,32,0.2444498726394433,0.366306074333615,30
3,0-1-2-0-0-0-1-2-2-2,1,29,0.31925560988712287,0.41150065940632125,30
3,0-1-2-0-0-0-2-0-0-0,0,28,0.21294269847217911,0.533695593617054,30
3,0-1-2-0-0-0-2-0-0-1,0,29,0.10168748289712576,0.465038535193675,30
3,0-1-2-0-0-0-2-0-0-2,0,28,0.20844381786876257,0.4997745349078293,30
3,0-1-2-0-0-0-2-0-1-0,0,27,0.10168748289712576,0.4746878650962673,30
3,0-1-2-0-0-0-2-0-1-1,0,28,0.05015839976426237,0.4060584587605494,30
3,0-1-2-0-0-0-2-0-1-2,0,27,0.14844009338738284,0.44083408830532866,30
3,0-1-2-0-0-0-2-0-2-0,1,29,0.20844381786876257,0.504114415324776,30
3,0-1-2-0-0-0-2-0-2-1,1,30,0.14844009338738284,0.43545805923569814,30
3,0-1-2-0-0-0-2-0-2-2,1,29,0.26216946261228974,0.47665500409293887,30
3,0-1-2-0-0-0-2-1-0-0,0,30,0.04586992889526571,0.4505002076423465,30
3,0-1-2-0-0-0-2-1-0-1,0,30,0.11135267229944398,0.3818857096325577,30
3,0-1-2-0-0-0-2-1-0-2,0,30,0.15118892388321503,0.41668001987778064,30
3,0-1-2-0-0-0-2-1-1-0,0,29,0.11135267229944398,0.39152779881671385,30
3,0-1-2-0-0-0-2-1-1-1,0,29,0.22332611675130273,0.3229633500484958,30
3,0-1-2-0-0-0-2-1-1-2,0,29,0.21620208770533292,0.35781048639198937,30
3,0-1-2-0-0-0-2-1-2-0,1,31,0.15118892388321503,0.4209201740785468,30
3,0-1-2-0-0-0-2-1-2-1,1,31,0.21620208770533292,0.35231034064917754,30
3,0-1-2-0-0-0-2-1-2-2,1,31,0.26606747372929845,0.3949311901058027,30
3,0-1-2-0-0-0-2-2-0-0,0,28,0.23934254133586677,0.4935206684434247,30
3,0-1-2-0-0-0-2-2-0-1,0,29,0.21196794897216495,0.425112579834021,30
3,0-1-2-0-0-0-2-2-0-2,0,28,0.31731482848148507,0.4690017642225535,30
3,0-1-2-0-0-0-2-2-1-0,0,27,0.21196794897216495,0.4347220164343795,30
3,0-1-2-0-0-0-2-2-1-1,0,28,0.2444498726394433,0.3664237124117193,30
3,0-1-2-0-0-0-2-2-1-2,0,27,0.31925560988712287,0.41163790068706807,30
3,0-1-2-0-0-0-2-2-2-0,1,29,0.31731482848148507,0.4719205492558013,30
3,0-1-2-0-0-0-2-2-2-1,1,30,0.31925560988712287,0.4048821868253158,30
3,0-1-2-0-0-0-2-2-2-2,1,29,0.41385059888681575,0.45522967781707885,30
3,0-1-2-0-0-1-0-0-0-0,0,28,0.16070468746950117,0.5030728052230432,30
3,0-1-2-0-0-1-0-0-0-1,0,29,0.0664201226423071,0.4352733924049379,30
3,0-1-2-0-0-1-0-0-0-2,0,28,0.10168748289712576,0.46301986268179335,30
3,0-1-2-0-0-1-0-0-1-0,0,28,0.0664201226423071,0.44478615841491326,30
3,0-1-2-0-0-1-0-0-1-1,0,28,0.10088130824184764,0.3772803408484714,30
3,0-1-2-0-0-1-0-0-1-2,0,27,0.05015839976426237,0.4039831650534979,30
3,0-1-2-0-0-1-0-0-2-0,1,30,0.10168748289712576,0.4682473732967038,30
3,0-1-2-0-0-1-0-0-2-1,1,30,0.05015839976426237,0.39962333068308764,30
3,0-1-2-0-0-1-0-0-2-2,1,29,0.14844009338738284,0.4343797861027476,30
3,0-1-2-0-0-1-0-1-0-0,0,30,0.07235511089016977,0.42095266560020067,30
3,0-1-2-0-0-1-0-1-0-1,0,30,0.17064733837686613,0.3536074532918968,30
3,0-1-2-0-0-1-0-1-0-2,0,30,0.11135267229944398,0.37978216827843814,30
3,0-1-2-0-0-1-0-1-1-0,0,30,0.17064733837686613,0.3630421787829892,30
3,0-1-2-0-0-1-0-1-1-1,0,29,0.2831705063418629,0.29624611054946826,30
3,0-1-2-0-0-1-0-1-1-2,0,29,0.22332611675130273,0.32077328019664914,30
3,0-1-2-0-0-1-0-1-2-0,1,32,0.11135267229944398,0.38509414522780094,30
3,0-1-2-0-0-1-0-1-2-1,1,31,0.22332611675130273,0.31653927099596635,30
3,0-1-2-0-0-1-0-1-2-2,1,31,0.21620208770533292,0.35136291700691663,30
3,0-1-2-0-0-1-0-2-0-0,0,28,0.12294896454282285,0.45541717753692973,30
3,0-1-2-0-0-1-0-2-0-1,0,29,0.12787451643043182,0.38666999774988653,30
3,0-1-2-0-0-1-0-2-0-2,0,28,0.21196794897216495,0.42446007709269146,30
3,0-1-2-0-0-1-0-2-1-0,0,28,0.12787451643043182,0.3963335510990122,30
3,0-1-2-0-0-1-0-2-1-1,0,28,0.21158238481995553,0.32758848481512354,30
3,0-1-2-0-0-1-0-2-1-2,0,27,0.2444498726394433,0.36592944705618335,30
3,0-1-2-0-0-1-0-2-2-0,1,30,0.21196794897216495,0.42828046695717426,30
3,0-1-2-0-0-1-0-2-2-1,1,30,0.2444498726394433,0.35999384020773145,30
3,0-1-2-0-0-1-0-2-2-2,1,29,0.31925560988712287,0.4053526365023505,30
3,0-1-2-0-0-1-1-0-0-0,0,28,0.0664201226423071,0.4445944565473917,30
3,0-1-2-0-0-1-1-0-0-1,0,31,0.10088130824184764,0.3770898186536597,30
3,0-1-2-0-0-1-1-0-0-2,0,28,0.05015839976426237,0.40378866694718474,30
3,0-1-2-0-0-1-1-0-1-0,0,27,0.10088130824184764,0.38655225232586615,30
3,0-1-2-0-0-1-1-0-1-1,0,30,0.2076588874981582,0.31949991300515374,30
3,0-1-2-0-0-1-1-0-1-2,0,27,0.1478889972225397,0.3447698153649397,30
3,0-1-2-0-0-1-1-0-2-0,1,29,0.05015839976426237,0.40907279651482426,30
3,0-1-2-0-0-1-1-0-2-1,1,32,0.1478889972225397,0.34049314006936887,30
3,0-1-2-0-0-1-1-0-2-2,1,29,0.16673292112124255,0.3752954298992915,30
3,0-1-2-0-0-1-1-1-0-0,0,30,0.17064733837686613,0.36285199428924814,30
3,0-1-2-0-0-1-1-1-0-1,0,32,0.2831705063418629,0.29605823053279456,30
3,0-1-2-0-0-1-1-1-0-2,0,30,0.22332611675130273,0.3205788971617925,30
3,0-1-2-0-0-1-1-1-1-0,0,29,0.2831705063418629,0.3053947941309497,30
3,0-1-2-0-0-1-1-1-1-1,0,31,0.39803307246047265,0.23954109560017314,30
3,0-1-2-0-0-1-1-1-1-2,0,29,0.3384220157759009,0.2616061254526209,30
3,0-1-2-0-0-1-1-1-2-0,1,31,0.22332611675130273,0.32597682522536525,30
3,0-1-2-0-0-1-1-1-2-1,1,33,0.3384220157759009,0.25751178951029363,30
3,0-1-2-0-0-1-1-1-2-2,1,31,0.31274328816929525,0.2923956227824148,30
3,0-1-2-0-0-1-1-2-0-0,0,28,0.12787451643043182,0.3961388757196556,30
3,0-1-2-0-0-1-1-2-0-1,0,31,0.21158238481995553,0.32739381817542745,30
3,0-1-2-0-0-1-1-2-0-2,0,28,0.2444498726394433,0.3657368879203902,30
3,0-1-2-0-0-1-1-2-1-0,0,27,0.21158238481995553,0.33705699905282754,30
3,0-1-2-0-0-1-1-2-1-1,0,30,0.3167997612428097,0.26831543754706183,30
3,0-1-2-0-0-1-1-2-1-2,0,27,0.3189997470516744,0.30742057183281957,30
3,0-1-2-0-0-1-1-2-2-0,1,29,0.2444498726394433,0.3693891287643589,30
3,0-1-2-0-0-1-1-2-2-1,1,32,0.3189997470516744,0.3012831837633904,30
3,0-1-2-0-0-1-1-2-2-2,1,29,0.36102542577799385,0.34844058442017445,30
3,0-1-2-0-0-1-2-0-0-0,0,28,0.10168748289712576,0.46814067060574577,30
3,0-1-2-0-0-1-2-0-0-1,0,29,0.05015839976426237,0.39951505245152863,30
3,0-1-2-0-0-1-2-0-0-2,0,28,0.14844009338738284,0.43429558496137216,30
3,0-1-2-0-0-1-2-0-1-0,0,27,0.05015839976426237,0.409159056662833,30
3,0-1-2-0-0-1-2-0-1-1,0,28,0.1478889972225397,0.3405771181419723,30
3,0-1-2-0-0-1-2-0-1-2,0,27,0.16673292112124255,0.3754072806129671,30
3,0-1-2-0-0-1-2-0-2-0,1,29,0.14844009338738284,0.4385601171361724,30
3,0-1-2-0-0-1-2-0-2-1,1,30,0.16673292112124255,0.36993795567487286,30
3,0-1-2-0-0-1-2-0-2-2,1,29,0.24679616693817413,0.41220989080413584,30
3,0-1-2-0-0-1-2-1-0-0,0,30,0.11135267229944398,0.3849854628673278,30
3,0-1-2-0-0-1-2-1-0-1,0,30,0.22332611675130273,0.31642819382328485,30
3,0-1-2-0-0-1-2-1-0-2,0,30,0.21620208770533292,0.3512819053757058,30
3,0-1-2-0-0-1-2-1-1-0,0,29,0.22332611675130273,0.32606019433574485,30
3,0-1-2-0-0-1-2-1-1-1,0,29,0.3384220157759009,0.25759133457839906,30
3,0-1-2-0-0-1-2-1-1-2,0,29,0.31274328816929525,0.292511445591006,30
3,0-1-2-0-0-1-2-1-2-0,1,31,0.21620208770533292,0.35540975543026676,30
3,0-1-2-0-0-1-2-1-2-1,1,31,0.31274328816929525,0.286865150425001,30
3,0-1-2-0-0-1-2-1-2-2,1,31,0.32903956809429474,0.33109864809862793,30
3,0-1-2-0-0-1-2-2-0-0,0,28,0.21196794897216495,0.42820168771503037,30
3,0-1-2-0-0-1-2-2-0-1,0,29,0.2444498726394433,0.3599187099966093,30
3,0-1-2-0-0-1-2-2-0-2,0,28,0.31925560988712287,0.40530242852799286,30
3,0-1-2-0-0-1-2-2-1-0,0,27,0.2444498726394433,0.36950660387137596,30
3,0-1-2-0-0-1-2-2-1-1,0,28,0.3189997470516744,0.3014049980353713,30
3,0-1-2-0-0-1-2-2-1-2,0,27,0.36102542577799385,0.3485843205875832,30
3,0-1-2-0-0-1-2-2-2-0,1,29,0.31925560988712287,0.40789946281696354,30
3,0-1-2-0-0-1-2-2-2-1,1,30,0.36102542577799385,0.3415103062225956,30
3,0-1-2-0-0-1-2-2-2-2,1,29,0.4313903650302703,0.39423393444448324,30
3,0-1-2-0-0-2-0-0-0-0,0,29,0.21294269847217911,0.530273260639916,30
3,0-1-2-0-0-2-0-0-0-1,0,30,0.10168748289712576,0.4615810234235631,30
3,0-1-2-0-0-2-0-0-0-2,0,29,0.20844381786876257,0.4969992408225978,30
3,0-1-2-0-0-2-0-0-1-0,0,29,0.10168748289712576,0.4712359053986527,30
3,0-1-2-0-0-2-0-0-1-1,0,29,0.05015839976426237,0.4025613479514209,30
3,0-1-2-0-0-2-0-0-1-2,0,28,0.14844009338738284,0.43811450331129054,30
3,0-1-2-0-0-2-0-0-2-0,1,31,0.20844381786876257,0.5012404791806859,30
3,0-1-2-0-0-2-0-0-2-1,1,31,0.14844009338738284,0.4326336247341392,30
3,0-1-2-0-0-2-0-0-2-2,1,30,0.26216946261228974,0.47453722982539015,30
3,0-1-2-0-0-2-0-1-0-0,0,31,0.04586992889526571,0.4470338867674385,30
3,0-1-2-0-0-2-0-1-0-1,0,31,0.11135267229944398,0.37836888312915495,30
3,0-1-2-0-0-2-0-1-0-2,0,31,0.15118892388321503,0.4139879383876129,30
3,0-1-2-0-0-2-0-1-1-0,0,31,0.11135267229944398,0.38801912458366516,30
3,0-1-2-0-0-2-0-1-1-1,0,30,0.22332611675130273,0.3193862973535281,30
3,0-1-2-0-0-2-0-1-1-2,0,30,0.21620208770533292,0.3552014686075459,30
3,0-1-2-0-0-2-0-1-2-0,1,33,0.15118892388321503,0.4181083372841708,30
3,0-1-2-0-0-2-0-1-2-1,1,32,0.21620208770533292,0.34957234237678997,30
3,0-1-2-0-0-2-0-1-2-2,1,32,0.26606747372929845,0.3930475149534444,30
3,0-1-2-0-0-2-0-2-0-0,0,29,0.23934254133586677,0.49089879154732846,30
3,0-1-2-0-0-2-0-2-0-1,0,30,0.21196794897216495,0.42258388109481393,30
3,0-1-2-0-0-2-0-2-0-2,0,29,0.31731482848148507,0.4671793483643332,30
3,0-1-2-0-0-2-0-2-1-0,0,29,0.21196794897216495,0.4321784005458425,30
3,0-1-2-0-0-2-0-2-1-1,0,29,0.2444498726394433,0.36400375411444913,30
3,0-1-2-0-0-2-0-2-1-2,0,28,0.31925560988712287,0.41001904216770085,30
3,0-1-2-0-0-2-0-2-2-0,1,31,0.31731482848148507,0.46997862515149974,30
3,0-1-2-0-0-2-0-2-2-1,1,31,0.31925560988712287,0.40315995109147795,30
3,0-1-2-0-0-2-0-2-2-2,1,30,0.41385059888681575,0.4541804467249893,30
3,0-1-2-0-0-2-1-0-0-0,0,29,0.10168748289712576,0.47104140126986405,30
3,0-1-2-0-0-2-1-0-0-1,0,32,0.05015839976426237,0.4023669142762498,30
3,0-1-2-0-0-2-1-0-0-2,0,29,0.14844009338738284,0.43792057158605413,30
3,0-1-2-0-0-2-1-0-1-0,0,28,0.05015839976426237,0.41201878952359916,30
3,0-1-2-0-0-2-1-0-1-1,0,31,0.1478889972225397,0.34337103111201317,30
3,0-1-2-0-0-2-1-0-1-2,0,28,0.16673292112124255,0.3790995031317397,30
3,0-1-2-0-0-2-1-0-2-0,1,30,0.14844009338738284,0.4420805984674966,30
3,0-1-2-0-0-2-1-0-2-1,1,33,0.16673292112124255,0.3735196281074859,30
3,0-1-2-0-0-2-1-0-2-2,1,30,0.24679616693817413,0.4164789681867268,30
3,0-1-2-0-0-2-1-1-0-0,0,31,0.11135267229944398,0.3878247108231673,30
3,0-1-2-0-0-2-1-1-0-1,0,33,0.22332611675130273,0.31919201726536434,30
3,0-1-2-0-0-2-1-1-0-2,0,31,0.21620208770533292,0.3550079357092251,30
3,0-1-2-0-0-2-1-1-1-0,0,30,0.22332611675130273,0.3288365628581458,30
3,0-1-2-0-0-2-1-1-1-1,0,32,0.3384220157759009,0.26025770445030044,30
3,0-1-2-0-0-2-1-1-1-2,0,30,0.31274328816929525,0.296342096587832,30
3,0-1-2-0-0-2-1-1-2-0,1,32,0.21620208770533292,0.3590073243329609,30
3,0-1-2-0-0-2-1-1-2-1,1,34,0.31274328816929525,0.2905586369940356,30
3,0-1-2-0-0-2-1-1-2-2,1,32,0.32903956809429474,0.3356097988865717,30
3,0-1-2-0-0-2-1-2-0-0,0,29,0.21196794897216495,0.4319850855368238,30
3,0-1-2-0-0-2-1-2-0-1,0,32,0.2444498726394433,0.3638110071227142,30
3,0-1-2-0-0-2-1-2-0-2,0,29,0.31925560988712287,0.40983160566406013,30
3,0-1-2-0-0-2-1-2-1-0,0,28,0.2444498726394433,0.3733812985474866,30
3,0-1-2-0-0-2-1-2-1-1,0,31,0.3189997470516744,0.3054275347360078,30
3,0-1-2-0-0-2-1-2-1-2,0,28,0.36102542577799385,0.35330857621375783,30
3,0-1-2-0-0-2-1-2-2-0,1,30,0.31925560988712287,0.4123255576536955,30
3,0-1-2-0-0-2-1-2-2-1,1,33,0.36102542577799385,0.34615347075838815,30
3,0-1-2-0-0-2-1-2-2-2,1,30,0.4313903650302703,0.39935979575049496,30
3,0-1-2-0-0-2-2-0-0-0,0,29,0.20844381786876257,0.501153553062336,30
3,0-1-2-0-0-2-2-0-0-1,0,30,0.14844009338738284,0.4325483844166898,30
3,0-1-2-0-0-2-2-0-0-2,0,29,0.26216946261228974,0.4744736240660929,30
3,0-1-2-0-0-2-2-0-1-0,0,28,0.14844009338738284,0.4421893238712473,30
3,0-1-2-0-0-2-2-0-1-1,0,29,0.16673292112124255,0.37363039136654425,30
3,0-1-2-0-0-2-2-0-1-2,0,28,0.24679616693817413,0.41661044079497095,30
3,0-1-2-0-0-2-2-0-2-0,1,30,0.26216946261228974,0.4777165523504646,30
3,0-1-2-0-0-2-2-0-2-1,1,31,0.24679616693817413,0.410144914085692,30
3,0-1-2-0-0-2-2-0-2-2,1,30,0.3481330185270369,0.4585940368883397,30
3,0-1-2-0-0-2-2-1-0-0,0,31,0.15118892388321503,0.41802352629817274,30
3,0-1-2-0-0-2-2-1-0-1,0,31,0.21620208770533292,0.34949005024490953,30
3,0-1-2-0-0-2-2-1-0-2,0,31,0.26606747372929845,0.39299135805974195,30
3,0-1-2-0-0-2-2-1-1-0,0,30,0.21620208770533292,0.3591186161625955,30
3,0-1-2-0-0-2-2-1-1-1,0,30,0.31274328816929525,0.29067311063889134,30
3,0-1-2-0-0-2-2-1-1-2,0,30,0.32903956809429474,0.335748781817119,30
3,0-1-2-0-0-2-2-1-2-0,1,32,0.26606747372929845,0.3958849428178663,30
3,0-1-2-0-0-2-2-1-2-1,1,32,0.32903956809429474,0.32891798320796645,30
3,0-1-2-0-0-2-2-1-2-2,1,32,0.381975758382696,0.3801953142968857,30
3,0-1-2-0-0-2-2-2-0-0,0,29,0.31731482848148507,0.46992043580379034,30
3,0-1-2-0-0-2-2-2-0-1,0,30,0.31925560988712287,0.40310871968239753,30
3,0-1-2-0-0-2-2-2-0-2,0,29,0.41385059888681575,0.45414970851072683,30
3,0-1-2-0-0-2-2-2-1-0,0,28,0.31925560988712287,0.41246179114345505,30
3,0-1-2-0-0-2-2-2-1-1,0,29,0.36102542577799385,0.3462964093717201,30
3,0-1-2-0-0-2-2-2-1-2,0,28,0.4313903650302703,0.3995172035768693,30
3,0-1-2-0-0-2-2-2-2-0,1,30,0.41385059888681575,0.4557734460954323,30
3,0-1-2-0-0-2-2-2-2-1,1,31,0.4313903650302703,0.3917440275357419,30
3,0-1-2-0-0-2-2-2-2-2,1,30,0.5186865195542837,0.44864376292620084,30
3,0-1-2-0-1-0-0-0-0-0,0,28,0.27280053152649736,0.3635457121907748,30
3,0-1-2-0-1-0-0-0-0-1,0,29,0.16070468746950117,0.2967435622571215,30
3,0-1-2-0-1-0-0-0-0-2,0,28,0.21294269847217911,0.3212879079411426,30
3,0-1-2-0-1-0-0-0-1-0,0,29,0.16070468746950117,0.3060816435962211,30
3,0-1-2-0-1-0-0-0-1-1,0,28,0.0664201226423071,0.2402129878416942,30
3,0-1-2-0-1-0-0-0-1-2,0,27,0.10168748289712576,0.2623145678945857,30
3,0-1-2-0-1-0-0-0-2-0,1,30,0.21294269847217911,0.32668462507815454,30
3,0-1-2-0-1-0-0-0-2-1,1,29,0.10168748289712576,0.2582181755753524,30
3,0-1-2-0-1-0-0-0-2-2,1,28,0.20844381786876257,0.29310122703918207,30
3,0-1-2-0-1-0-0-1-0-0,0,30,0.09235680588006155,0.2827144340284301,30
3,0-1-2-0-1-0-0-1-0-1,0,30,0.07235511089016977,0.21742841043366312,30
3,0-1-2-0-1-0-0-1-0-2,0,30,0.04586992889526571,0.238151399173691,30
3,0-1-2-0-1-0-0-1-1-0,0,31,0.07235511089016977,0.22648164702543375,30
3,0-1-2-0-1-0-0-1-1-1,0,29,0.17064733837686613,0.16360516186101332,30
3,0-1-2-0-1-0-0-1-1-2,0,29,0.11135267229944398,0.1792905441064446,30
3,0-1-2-0-1-0-0-1-2-0,1,32,0.04586992889526571,0.24373717276342535,30
3,0-1-2-0-1-0-0-1-2-1,1,30,0.11135267229944398,0.17555055365524314,30
3,0-1-2-0-1-0-0-1-2-2,1,30,0.15118892388321503,0.21052671374341148,30
3,0-1-2-0-1-0-0-2-0-0,0,28,0.2026345808483989,0.3135435800816401,30
3,0-1-2-0-1-0-0-2-0-1,0,29,0.12294896454282285,0.24480407734070328,30
3,0-1-2-0-1-0-0-2-0-2,0,28,0.23934254133586677,0.284299871815405,30
3,0-1-2-0-1-0-0-2-1-0,0,29,0.12294896454282285,0.25446623169531524,30
3,0-1-2-0-1-0-0-2-1-1,0,28,0.12787451643043182,0.1857352223945592,30
3,0-1-2-0-1-0-0-2-1-2,0,27,0.21196794897216495,0.22656660968315334,30
3,0-1-2-0-1-0-0-2-2-0,1,30,0.23934254133586677,0.28759856320510313,30
3,0-1-2-0-1-0-0-2-2-1,1,29,0.21196794897216495,0.21998845032437847,30
3,0-1-2-0-1-0-0-2-2-2,1,28,0.31731482848148507,0.2708409573052142,30
3,0-1-2-0-1-0-1-0-0-0,0,28,0.16070468746950117,0.30589332525887847,30
3,0-1-2-0-1-0-1-0-0-1,0,31,0.0664201226423071,0.2400287588718083,30
3,0-1-2-0-1-0-1-0-0-2,0,28,0.10168748289712576,0.2621203392609233,30
3,0-1-2-0-1-0-1-0-1-0,0,27,0.0664201226423071,0.2491929929898022,30
3,0-1-2-0-1-0-1-0-1-1,0,29,0.10088130824184764,0.1851088233859845,30
3,0-1-2-0-1-0-1-0-1-2,0,27,0.05015839976426237,0.20321421854241348,30
3,0-1-2-0-1-0-1-0-2-0,1,28,0.10168748289712576,0.267639781534058,30
3,0-1-2-0-1-0-1-0-2-1,1,31,0.05015839976426237,0.19934055371014103,30
3,0-1-2-0-1-0-1-0-2-2,1,28,0.14844009338738284,0.23429137536078265,30
3,0-1-2-0-1-0-1-1-0-0,0,30,0.07235511089016977,0.22629876809150637,30
3,0-1-2-0-1-0-1-1-0-1,0,32,0.17064733837686613,0.16343382958948696,30
3,0-1-2-0-1-0-1-1-0-2,0,30,0.11135267229944398,0.17909684821217156,30
3,0-1-2-0-1-0-1-1-1-0,0,29,0.17064733837686613,0.17199869561739742,30
3,0-1-2-0-1-0-1-1-1-1,0,30,0.2831705063418629,0.11492643560625869,30
3,0-1-2-0-1-0-1-1-1-2,0,29,0.22332611675130273,0.12046005537167506,30
3,0-1-2-0-1-0-1-1-2-0,1,30,0.11135267229944398,0.18491743408865818,30
3,0-1-2-0-1-0-1-1-2-1,1,32,0.22332611675130273,0.11728796481628442,30
3,0-1-2-0-1-0-1-1-2-2,1,30,0.21620208770533292,0.15226311477917032,30
3,0-1-2-0-1-0-1-2-0-0,0,28,0.12294896454282285,0.2542715831922413,30
3,0-1-2-0-1-0-1-2-0-1,0,31,0.12787451643043182,0.18554061401797795,30
3,0-1-2-0-1-0-1-2-0-2,0,28,0.21196794897216495,0.22637753731844026,30
3,0-1-2-0-1-0-1-2-1-0,0,27,0.12787451643043182,0.19520107096249767,30
3,0-1-2-0-1-0-1-2-1-1,0,29,0.21158238481995553,0.12649027483765993,30
3,0-1-2-0-1-0-1-2-1-2,0,27,0.2444498726394433,0.16958400435901863,30
3,0-1-2-0-1-0-1-2-2-0,1,28,0.21196794897216495,0.22926046710635553,30
3,0-1-2-0-1-0-1-2-2-1,1,31,0.2444498726394433,0.16246282114737623,30
3,0-1-2-0-1-0-1-2-2-2,1,28,0.31925560988712287,0.21743542318035156,30
3,0-1-2-0-1-0-2-0-0-0,0,28,0.21294269847217911,0.3265739641283228,30
3,0-1-2-0-1-0-2-0-0-1,0,29,0.10168748289712576,0.2581040910459667,30
3,0-1-2-0-1-0-2-0-0-2,0,28,0.20844381786876257,0.2930235668717513,30
3,0-1-2-0-1-0-2-0-1-0,0,27,0.10168748289712576,0.26772001896059455,30
3,0-1-2-0-1-0-2-0-1-1,0,28,0.05015839976426237,0.19941470962032867,30
3,0-1-2-0-1-0-2-0-1-2,0,27,0.14844009338738284,0.23441158310603677,30
3,0-1-2-0-1-0-2-0-2-0,1,28,0.20844381786876257,0.2970081599546702,30
3,0-1-2-0-1-0-2-0-2-1,1,29,0.14844009338738284,0.228568457784746,30
3,0-1-2-0-1-0-2-0-2-2,1,28,0.26216946261228974,0.2748657015124603,30
3,0-1-2-0-1-0-2-1-0-0,0,30,0.04586992889526571,0.2436221258942745,30
3,0-1-2-0-1-0-2-1-0-1,0,30,0.11135267229944398,0.17542894162699807,30
3,0-1-2-0-1-0-2-1-0-2,0,30,0.15118892388321503,0.21045712082149906,30
3,0-1-2-0-1-0-2-1-1-0,0,29,0.11135267229944398,0.18498970854642396,30
3,0-1-2-0-1-0-2-1-1-1,0,29,0.22332611675130273,0.11734485798591765,30
3,0-1-2-0-1-0-2-1-1-2,0,29,0.21620208770533292,0.15239480566469737,30
3,0-1-2-0-1-0-2-1-2-0,1,30,0.15118892388321503,0.21409818314724946,30
3,0-1-2-0-1-0-2-1-2-1,1,30,0.21620208770533292,0.14602784120960222,30
3,0-1-2-0-1-0-2-1-2-2,1,30,0.26606747372929845,0.19723980733793017,30
3,0-1-2-0-1-0-2-2-0-0,0,28,0.23934254133586677,0.28752927755392627,30
3,0-1-2-0-1-0-2-2-0-1,0,29,0.21196794897216495,0.21992829741152692,30
3,0-1-2-0-1-0-2-2-0-2,0,28,0.31731482848148507,0.2708168157876922,30
3,0-1-2-0-1-0-2-2-1-0,0,27,0.21196794897216495,0.22938949131333883,30
3,0-1-2-0-1-0-2-2-1-1,0,28,0.2444498726394433,0.16260368805523426,30
3,0-1-2-0-1-0-2-2-1-2,0,27,0.31925560988712287,0.2176022197358176,30
3,0-1-2-0-1-0-2-2-2-0,1,28,0.31731482848148507,0.2721807781988393,30
3,0-1-2-0-1-0-2-2-2-1,1,29,0.31925560988712287,0.20938068587822684,30
3,0-1-2-0-1-0-2-2-2-2,1,28,0.41385059888681575,0.2699557155834066,30
3,0-1-2-0-1-1-0-0-0-0,0,28,0.16070468746950117,0.29974344428272265,30
3,0-1-2-0-1-1-0-0-0-1,0,29,0.0664201226423071,0.23401736339543067,30
3,0-1-2-0-1-1-0-0-0-2,0,28,0.10168748289712576,0.2557732117971574,30
3,0-1-2-0-1-1-0-0-1-0,0,29,0.0664201226423071,0.24315526651784747,30
3,0-1-2-0-1-1-0-0-1-1,0,28,0.10088130824184764,0.1793530811220318,30
3,0-1-2-0-1-1-0-0-1-2,0,27,0.05015839976426237,0.19687765785936698,30
3,0-1-2-0-1-1-0-0-2-0,1,30,0.10168748289712576,0.2613090575849621,30
3,0-1-2-0-1-1-0-0-2-1,1,29,0.05015839976426237,0.19303611735186,30
3,0-1-2-0-1-1-0-0-2-2,1,28,0.14844009338738284,0.22799402876177752,30
3,0-1-2-0-1-1-0-1-0-0,0,30,0.07235511089016977,0.22033330989803368,30
3,0-1-2-0-1-1-0-1-0-1,0,30,0.17064733837686613,0.15786439433148858,30
3,0-1-2-0-1-1-0-1-0-2,0,30,0.11135267229944398,0.1727679765369136,30
3,0-1-2-0-1-1-0-1-1-0,0,31,0.17064733837686613,0.1663463742694438,30
3,0-1-2-0-1-1-0-1-1-1,0,29,0.2831705063418629,0.11032028767246736,30
3,0-1-2-0-1-1-0-1-1-2,0,29,0.22332611675130273,0.11417376031683947,30
3,0-1-2-0-1-1-0-1-2-0,1,32,0.11135267229944398,0.17862266766743212,30
3,0-1-2-0-1-1-0-1-2-1,1,30,0.22332611675130273,0.11109897388326913,30
3,0-1-2-0-1-1-0-1-2-2,1,30,0.21620208770533292,0.1460585970190998,30
3,0-1-2-0-1-1-0-2-0-0,0,28,0.12294896454282285,0.24791038401164542,30
3,0-1-2-0-1-1-0-2-0-1,0,29,0.12787451643043182,0.1791807893284143,30
3,0-1-2-0-1-1-0-2-0-2,0,28,0.21196794897216495,0.22020392264969033,30
3,0-1-2-0-1-1-0-2-1-0,0,29,0.12787451643043182,0.18884096090158206,30
3,0-1-2-0-1-1-0-2-1-1,0,28,0.21158238481995553,0.12013390599787493,30
3,0-1-2-0-1-1-0-2-1-2,0,27,0.2444498726394433,0.1635654077425994,30
3,0-1-2-0-1-1-0-2-2-0,1,30,0.21196794897216495,0.22302880357331434,30
3,0-1-2-0-1-1-0-2-2-1,1,29,0.2444498726394433,0.1563667772679247,30
3,0-1-2-0-1-1-0-2-2-2,1,28,0.31925560988712287,0.21188937294110488,30
3,0-1-2-0-1-1-1-0-0-0,0,28,0.0664201226423071,0.2429707787580755,30
3,0-1-2-0-1-1-1-0-0-1,0,31,0.10088130824184764,0.1791776076111165,30
3,0-1-2-0-1-1-1-0-0-2,0,28,0.05015839976426237,0.19668379112753204,30
3,0-1-2-0-1-1-1-0-1-0,0,27,0.10088130824184764,0.18793372288713006,30
3,0-1-2-0-1-1-1-0-1-1,0,29,0.2076588874981582,0.1285066147312094,30
3,0-1-2-0-1-1-1-0-1-2,0,27,0.1478889972225397,0.1379540633923852,30
3,0-1-2-0-1-1-1-0-2-0,1,28,0.05015839976426237,0.20242049631221787,30
3,0-1-2-0-1-1-1-0-2-1,1,31,0.1478889972225397,0.13456001676754817,30
3,0-1-2-0-1-1-1-0-2-2,1,28,0.16673292112124255,0.16955477516660777,30
3,0-1-2-0-1-1-1-1-0-0,0,30,0.17064733837686613,0.16617422795530132,30
3,0-1-2-0-1-1-1-1-0-1,0,32,0.2831705063418629,0.1101821008259664,30
3,0-1-2-0-1-1-1-1-0-2,0,30,0.22332611675130273,0.11398153877714638,30
3,0-1-2-0-1-1-1-1-1-0,0,29,0.2831705063418629,0.11723547433060755,30
3,0-1-2-0-1-1-1-1-1-1,0,30,0.39803307246047265,0.07997141889404509,30
3,0-1-2-0-1-1-1-1-1-2,0,29,0.3384220157759009,0.05643224816759364,30
3,0-1-2-0-1-1-1-1-2-0,1,30,0.22332611675130273,0.12031679351634574,30
3,0-1-2-0-1-1-1-1-2-1,1,32,0.3384220157759009,0.055361332662776506,30
3,0-1-2-0-1-1-1-1-2-2,1,30,0.31274328816929525,0.08932579716992158,30
3,0-1-2-0-1-1-1-2-0-0,0,28,0.12787451643043182,0.18864634972264444,30
3,0-1-2-0-1-1-1-2-0-1,0,31,0.21158238481995553,0.1199394171491947,30
3,0-1-2-0-1-1-1-2-0-2,0,28,0.2444498726394433,0.16338165500635823,30
3,0-1-2-0-1-1-1-2-1-0,0,27,0.21158238481995553,0.1295944786637331,30
3,0-1-2-0-1-1-1-2-1-1,0,29,0.3167997612428097,0.060973744472980825,30
3,0-1-2-0-1-1-1-2-1-2,0,27,0.3189997470516744,0.10937720912202786,30
3,0-1-2-0-1-1-1-2-2-0,1,28,0.2444498726394433,0.16544697276689102,30
3,0-1-2-0-1-1-1-2-2-1,1,31,0.3189997470516744,0.10115949963497892,30
3,0-1-2-0-1-1-1-2-2-2,1,28,0.36102542577799385,0.16310693062892231,30
3,0-1-2-0-1-1-2-0-0-0,0,28,0.10168748289712576,0.26119516508113033,30
3,0-1-2-0-1-1-2-0-0-1,0,29,0.05015839976426237,0.19291661183337058,30
3,0-1-2-0-1-1-2-0-0-2,0,28,0.14844009338738284,0.22792222248648983,30
3,0-1-2-0-1-1-2-0-1-0,0,27,0.05015839976426237,0.20249501800825187,30
3,0-1-2-0-1-1-2-0-1-1,0,28,0.1478889972225397,0.13462238770053084,30
3,0-1-2-0-1-1-2-0-1-2,0,27,0.16673292112124255,0.16968318303781604,30
3,0-1-2-0-1-1-2-0-2-0,1,28,0.14844009338738284,0.2316573743057739,30
3,0-1-2-0-1-1-2-0-2-1,1,29,0.16673292112124255,0.16346733305469496,30
3,0-1-2-0-1-1-2-0-2-2,1,28,0.24679616693817413,0.2133443563917003,30
3,0-1-2-0-1-1-2-1-0-0,0,30,0.11135267229944398,0.1785014541816199,30
3,0-1-2-0-1-1-2-1-0-1,0,30,0.22332611675130273,0.11096431665813479,30
3,0-1-2-0-1-1-2-1-0-2,0,30,0.21620208770533292,0.146002045087895,30
3,0-1-2-0-1-1-2-1-1-0,0,29,0.22332611675130273,0.12037476786448,30
3,0-1-2-0-1-1-2-1-1-1,0,29,0.3384220157759009,0.055366463291442305,30
3,0-1-2-0-1-1-2-1-1-2,0,29,0.31274328816929525,0.08947870031232505,30
3,0-1-2-0-1-1-2-1-2-0,1,30,0.21620208770533292,0.14909055208823613,30
3,0-1-2-0-1-1-2-1-2-1,1,30,0.31274328816929525,0.08210254682218802,30
3,0-1-2-0-1-1-2-1-2-2,1,30,0.32903956809429474,0.14073688514171098,30
3,0-1-2-0-1-1-2-2-0-0,0,28,0.21196794897216495,0.22296811435308925,30
3,0-1-2-0-1-1-2-2-0-1,0,29,0.2444498726394433,0.15632302345193252,30
3,0-1-2-0-1-1-2-2-0-2,0,28,0.31925560988712287,0.2118886755504875,30
3,0-1-2-0-1-1-2-2-1-0,0,27,0.2444498726394433,0.1655871276491962,30
3,0-1-2-0-1-1-2-2-1-1,0,28,0.3189997470516744,0.10132252749815158,30
3,0-1-2-0-1-1-2-2-1-2,0,27,0.36102542577799385,0.16329008756730867,30
3,0-1-2-0-1-1-2-2-2-0,1,28,0.31925560988712287,0.2121391108771081,30
3,0-1-2-0-1-1-2-2-2-1,1,29,0.36102542577799385,0.15423240597543625,30
3,0-1-2-0-1-1-2-2-2-2,1,28,0.4313903650302703,0.2197955487825419,30
3,0-1-2-0-1-2-0-0-0-0,0,29,0.21294269847217911,0.32300121716799923,30
3,0-1-2-0-1-2-0-0-0-1,0,30,0.10168748289712576,0.2544295810758312,30
3,0-1-2-0-1-2-0-0-0-2,0,29,0.20844381786876257,0.29054596593351345,30
3,0-1-2-0-1-2-0-0-1-0,0,30,0.10168748289712576,0.26406288221101837,30
3,0-1-2-0-1-2-0-0-1-1,0,29,0.05015839976426237,0.1955987762960837,30
3,0-1-2-0-1-2-0-0-1-2,0,28,0.14844009338738284,0.2321182949189489,30
3,0-1-2-0-1-2-0-0-2-0,1,31,0.20844381786876257,0.2943552432908153,30
3,0-1-2-0-1-2-0-0-2-1,1,30,0.14844009338738284,0.2260799852562576,30
3,0-1-2-0-1-2-0-0-2-2,1,29,0.26216946261228974,0.2736004959307379,30
3,0-1-2-0-1-2-0-1-0-0,0,31,0.04586992889526571,0.2399189175532947,30
3,0-1-2-0-1-2-0-1-0-1,0,31,0.11135267229944398,0.17152876727040264,30
3,0-1-2-0-1-2-0-1-0-2,0,31,0.15118892388321503,0.20827016543817947,30
3,0-1-2-0-1-2-0-1-1-0,0,32,0.11135267229944398,0.18112565805704303,30
3,0-1-2-0-1-2-0-1-1-1,0,30,0.22332611675130273,0.11310431070687589,30
3,0-1-2-0-1-2-0-1-1-2,0,30,0.21620208770533292,0.15061342524675403,30
3,0-1-2-0-1-2-0-1-2-0,1,33,0.15118892388321503,0.21165847190525175,30
3,0-1-2-0-1-2-0-1-2-1,1,31,0.21620208770533292,0.14395438436145744,30
3,0-1-2-0-1-2-0-1-2-2,1,31,0.26606747372929845,0.19682411852587983,30
3,0-1-2-0-1-2-0-2-0-0,0,29,0.23934254133586677,0.28532883968249445,30
3,0-1-2-0-1-2-0-2-0-1,0,30,0.21196794897216495,0.2180490196548593,30
3,0-1-2-0-1-2-0-2-0-2,0,29,0.31731482848148507,0.2701039139844762,30
3,0-1-2-0-1-2-0-2-1-0,0,30,0.21196794897216495,0.22745321495348284,30
3,0-1-2-0-1-2-0-2-1-1,0,29,0.2444498726394433,0.16122296146356827,30
3,0-1-2-0-1-2-0-2-1-2,0,28,0.31925560988712287,0.21758002581604466,30
3,0-1-2-0-1-2-0-2-2-0,1,31,0.31731482848148507,0.27124484742095245,30
3,0-1-2-0-1-2-0-2-2-1,1,30,0.31925560988712287,0.20921070841752595,30
3,0-1-2-0-1-2-0-2-2-2,1,29,0.41385059888681575,0.27063332193229983,30
3,0-1-2-0-1-2-1-0-0-0,0,29,0.10168748289712576,0.26386879420413695,30
3,0-1-2-0-1-2-1-0-0-1,0,32,0.05015839976426237,0.19540518864149256,30
3,0-1-2-0-1-2-1-0-0-2,0,29,0.14844009338738284,0.23192633197289955,30
3,0-1-2-0-1-2-1-0-1-0,0,28,0.05015839976426237,0.20501730084883432,30
3,0-1-2-0-1-2-1-0-1-1,0,30,0.1478889972225397,0.13679762765901637,30
3,0-1-2-0-1-2-1-0-1-2,0,28,0.16673292112124255,0.17394741044712486,30
3,0-1-2-0-1-2-1-0-2-0,1,29,0.14844009338738284,0.23546747190862435,30
3,0-1-2-0-1-2-1-0-2-1,1,32,0.16673292112124255,0.16752284192483,30
3,0-1-2-0-1-2-1-0-2-2,1,29,0.24679616693817413,0.21847897685410958,30
3,0-1-2-0-1-2-1-1-0-0,0,31,0.11135267229944398,0.1809322550259137,30
3,0-1-2-0-1-2-1-1-0-1,0,33,0.22332611675130273,0.11291294730446018,30
3,0-1-2-0-1-2-1-1-0-2,0,31,0.21620208770533292,0.1504252857730156,30
3,0-1-2-0-1-2-1-1-1-0,0,30,0.22332611675130273,0.1224247995237472,30
3,0-1-2-0-1-2-1-1-1-1,0,31,0.3384220157759009,0.05590826764592631,30
3,0-1-2-0-1-2-1-1-1-2,0,30,0.31274328816929525,0.09456025738026244,30
3,0-1-2-0-1-2-1-1-2-0,1,31,0.21620208770533292,0.1532242456323133,30
3,0-1-2-0-1-2-1-1-2-1,1,33,0.31274328816929525,0.08690826920419978,30
3,0-1-2-0-1-2-1-1-2-2,1,31,0.32903956809429474,0.14660833957604158,30
3,0-1-2-0-1-2-1-2-0-0,0,29,0.21196794897216495,0.2272635492997843,30
3,0-1-2-0-1-2-1-2-0-1,0,32,0.2444498726394433,0.1610384141038414,30
3,0-1-2-0-1-2-1-2-0-2,0,29,0.31925560988712287,0.2174125325618082,30
3,0-1-2-0-1-2-1-2-1-0,0,28,0.2444498726394433,0.17022653348249597,30
3,0-1-2-0-1-2-1-2-1-1,0,30,0.3189997470516744,0.10670882236597617,30
3,0-1-2-0-1-2-1-2-1-2,0,28,0.36102542577799385,0.16928994719808912,30
3,0-1-2-0-1-2-1-2-2-0,1,29,0.31925560988712287,0.21751530555273635,30
3,0-1-2-0-1-2-1-2-2-1,1,32,0.36102542577799385,0.16018764987571837,30
3,0-1-2-0-1-2-1-2-2-2,1,29,0.4313903650302703,0.2259589491850797,30
3,0-1-2-0-1-2-2-0-0-0,0,29,0.20844381786876257,0.29427585840567716,30
3,0-1-2-0-1-2-2-0-0-1,0,30,0.14844009338738284,0.22600623255618674,30
3,0-1-2-0-1-2-2-0-0-2,0,29,0.26216946261228974,0.27356402290411963,30
3,0-1-2-0-1-2-2-0-1-0,0,28,0.14844009338738284,0.23558579567004212,30
3,0-1-2-0-1-2-2-0-1-1,0,29,0.16673292112124255,0.16764919781451734,30
3,0-1-2-0-1-2-2-0-1-2,0,28,0.24679616693817413,0.2186371101959478,30
3,0-1-2-0-1-2-2-0-2-0,1,29,0.26216946261228974,0.27553482071092095,30
3,0-1-2-0-1-2-2-0-2-1,1,30,0.24679616693817413,0.21086132595690235,30
3,0-1-2-0-1-2-2-0-2-2,1,29,0.3481330185270369,0.2688558745941926,30
3,0-1-2-0-1-2-2-1-0-0,0,31,0.15118892388321503,0.21158639221692516,30
3,0-1-2-0-1-2-2-1-0-1,0,31,0.21620208770533292,0.14389490349613812,30
3,0-1-2-0-1-2-2-1-0-2,0,31,0.26606747372929845,0.196814628373845,30
3,0-1-2-0-1-2-2-1-1-0,0,30,0.21620208770533292,0.15335313883169888,30
3,0-1-2-0-1-2-2-1-1-1,0,30,0.31274328816929525,0.08705846979383486,30
3,0-1-2-0-1-2-2-1-1-2,0,30,0.32903956809429474,0.1467886467215881,30
3,0-1-2-0-1-2-2-1-2-0,1,31,0.26606747372929845,0.19751697831758985,30
3,0-1-2-0-1-2-2-1-2-1,1,31,0.32903956809429474,0.13788554547435472,30
3,0-1-2-0-1-2-2-1-2-2,1,31,0.381975758382696,0.20274418212810158,30
3,0-1-2-0-1-2-2-2-0-0,0,29,0.31731482848148507,0.2712185114423962,30
3,0-1-2-0-1-2-2-2-0-1,0,30,0.31925560988712287,0.20920855634114233,30
3,0-1-2-0-1-2-2-2-0-2,0,29,0.41385059888681575,0.27065638788519686,30
3,0-1-2-0-1-2-2-2-1-0,0,28,0.31925560988712287,0.21768065141085338,30
3,0-1-2-0-1-2-2-2-1-1,0,29,0.36102542577799385,0.16037036879826183,30
3,0-1-2-0-1-2-2-2-1-2,0,28,0.4313903650302703,0.2261477180936104,30
3,0-1-2-0-1-2-2-2-2-0,1,29,0.41385059888681575,0.26967876273429753,30
3,0-1-2-0-1-2-2-2-2-1,1,30,0.4313903650302703,0.21678998872982563,30
3,0-1-2-0-1-2-2-2-2-2,1,29,0.5186865195542837,0.283808182610114,30
3,0-1-2-0-2-0-0-0-0-0,0,28,0.27280053152649736,0.4701330350269908,30
3,0-1-2-0-2-0-0-0-0-1,0,29,0.16070468746950117,0.4032960078066223,30
3,0-1-2-0-2-0-0-0-0-2,0,28,0.21294269847217911,0.4542622185041006,30
3,0-1-2-0-2-0-0-0-1-0,0,28,0.16070468746950117,0.4126531502082172,30
3,0-1-2-0-2-0-0-0-1-1,0,27,0.0664201226423071,0.34645385227812975,30
3,0-1-2-0-2-0-0-0-1-2,0,26,0.10168748289712576,0.3995925924733886,30
3,0-1-2-0-2-0-0-0-2-0,1,30,0.21294269847217911,0.4559006097550618,30
3,0-1-2-0-2-0-0-0-2-1,1,29,0.10168748289712576,0.39182967002304353,30
3,0-1-2-0-2-0-0-0-2-2,1,28,0.20844381786876257,0.44866413786276255,30
3,0-1-2-0-2-0-0-1-0-0,0,30,0.09235680588006155,0.38922508797583594,30
3,0-1-2-0-2-0-0-1-0-1,0,30,0.07235511089016977,0.3233808497202826,30
3,0-1-2-0-2-0-0-1-0-2,0,30,0.04586992889526571,0.37756253048978183,30
3,0-1-2-0-2-0-0-1-1-0,0,30,0.07235511089016977,0.33256535959107963,30
3,0-1-2-0-2-0-0-1-1-1,0,28,0.17064733837686613,0.26796226105270904,30
3,0-1-2-0-2-0-0-1-1-2,0,28,0.11135267229944398,0.32514541172566924,30
3,0-1-2-0-2-0-0-1-2-0,1,32,0.04586992889526571,0.3784698973890529,30
3,0-1-2-0-2-0-0-1-2-1,1,30,0.11135267229944398,0.3168295963636535,30
3,0-1-2-0-2-0-0-1-2-2,1,30,0.15118892388321503,0.3773881405691649,30
3,0-1-2-0-2-0-0-2-0-0,0,28,0.2026345808483989,0.4521725668938954,30
3,0-1-2-0-2-0-0-2-0-1,0,29,0.12294896454282285,0.38962909583853766,30
3,0-1-2-0-2-0-0-2-0-2,0,28,0.23934254133586677,0.4486039771947382,30
3,0-1-2-0-2-0-0-2-1-0,0,28,0.12294896454282285,0.39829710113560407,30
3,0-1-2-0-2-0-0-2-1-1,0,27,0.12787451643043182,0.33781123862016343,30
3,0-1-2-0-2-0-0-2-1-2,0,26,0.21196794897216495,0.3993602432927058,30
3,0-1-2-0-2-0-0-2-2-0,1,30,0.23934254133586677,0.4484710950995982,30
3,0-1-2-0-2-0-0-2-2-1,1,29,0.21196794897216495,0.3905632474499305,30
3,0-1-2-0-2-0-0-2-2-2,1,28,0.31731482848148507,0.4539128455286071,30
3,0-1-2-0-2-0-1-0-0-0,0,28,0.16070468746950117,0.4124645081194895,30
3,0-1-2-0-2-0-1-0-0-1,0,31,0.0664201226423071,0.34626780316133926,30
3,0-1-2-0-2-0-1-0-0-2,0,28,0.10168748289712576,0.3994145388869301,30
3,0-1-2-0-2-0-1-0-1-0,0,26,0.0664201226423071,0.35551435390760705,30
3,0-1-2-0-2-0-1-0-1-1,0,29,0.10088130824184764,0.29032727563009325,30
3,0-1-2-0-2-0-1-0-1-2,0,26,0.05015839976426237,0.3462051188191915,30
3,0-1-2-0-2-0-1-0-2-0,1,28,0.10168748289712576,0.40056239541562977,30
3,0-1-2-0-2-0-1-0-2-1,1,31,0.05015839976426237,0.33806386780502823,30
3,0-1-2-0-2-0-1-0-2-2,1,28,0.14844009338738284,0.3974673397018116,30
3,0-1-2-0-2-0-1-1-0-0,0,30,0.07235511089016977,0.3323800664757761,30
3,0-1-2-0-2-0-1-1-0-1,0,32,0.17064733837686613,0.267782253342738,30
3,0-1-2-0-2-0-1-1-0-2,0,30,0.11135267229944398,0.3249764834413725,30
3,0-1-2-0-2-0-1-1-1-0,0,28,0.17064733837686613,0.2767417415273731,30
3,0-1-2-0-2-0-1-1-1-1,0,30,0.2831705063418629,0.2143405426208436,30
3,0-1-2-0-2-0-1-1-1-2,0,28,0.22332611675130273,0.2752848029756516,30
3,0-1-2-0-2-0-1-1-2-0,1,30,0.11135267229944398,0.32515037985804635,30
3,0-1-2-0-2-0-1-1-2-1,1,32,0.22332611675130273,0.266488501033282,30
3,0-1-2-0-2-0-1-1-2-2,1,30,0.21620208770533292,0.330122743557351,30
3,0-1-2-0-2-0-1-2-0-0,0,28,0.12294896454282285,0.3981220289170365,30
3,0-1-2-0-2-0-1-2-0-1,0,31,0.12787451643043182,0.3376444487036888,30
3,0-1-2-0-2-0-1-2-0-2,0,28,0.21196794897216495,0.39920240341457075,30
3,0-1-2-0-2-0-1-2-1-0,0,26,0.12787451643043182,0.3459590063195987,30
3,0-1-2-0-2-0-1-2-1-1,0,29,0.21158238481995553,0.2886439120743164,30
3,0-1-2-0-2-0-1-2-1-2,0,26,0.2444498726394433,0.35300363749238733,30
3,0-1-2-0-2-0-1-2-2-0,1,28,0.21196794897216495,0.3983345448350467,30
3,0-1-2-0-2-0-1-2-2-1,1,31,0.2444498726394433,0.3438539784364938,30
3,0-1-2-0-2-0-1-2-2-2,1,28,0.31925560988712287,0.4094592393443054,30
3,0-1-2-0-2-0-2-0-0-0,0,28,0.21294269847217911,0.45586563982049894,30
3,0-1-2-0-2-0-2-0-0-1,0,29,0.10168748289712576,0.3918060639365492,30
3,0-1-2-0-2-0-2-0-0-2,0,28,0.20844381786876257,0.44865844009044176,30
3,0-1-2-0-2-0-2-0-1-0,0,26,0.10168748289712576,0.4007168578105194,30
3,0-1-2-0-2-0-2-0-1-1,0,27,0.05015839976426237,0.33822708406417706,30
3,0-1-2-0-2-0-2-0-1-2,0,26,0.14844009338738284,0.39763983637864103,30
3,0-1-2-0-2-0-2-0-2-0,1,28,0.20844381786876257,0.4490431054401296,30
3,0-1-2-0-2-0-2-0-2-1,1,29,0.14844009338738284,0.3891024874735119,30
3,0-1-2-0-2-0-2-0-2-2,1,28,0.26216946261228974,0.45082776637123,30
3,0-1-2-0-2-0-2-1-0-0,0,30,0.04586992889526571,0.3784492038280713,30
3,0-1-2-0-2-0-2-1-0-1,0,30,0.11135267229944398,0.3168260021108509,30
3,0-1-2-0-2-0-2-1-0-2,0,30,0.15118892388321503,0.3774028576428767,30
3,0-1-2-0-2-0-2-1-1-0,0,28,0.11135267229944398,0.32531571738813275,30
3,0-1-2-0-2-0-2-1-1-1,0,28,0.22332611675130273,0.26666511171827617,30
3,0-1-2-0-2-0-2-1-1-2,0,28,0.21620208770533292,0.3303058553900075,30
3,0-1-2-0-2-0-2-1-2-0,1,30,0.15118892388321503,0.37679308329771555,30
3,0-1-2-0-2-0-2-1-2-1,1,30,0.21620208770533292,0.3212327324584214,30
3,0-1-2-0-2-0-2-1-2-2,1,30,0.26606747372929845,0.3864028918013282,30
3,0-1-2-0-2-0-2-2-0-0,0,28,0.23934254133586677,0.4484717168816322,30
3,0-1-2-0-2-0-2-2-0-1,0,29,0.21196794897216495,0.3905810975901548,30
3,0-1-2-0-2-0-2-2-0-2,0,28,0.31731482848148507,0.45394294873380286,30
3,0-1-2-0-2-0-2-2-1-0,0,26,0.21196794897216495,0.39851022342705056,30
3,0-1-2-0-2-0-2-2-1-1,0,27,0.2444498726394433,0.34403802292823715,30
3,0-1-2-0-2-0-2-2-1-2,0,26,0.31925560988712287,0.40964648550246285,30
3,0-1-2-0-2-0-2-2-2-0,1,28,0.31731482848148507,0.4525473537147163,30
3,0-1-2-0-2-0-2-2-2-1,1,29,0.31925560988712287,0.4003602694479367,30
3,0-1-2-0-2-0-2-2-2-2,1,28,0.41385059888681575,0.4667563361209948,30
3,0-1-2-0-2-1-0-0-0-0,0,28,0.16070468746950117,0.4063027054656353,30
3,0-1-2-0-2-1-0-0-0-1,0,29,0.0664201226423071,0.3401929229850248,30
3,0-1-2-0-2-1-0-0-0-2,0,28,0.10168748289712576,0.3936043058084321,30
3,0-1-2-0-2-1-0-0-1-0,0,28,0.0664201226423071,0.3494242461140895,30
3,0-1-2-0-2-1-0-0-1-1,0,27,0.10088130824184764,0.2843794828135838,30
3,0-1-2-0-2-1-0-0-1-2,0,26,0.05015839976426237,0.34059108899221574,30
3,0-1-2-0-2-1-0-0-2-0,1,30,0.10168748289712576,0.39469116483062655,30
3,0-1-2-0-2-1-0-0-2-1,1,29,0.05015839976426237,0.3324048390472342,30
3,0-1-2-0-2-1-0-0-2-2,1,28,0.14844009338738284,0.39210792745125816,30
3,0-1-2-0-2-1-0-1-0-0,0,30,0.07235511089016977,0.3263305925886165,30
3,0-1-2-0-2-1-0-1-0-1,0,30,0.17064733837686613,0.261911049034941,30
3,0-1-2-0-2-1-0-1-0-2,0,30,0.11135267229944398,0.3194719385563516,30
3,0-1-2-0-2-1-0-1-1-0,0,30,0.17064733837686613,0.2708377161696905,30
3,0-1-2-0-2-1-0-1-1-1,0,28,0.2831705063418629,0.2087674796032199,30
3,0-1-2-0-2-1-0-1-1-2,0,28,0.22332611675130273,0.27015968872500234,30
3,0-1-2-0-2-1-0-1-2-0,1,32,0.11135267229944398,0.31955262720627914,30
3,0-1-2-0-2-1-0-1-2-1,1,30,0.22332611675130273,0.26130853133420956,30
3,0-1-2-0-2-1-0-1-2-2,1,30,0.21620208770533292,0.3252838691246036,30
3,0-1-2-0-2-1-0-2-0-0,0,28,0.12294896454282285,0.3924107318214386,30
3,0-1-2-0-2-1-0-2-0-1,0,29,0.12787451643043182,0.3322103574732581,30
3,0-1-2-0-2-1-0-2-0-2,0,28,0.21196794897216495,0.3940622401319687,30
3,0-1-2-0-2-1-0-2-1-0,0,28,0.12787451643043182,0.34047701320482365,30
3,0-1-2-0-2-1-0-2-1-1,0,27,0.21158238481995553,0.28359687194549926,30
3,0-1-2-0-2-1-0-2-1-2,0,26,0.2444498726394433,0.3482613791627298,30
3,0-1-2-0-2-1-0-2-2-0,1,30,0.21196794897216495,0.39310482967316784,30
3,0-1-2-0-2-1-0-2-2-1,1,29,0.2444498726394433,0.33907443330705994,30
3,0-1-2-0-2-1-0-2-2-2,1,28,0.31925560988712287,0.4049139709297272,30
3,0-1-2-0-2-1-1-0-0-0,0,28,0.0664201226423071,0.349238047264981,30
3,0-1-2-0-2-1-1-0-0-1,0,31,0.10088130824184764,0.2841977688102346,30
3,0-1-2-0-2-1-1-0-0-2,0,28,0.05015839976426237,0.3404197197859271,30
3,0-1-2-0-2-1-1-0-1-0,0,26,0.10088130824184764,0.29323806469177444,30
3,0-1-2-0-2-1-1-0-1-1,0,29,0.2076588874981582,0.23003210822830167,30
3,0-1-2-0-2-1-1-0-1-2,0,26,0.1478889972225397,0.2897748429248302,30
3,0-1-2-0-2-1-1-0-2-0,1,28,0.05015839976426237,0.3408363354978848,30
3,0-1-2-0-2-1-1-0-2-1,1,31,0.1478889972225397,0.2811282461460353,30
3,0-1-2-0-2-1-1-0-2-2,1,28,0.16673292112124255,0.3438209267188664,30
3,0-1-2-0-2-1-1-1-0-0,0,30,0.17064733837686613,0.2706573858110683,30
3,0-1-2-0-2-1-1-1-0-1,0,32,0.2831705063418629,0.20859766106139668,30
3,0-1-2-0-2-1-1-1-0-2,0,30,0.22332611675130273,0.27000369486217446,30
3,0-1-2-0-2-1-1-1-1-0,0,28,0.2831705063418629,0.21707779010730885,30
3,0-1-2-0-2-1-1-1-1-1,0,30,0.39803307246047265,0.15970404114047348,30
3,0-1-2-0-2-1-1-1-1-2,0,28,0.3384220157759009,0.2254592352272984,30
3,0-1-2-0-2-1-1-1-2-0,1,30,0.22332611675130273,0.2690364532935763,30
3,0-1-2-0-2-1-1-1-2-1,1,32,0.3384220157759009,0.21610345196977124,30
3,0-1-2-0-2-1-1-1-2-2,1,30,0.31274328816929525,0.2831117059368135,30
3,0-1-2-0-2-1-1-2-0-0,0,28,0.12787451643043182,0.3403097522264681,30
3,0-1-2-0-2-1-1-2-0-1,0,31,0.21158238481995553,0.2834432718961084,30
3,0-1-2-0-2-1-1-2-0-2,0,28,0.2444498726394433,0.34811708517258605,30
3,0-1-2-0-2-1-1-2-1-0,0,26,0.21158238481995553,0.2911272490779519,30
3,0-1-2-0-2-1-1-2-1-1,0,29,0.3167997612428097,0.23960276745260764,30
3,0-1-2-0-2-1-1-2-1-2,0,26,0.3189997470516744,0.3069077674653641,30
3,0-1-2-0-2-1-1-2-2-0,1,28,0.2444498726394433,0.346206468650834,30
3,0-1-2-0-2-1-1-2-2-1,1,31,0.3189997470516744,0.29740680036722883,30
3,0-1-2-0-2-1-1-2-2-2,1,28,0.36102542577799385,0.3651831685015339,30
3,0-1-2-0-2-1-2-0-0-0,0,28,0.10168748289712576,0.3946669635161495,30
3,0-1-2-0-2-1-2-0-0-1,0,29,0.05015839976426237,0.33239623847283084,30
3,0-1-2-0-2-1-2-0-0-2,0,28,0.14844009338738284,0.3921177054561026,30
3,0-1-2-0-2-1-2-0-1-0,0,26,0.05015839976426237,0.3409991117382424,30
3,0-1-2-0-2-1-2-0-1-1,0,27,0.1478889972225397,0.2813017802265407,30
3,0-1-2-0-2-1-2-0-1-2,0,26,0.16673292112124255,0.34400174722467924,30
3,0-1-2-0-2-1-2-0-2-0,1,28,0.14844009338738284,0.3917488645047168,30
3,0-1-2-0-2-1-2-0-2-1,1,29,0.16673292112124255,0.3350446912679336,30
3,0-1-2-0-2-1-2-0-2-2,1,28,0.24679616693817413,0.3994827978453608,30
3,0-1-2-0-2-1-2-1-0-0,0,30,0.11135267229944398,0.3195481170413015,30
3,0-1-2-0-2-1-2-1-0-1,0,30,0.22332611675130273,0.2613286282277854,30
3,0-1-2-0-2-1-2-1-0-2,0,30,0.21620208770533292,0.32532058761968197,30
3,0-1-2-0-2-1-2-1-1-0,0,28,0.22332611675130273,0.2692125159737658,30
3,0-1-2-0-2-1-2-1-1-1,0,28,0.3384220157759009,0.216291658822575,30
3,0-1-2-0-2-1-2-1-1-2,0,28,0.31274328816929525,0.28330264634796404,30
3,0-1-2-0-2-1-2-1-2-0,1,30,0.21620208770533292,0.3236342976615027,30
3,0-1-2-0-2-1-2-1-2-1,1,30,0.31274328816929525,0.2738308538055738,30
3,0-1-2-0-2-1-2-1-2-2,1,30,0.32903956809429474,0.34144793796411965,30
3,0-1-2-0-2-1-2-2-0-0,0,28,0.21196794897216495,0.3931217950166099,30
3,0-1-2-0-2-1-2-2-0-1,0,29,0.2444498726394433,0.339113838939645,30
3,0-1-2-0-2-1-2-2-0-2,0,28,0.31925560988712287,0.4049634972749125,30
3,0-1-2-0-2-1-2-2-1-0,0,26,0.2444498726394433,0.34639013640811084,30
3,0-1-2-0-2-1-2-2-1-1,0,27,0.3189997470516744,0.29759809598963,30
3,0-1-2-0-2-1-2-2-1-2,0,26,0.36102542577799385,0.3653756150253283,30
3,0-1-2-0-2-1-2-2-2-0,1,28,0.31925560988712287,0.402611356029397,30
3,0-1-2-0-2-1-2-2-2-1,1,29,0.36102542577799385,0.35582563018055985,30
3,0-1-2-0-2-1-2-2-2-2,1,28,0.4313903650302703,0.423876919051271,30
3,0-1-2-0-2-2-0-0-0-0,0,29,0.21294269847217911,0.4547671951191819,30
3,0-1-2-0-2-2-0-0-0-1,0,30,0.10168748289712576,0.39108716367493174,30
3,0-1-2-0-2-2-0-0-0-2,0,29,0.20844381786876257,0.4485187079537223,30
3,0-1-2-0-2-2-0-0-1-0,0,29,0.10168748289712576,0.39993710166094665,30
3,0-1-2-0-2-2-0-0-1-1,0,28,0.05015839976426237,0.3379507408073173,30
3,0-1-2-0-2-2-0-0-1-2,0,27,0.14844009338738284,0.3979548215050641,30
3,0-1-2-0-2-2-0-0-2-0,1,31,0.20844381786876257,0.44876648789603796,30
3,0-1-2-0-2-2-0-0-2-1,1,30,0.14844009338738284,0.3893454167439759,30
3,0-1-2-0-2-2-0-0-2-2,1,29,0.26216946261228974,0.45152213719703105,30
3,0-1-2-0-2-2-0-1-0-0,0,31,0.04586992889526571,0.3778275196367957,30
3,0-1-2-0-2-2-0-1-0-1,0,31,0.11135267229944398,0.31677438027178495,30
3,0-1-2-0-2-2-0-1-0-2,0,31,0.15118892388321503,0.3779387080020705,30
3,0-1-2-0-2-2-0-1-1-0,0,31,0.11135267229944398,0.32517090223504735,30
3,0-1-2-0-2-2-0-1-1-1,0,29,0.22332611675130273,0.26730794816944053,30
3,0-1-2-0-2-2-0-1-1-2,0,29,0.21620208770533292,0.3314855549160423,30
3,0-1-2-0-2-2-0-1-2-0,1,33,0.15118892388321503,0.37716679634533784,30
3,0-1-2-0-2-2-0-1-2-1,1,31,0.21620208770533292,0.3223502609171371,30
3,0-1-2-0-2-2-0-1-2-2,1,31,0.26606747372929845,0.3878967320941335,30
3,0-1-2-0-2-2-0-2-0-0,0,29,0.23934254133586677,0.4485385491668782,30
3,0-1-2-0-2-2-0-2-0-1,0,30,0.21196794897216495,0.391217331807955,30
3,0-1-2-0-2-2-0-2-0-2,0,29,0.31731482848148507,0.45497149941900955,30
3,0-1-2-0-2-2-0-2-1-0,0,29,0.21196794897216495,0.3990567783983301,30
3,0-1-2-0-2-2-0-2-1-1,0,28,0.2444498726394433,0.3453049856234091,30
3,0-1-2-0-2-2-0-2-1-2,0,27,0.31925560988712287,0.41124332532792357,30
3,0-1-2-0-2-2-0-2-2-0,1,31,0.31731482848148507,0.4534434766625008,30
3,0-1-2-0-2-2-0-2-2-1,1,30,0.31925560988712287,0.40191750670037263,30
3,0-1-2-0-2-2-0-2-2-2,1,29,0.41385059888681575,0.4685597846755001,30
3,0-1-2-0-2-2-1-0-0-0,0,29,0.10168748289712576,0.39975844489920476,30
3,0-1-2-0-2-2-1-0-0-1,0,32,0.05015839976426237,0.33777892749818417,30
3,0-1-2-0-2-2-1-0-0-2,0,29,0.14844009338738284,0.3977920999411226,30
3,0-1-2-0-2-2-1-0-1-0,0,27,0.05015839976426237,0.3463368756278142,30
3,0-1-2-0-2-2-1-0-1-1,0,30,0.1478889972225397,0.2869879285017932,30
3,0-1-2-0-2-2-1-0-1-2,0,27,0.16673292112124255,0.34991927208033885,30
3,0-1-2-0-2-2-1-0-2-0,1,29,0.14844009338738284,0.3973511544990335,30
3,0-1-2-0-2-2-1-0-2-1,1,32,0.16673292112124255,0.3409373177309409,30
3,0-1-2-0-2-2-1-0-2-2,1,29,0.24679616693817413,0.4055178548246349,30
3,0-1-2-0-2-2-1-1-0-0,0,31,0.11135267229944398,0.3250010565408013,30
3,0-1-2-0-2-2-1-1-0-1,0,33,0.22332611675130273,0.2671514213197744,30
3,0-1-2-0-2-2-1-1-0-2,0,31,0.21620208770533292,0.3313391465605104,30
3,0-1-2-0-2-2-1-1-1-0,0,29,0.22332611675130273,0.2749801837244165,30
3,0-1-2-0-2-2-1-1-1-1,0,31,0.3384220157759009,0.22244852594291029,30
3,0-1-2-0-2-2-1-1-1-2,0,29,0.31274328816929525,0.2895454537342708,30
3,0-1-2-0-2-2-1-1-2-0,1,31,0.21620208770533292,0.32959036884389853,30
3,0-1-2-0-2-2-1-1-2-1,1,33,0.31274328816929525,0.2800652271194269,30
3,0-1-2-0-2-2-1-1-2-2,1,31,0.32903956809429474,0.3477280613036408,30
3,0-1-2-0-2-2-1-2-0-0,0,29,0.21196794897216495,0.39889806019010826,30
3,0-1-2-0-2-2-1-2-0-1,0,32,0.2444498726394433,0.345160332020493,30
3,0-1-2-0-2-2-1-2-0-2,0,29,0.31925560988712287,0.4111055928806055,30
3,0-1-2-0-2-2-1-2-1-0,0,27,0.2444498726394433,0.35239903283546664,30
3,0-1-2-0-2-2-1-2-1-1,0,30,0.3189997470516744,0.3038521364298091,30
3,0-1-2-0-2-2-1-2-1-2,0,27,0.36102542577799385,0.3716661801454578,30
3,0-1-2-0-2-2-1-2-2-0,1,29,0.31925560988712287,0.40871357412494475,30
3,0-1-2-0-2-2-1-2-2-1,1,32,0.36102542577799385,0.3621122796831296,30
3,0-1-2-0-2-2-1-2-2-2,1,29,0.4313903650302703,0.4301859851747741,30
3,0-1-2-0-2-2-2-0-0-0,0,29,0.20844381786876257,0.44875944341710605,30
3,0-1-2-0-2-2-2-0-0-1,0,30,0.14844009338738284,0.38935448728657895,30
3,0-1-2-0-2-2-2-0-0-2,0,29,0.26216946261228974,0.45154478121532693,30
3,0-1-2-0-2-2-2-0-1-0,0,27,0.14844009338738284,0.3975229407165438,30
3,0-1-2-0-2-2-2-0-1-1,0,28,0.16673292112124255,0.3411178934072706,30
3,0-1-2-0-2-2-2-0-1-2,0,27,0.24679616693817413,0.40570268033247714,30
3,0-1-2-0-2-2-2-0-2-0,1,29,0.26216946261228974,0.4505209546525252,30
3,0-1-2-0-2-2-2-0-2-1,1,30,0.24679616693817413,0.39653944865731494,30
3,0-1-2-0-2-2-2-0-2-2,1,29,0.3481330185270369,0.46217078235248776,30
3,0-1-2-0-2-2-2-1-0-0,0,31,0.15118892388321503,0.37717991823186553,30
3,0-1-2-0-2-2-2-1-0-1,0,31,0.21620208770533292,0.32238637533014025,30
3,0-1-2-0-2-2-2-1-0-2,0,31,0.26606747372929845,0.38794399710220556,30
3,0-1-2-0-2-2-2-1-1-0,0,29,0.21620208770533292,0.3297728590929913,30
3,0-1-2-0-2-2-2-1-1-1,0,29,0.31274328816929525,0.28025608462261176,30
3,0-1-2-0-2-2-2-1-1-2,0,29,0.32903956809429474,0.3479202750787397,30
3,0-1-2-0-2-2-2-1-2-0,1,31,0.26606747372929845,0.38570945284102676,30
3,0-1-2-0-2-2-2-1-2-1,1,31,0.32903956809429474,0.3383823153450756,30
3,0-1-2-0-2-2-2-1-2-2,1,31,0.381975758382696,0.40636521292266753,30
3,0-1-2-0-2-2-2-2-0-0,0,29,0.31731482848148507,0.45347227702944787,30
3,0-1-2-0-2-2-2-2-0-1,0,30,0.31925560988712287,0.4019666497757108,30
3,0-1-2-0-2-2-2-2-0-2,0,29,0.41385059888681575,0.4686162214306973,30
3,0-1-2-0-2-2-2-2-1-0,0,27,0.31925560988712287,0.4089004220378182,30
3,0-1-2-0-2-2-2-2-1-1,0,28,0.36102542577799385,0.36230468770478774,30
3,0-1-2-0-2-2-2-2-1-2,0,27,0.4313903650302703,0.4303790621564652,30
3,0-1-2-0-2-2-2-2-2-0,1,29,0.41385059888681575,0.46590470709828125,30
3,0-1-2-0-2-2-2-2-2-1,1,30,0.4313903650302703,0.42079662859893807,30
3,0-1-2-0-2-2-2-2-2-2,1,29,0.5186865195542837,0.48903609595056347,30
3,0-1-2-1-0-0-0-0-0-0,0,30,0.19749447247055918,0.07807830756503407,30
3,0-1-2-1-0-0-0-0-0-1,0,29,0.31089889556590583,0.09859221200387794,30
3,0-1-2-1-0-0-0-0-0-2,0,29,0.2511028166010308,0.0319863983990544,30
3,0-1-2-1-0-0-0-0-1-0,0,30,0.31089889556590583,0.09295113612292963,30
3,0-1-2-1-0-0-0-0-1-1,0,27,0.42601871955982645,0.1427906367891896,30
3,0-1-2-1-0-0-0-0-1-2,0,27,0.3664649586037602,0.08734612941125112,30
3,0-1-2-1-0-0-0-0-2-0,1,32,0.2511028166010308,0.03413478390740452,30
3,0-1-2-1-0-0-0-0-2-1,1,29,0.3664649586037602,0.09408459318221779,30
3,0-1-2-1-0-0-0-0-2-2,1,29,0.33805465815032903,0.06493951905619182,30
3,0-1-2-1-0-0-0-1-0-0,0,31,0.38754874915451265,0.10817270824722289,30
3,0-1-2-1-0-0-0-1-0-1,0,30,0.5031378593237977,0.16365189437364225,30
3,0-1-2-1-0-0-0-1-0-2,0,30,0.4437255894951172,0.11115954823286424,30
3,0-1-2-1-0-0-0-1-1-0,0,31,0.5031378593237977,0.15521283433058392,30
3,0-1-2-1-0-0-0-1-1-1,0,28,0.6190970421042719,0.2174780029244281,30
3,0-1-2-1-0-0-0-1-1-2,0,28,0.5598535130356018,0.16973113839537407,30
3,0-1-2-1-0-0-0-1-2-0,1,33,0.4437255894951172,0.10813553966323712,30
3,0-1-2-1-0-0-0-1-2-1,1,30,0.5598535130356018,0.17560304014185843,30
3,0-1-2-1-0-0-0-1-2-2,1,30,0.5203561608340671,0.14308548278765573,30
3,0-1-2-1-0-0-0-2-0-0,0,30,0.3068955333214851,0.03408646419232479,30
3,0-1-2-1-0-0-0-2-0-1,0,29,0.41771848526653665,0.10253922166763747,30
3,0-1-2-1-0-0-0-2-0-2,0,29,0.40439218850919467,0.0868631117241549,30
3,0-1-2-1-0-0-0-2-1-0,0,30,0.41771848526653665,0.09289013620397783,30
3,0-1-2-1-0-0-0-2-1-1,0,27,0.5310107033174372,0.16157361305480894,30
3,0-1-2-1-0-0-0-2-1-2,0,27,0.507372438608717,0.13811015743790386,30
3,0-1-2-1-0-0-0-2-2-0,1,32,0.40439218850919467,0.0779541271414859,30
3,0-1-2-1-0-0-0-2-2-1,1,29,0.507372438608717,0.1396129504155036,30
3,0-1-2-1-0-0-0-2-2-2,1,29,0.5099617489826583,0.14347546538757294,30
3,0-1-2-1-0-0-1-0-0-0,0,29,0.31089889556590583,0.0930582461035553,30
3,0-1-2-1-0-0-1-0-0-1,0,30,0.42601871955982645,0.14295405234663905,30
3,0-1-2-1-0-0-1-0-0-2,0,29,0.3664649586037602,0.08753659587636438,30
3,0-1-2-1-0-0-1-0-1-0,0,27,0.42601871955982645,0.13494244100803998,30
3,0-1-2-1-0-0-1-0-1-1,0,28,0.5417615205146141,0.1952192008798966,30
3,0-1-2-1-0-0-1-0-1-2,0,27,0.4824109003821938,0.1458588560260264,30
3,0-1-2-1-0-0-1-0-2-0,1,29,0.3664649586037602,0.0850397868033698,30
3,0-1-2-1-0-0-1-0-2-1,1,30,0.4824109003821938,0.1518891513580842,30
3,0-1-2-1-0-0-1-0-2-2,1,29,0.4462227897008734,0.1198316898063112,30
3,0-1-2-1-0-0-1-1-0-0,0,30,0.5031378593237977,0.15538143232468324,30
3,0-1-2-1-0-0-1-1-0-1,0,31,0.6190970421042719,0.21765986996382974,30
3,0-1-2-1-0-0-1-1-0-2,0,30,0.5598535130356018,0.16992472081629234,30
3,0-1-2-1-0-0-1-1-1-0,0,28,0.6190970421042719,0.20866003993500964,30
3,0-1-2-1-0-0-1-1-1-1,0,29,0.7352512217896696,0.2736722343234737,30
3,0-1-2-1-0-0-1-1-1-2,0,28,0.6761355506756311,0.2287631057342185,30
3,0-1-2-1-0-0-1-1-2-0,1,30,0.5598535130356018,0.16624775622996674,30
3,0-1-2-1-0-0-1-1-2-1,1,31,0.6761355506756311,0.2343784780630684,30
3,0-1-2-1-0-0-1-1-2-2,1,30,0.6331697846354439,0.20123217381235167,30
3,0-1-2-1-0-0-1-2-0-0,0,29,0.41771848526653665,0.09308448807306832,30
3,0-1-2-1-0-0-1-2-0-1,0,30,0.5310107033174372,0.1617681940857153,30
3,0-1-2-1-0-0-1-2-0-2,0,29,0.507372438608717,0.13828935583233684,30
3,0-1-2-1-0-0-1-2-1-0,0,27,0.5310107033174372,0.15210965092885886,30
3,0-1-2-1-0-0-1-2-1-1,0,28,0.6454732920002247,0.22083166144407157,30
3,0-1-2-1-0-0-1-2-1-2,0,27,0.6152237888247455,0.19405951398645058,30
3,0-1-2-1-0-0-1-2-2-0,1,29,0.507372438608717,0.13070060301539968,30
3,0-1-2-1-0-0-1-2-2-1,1,30,0.6152237888247455,0.19659450494044386,30
3,0-1-2-1-0-0-1-2-2-2,1,29,0.6062545831000054,0.18885688162682315,30
3,0-1-2-1-0-0-2-0-0-0,0,29,0.2511028166010308,0.034065789898609436,30
3,0-1-2-1-0-0-2-0-0-1,0,29,0.3664649586037602,0.09413071271611011,30
3,0-1-2-1-0-0-2-0-0-2,0,29,0.33805465815032903,0.06510919574528143,30
3,0-1-2-1-0-0-2-0-1-0,0,27,0.3664649586037602,0.08489485524604605,30
3,0-1-2-1-0-0-2-0-1-1,0,27,0.4824109003821938,0.1517639600656068,30
3,0-1-2-1-0-0-2-0-1-2,0,27,0.4462227897008734,0.11978476874247808,30
3,0-1-2-1-0-0-2-0-2-0,1,29,0.33805465815032903,0.056880339526206344,30
3,0-1-2-1-0-0-2-0-2-1,1,29,0.4462227897008734,0.12246636724384304,30
3,0-1-2-1-0-0-2-0-2-2,1,29,0.4389636076406782,0.12016302445560786,30
3,0-1-2-1-0-0-2-1-0-0,0,30,0.4437255894951172,0.10818877280834505,30
3,0-1-2-1-0-0-2-1-0-1,0,30,0.5598535130356018,0.17567392852597039,30
3,0-1-2-1-0-0-2-1-0-2,0,30,0.5203561608340671,0.1432192119599517,30
3,0-1-2-1-0-0-2-1-1-0,0,28,0.5598535130356018,0.16612485215848286,30
3,0-1-2-1-0-0-2-1-1-1,0,28,0.6761355506756311,0.23426274821057474,30
3,0-1-2-1-0-0-2-1-1-2,0,28,0.6331697846354439,0.20116392237076783,30
3,0-1-2-1-0-0-2-1-2-0,1,30,0.5203561608340671,0.13675783090379728,30
3,0-1-2-1-0-0-2-1-2-1,1,30,0.6331697846354439,0.20474801088592853,30
3,0-1-2-1-0-0-2-1-2-2,1,30,0.6097773683950303,0.18877151935259404,30
3,0-1-2-1-0-0-2-2-0-0,0,29,0.40439218850919467,0.07813182844662155,30
3,0-1-2-1-0-0-2-2-0-1,0,29,0.507372438608717,0.13976014608933282,30
3,0-1-2-1-0-0-2-2-0-2,0,29,0.5099617489826583,0.14366529682751808,30
3,0-1-2-1-0-0-2-2-1-0,0,27,0.507372438608717,0.13066843456159874,30
3,0-1-2-1-0-0-2-2-1-1,0,27,0.6152237888247455,0.1965390691486033,30
3,0-1-2-1-0-0-2-2-1-2,0,27,0.6062545831000054,0.18887006044676863,30
3,0-1-2-1-0-0-2-2-2-0,1,29,0.5099617489826583,0.1342589853107932,30
3,0-1-2-1-0-0-2-2-2-1,1,29,0.6062545831000054,0.18845773001244545,30
3,0-1-2-1-0-0-2-2-2-2,1,29,0.6194906764974482,0.20170686682741287,30
3,0-1-2-1-0-1-0-0-0-0,0,30,0.31089889556590583,0.0967092130858679,30
3,0-1-2-1-0-1-0-0-0-1,0,29,0.42601871955982645,0.14833614240169604,30
3,0-1-2-1-0-1-0-0-0-2,0,29,0.3664649586037602,0.09377072043914464,30
3,0-1-2-1-0-1-0-0-1-0,0,30,0.42601871955982645,0.14019353423264752,30
3,0-1-2-1-0-1-0-0-1-1,0,27,0.5417615205146141,0.2010726644277891,30
3,0-1-2-1-0-1-0-0-1-2,0,27,0.4824109003821938,0.15217433490207732,30
3,0-1-2-1-0-1-0-0-2-0,1,32,0.3664649586037602,0.09110743675017768,30
3,0-1-2-1-0-1-0-0-2-1,1,29,0.4824109003821938,0.15815824140517223,30
3,0-1-2-1-0-1-0-0-2-2,1,29,0.4462227897008734,0.125959879484292,30
3,0-1-2-1-0-1-0-1-0-0,0,31,0.5031378593237977,0.16092374994835895,30
3,0-1-2-1-0-1-0-1-0-1,0,30,0.6190970421042719,0.22361529042378972,30
3,0-1-2-1-0-1-0-1-0-2,0,30,0.5598535130356018,0.17625246720798854,30
3,0-1-2-1-0-1-0-1-1-0,0,31,0.6190970421042719,0.21457867084001106,30
3,0-1-2-1-0-1-0-1-1-1,0,28,0.7352512217896696,0.27977920023808234,30
3,0-1-2-1-0-1-0-1-1-2,0,28,0.6761355506756311,0.23510638001804116,30
3,0-1-2-1-0-1-0-1-2-0,1,33,0.5598535130356018,0.17253215700696892,30
3,0-1-2-1-0-1-0-1-2-1,1,30,0.6761355506756311,0.24070150614736893,30
3,0-1-2-1-0-1-0-1-2-2,1,30,0.6331697846354439,0.2075111423356823,30
3,0-1-2-1-0-1-0-2-0-0,0,30,0.41771848526653665,0.09943676974248548,30
3,0-1-2-1-0-1-0-2-0-1,0,29,0.5310107033174372,0.1681273719750036,30
3,0-1-2-1-0-1-0-2-0-2,0,29,0.507372438608717,0.1441677941141984,30
3,0-1-2-1-0-1-0-2-1-0,0,30,0.5310107033174372,0.1584683725236944,30
3,0-1-2-1-0-1-0-2-1-1,0,27,0.6454732920002247,0.22719246733382434,30
3,0-1-2-1-0-1-0-2-1-2,0,27,0.6152237888247455,0.20017849989322736,30
3,0-1-2-1-0-1-0-2-2-0,1,32,0.507372438608717,0.1366805101299782,30
3,0-1-2-1-0-1-0-2-2-1,1,29,0.6152237888247455,0.2027886311558241,30
3,0-1-2-1-0-1-0-2-2-2,1,29,0.6062545831000054,0.1941733597197262,30
3,0-1-2-1-0-1-1-0-0-0,0,29,0.42601871955982645,0.14035566360335217,30
3,0-1-2-1-0-1-1-0-0-1,0,30,0.5417615205146141,0.20125226287255507,30
3,0-1-2-1-0-1-1-0-0-2,0,29,0.4824109003821938,0.1523676451906863,30
3,0-1-2-1-0-1-1-0-1-0,0,27,0.5417615205146141,0.19237255800530703,30
3,0-1-2-1-0-1-1-0-1-1,0,28,0.65779853325227,0.25677813803323124,30
3,0-1-2-1-0-1-1-0-1-2,0,27,0.5986015012295582,0.2111537665190545,30
3,0-1-2-1-0-1-1-0-2-0,1,29,0.4824109003821938,0.14883068316897818,30
3,0-1-2-1-0-1-1-0-2-1,1,30,0.5986015012295582,0.21683140525438668,30
3,0-1-2-1-0-1-1-0-2-2,1,29,0.5577888254019997,0.18382548610158383,30
3,0-1-2-1-0-1-1-1-0-0,0,30,0.6190970421042719,0.21476017636743785,30
3,0-1-2-1-0-1-1-1-0-1,0,31,0.7352512217896696,0.27996624783374346,30
3,0-1-2-1-0-1-1-1-0-2,0,30,0.6761355506756311,0.23530049539315304,30
3,0-1-2-1-0-1-1-1-1-0,0,28,0.7352512217896696,0.2706943288257292,30
3,0-1-2-1-0-1-1-1-1-1,0,27,0.8515206047347085,0.33713444843810514,30
3,0-1-2-1-0-1-1-1-1-2,0,26,0.7925038670316957,0.2942487629261386,30
3,0-1-2-1-0-1-1-1-2-0,1,30,0.6761355506756311,0.23129157370928155,30
3,0-1-2-1-0-1-1-1-2-1,1,29,0.7925038670316957,0.29969565176676943,30
3,0-1-2-1-0-1-1-1-2-2,1,28,0.7471393362527755,0.26620524401357604,30
3,0-1-2-1-0-1-1-2-0-0,0,29,0.5310107033174372,0.15866294907668393,30
3,0-1-2-1-0-1-1-2-0-1,0,30,0.6454732920002247,0.22738710429347075,30
3,0-1-2-1-0-1-1-2-0-2,0,29,0.6152237888247455,0.20036597508577478,30
3,0-1-2-1-0-1-1-2-1-0,0,27,0.6454732920002247,0.2177255587803458,30
3,0-1-2-1-0-1-1-2-1-1,0,26,0.7605780327337582,0.2864619221257766,30
3,0-1-2-1-0-1-1-2-1-2,0,25,0.7257779266108967,0.2577586789127331,30
3,0-1-2-1-0-1-1-2-2-0,1,29,0.6152237888247455,0.19357372986484753,30
3,0-1-2-1-0-1-1-2-2-1,1,28,0.7257779266108967,0.26089131401660154,30
3,0-1-2-1-0-1-1-2-2-2,1,27,0.7086663694417065,0.24610654511547067,30
3,0-1-2-1-0-1-2-0-0-0,0,29,0.3664649586037602,0.09115174437159063,30
3,0-1-2-1-0-1-2-0-0-1,0,29,0.4824109003821938,0.15822607442625045,30
3,0-1-2-1-0-1-2-0-0-2,0,29,0.4462227897008734,0.12609812994977532,30
3,0-1-2-1-0-1-2-0-1-0,0,27,0.4824109003821938,0.14870495102196196,30
3,0-1-2-1-0-1-2-0-1-1,0,27,0.5986015012295582,0.2167142419808236,30
3,0-1-2-1-0-1-2-0-1-2,0,27,0.5577888254019997,0.18376013000526356,30
3,0-1-2-1-0-1-2-0-2-0,1,29,0.4462227897008734,0.11942557205430837,30
3,0-1-2-1-0-1-2-0-2-1,1,29,0.5577888254019997,0.18722137280000112,30
3,0-1-2-1-0-1-2-0-2-2,1,29,0.5395486630101335,0.17314622498878435,30
3,0-1-2-1-0-1-2-1-0-0,0,30,0.5598535130356018,0.17260255423016985,30
3,0-1-2-1-0-1-2-1-0-1,0,30,0.6761355506756311,0.2407797695407189,30
3,0-1-2-1-0-1-2-1-0-2,0,30,0.6331697846354439,0.20763415515058703,30
3,0-1-2-1-0-1-2-1-1-0,0,28,0.6761355506756311,0.2311756068885949,30
3,0-1-2-1-0-1-2-1-1-1,0,26,0.7925038670316957,0.2995838230047384,30
3,0-1-2-1-0-1-2-1-1-2,0,26,0.7471393362527755,0.2661296430781249,30
3,0-1-2-1-0-1-2-1-2-0,1,30,0.6331697846354439,0.20166424386546394,30
3,0-1-2-1-0-1-2-1-2-1,1,28,0.7471393362527755,0.2700263838838585,30
3,0-1-2-1-0-1-2-1-2-2,1,28,0.7180193352799786,0.2492264392167692,30
3,0-1-2-1-0-1-2-2-0-0,0,29,0.507372438608717,0.13682864988443613,30
3,0-1-2-1-0-1-2-2-0-1,0,29,0.6152237888247455,0.20292149304356072,30
3,0-1-2-1-0-1-2-2-0-2,0,29,0.6062545831000054,0.19434655353514668,30
3,0-1-2-1-0-1-2-2-1-0,0,27,0.6152237888247455,0.19351899171449163,30
3,0-1-2-1-0-1-2-2-1-1,0,25,0.7257779266108967,0.26082504319283656,30
3,0-1-2-1-0-1-2-2-1-2,0,25,0.7086663694417065,0.24609069190492797,30
3,0-1-2-1-0-1-2-2-2-0,1,29,0.6062545831000054,0.18580070969935436,30
3,0-1-2-1-0-1-2-2-2-1,1,27,0.7086663694417065,0.2470616961021572,30
3,0-1-2-1-0-1-2-2-2-2,1,27,0.7105224958742579,0.24838570260604192,30
3,0-1-2-1-0-2-0-0-0-0,0,31,0.2511028166010308,0.03237938656891586,30
3,0-1-2-1-0-2-0-0-0-1,0,30,0.3664649586037602,0.09584359851258867,30
3,0-1-2-1-0-2-0-0-0-2,0,30,0.33805465815032903,0.07072530902182864,30
3,0-1-2-1-0-2-0-0-1-0,0,31,0.3664649586037602,0.08643522455699007,30
3,0-1-2-1-0-2-0-0-1-1,0,28,0.4824109003821938,0.15405735567638962,30
3,0-1-2-1-0-2-0-0-1-2,0,28,0.4462227897008734,0.12444765064930645,30
3,0-1-2-1-0-2-0-0-2-0,1,33,0.33805465815032903,0.06225150267578919,30
3,0-1-2-1-0-2-0-0-2-1,1,30,0.4462227897008734,0.12678858518383052,30
3,0-1-2-1-0-2-0-0-2-2,1,30,0.4389636076406782,0.12630892422774,30
3,0-1-2-1-0-2-0-1-0-0,0,32,0.4437255894951172,0.11010391330064398,30
3,0-1-2-1-0-2-0-1-0-1,0,31,0.5598535130356018,0.17809224573889826,30
3,0-1-2-1-0-2-0-1-0-2,0,31,0.5203561608340671,0.14766421086113687,30
3,0-1-2-1-0-2-0-1-1-0,0,32,0.5598535130356018,0.16849775259873617,30
3,0-1-2-1-0-2-0-1-1-1,0,29,0.6761355506756311,0.23687659021430252,30
3,0-1-2-1-0-2-0-1-1-2,0,29,0.6331697846354439,0.20527022463623923,30
3,0-1-2-1-0-2-0-1-2-0,1,34,0.5203561608340671,0.14097054800016143,30
3,0-1-2-1-0-2-0-1-2-1,1,31,0.6331697846354439,0.20863651817918855,30
3,0-1-2-1-0-2-0-1-2-2,1,31,0.6097773683950303,0.194112320425865,30
3,0-1-2-1-0-2-0-2-0-0,0,31,0.40439218850919467,0.08398070199712111,30
3,0-1-2-1-0-2-0-2-0-1,0,30,0.507372438608717,0.14463240229168897,30
3,0-1-2-1-0-2-0-2-0-2,0,30,0.5099617489826583,0.14987597718289788,30
3,0-1-2-1-0-2-0-2-1-0,0,31,0.507372438608717,0.13564062977626898,30
3,0-1-2-1-0-2-0-2-1-1,0,28,0.6152237888247455,0.20097065463236138,30
3,0-1-2-1-0-2-0-2-1-2,0,28,0.6062545831000054,0.1946046138223932,30
3,0-1-2-1-0-2-0-2-2-0,1,33,0.5099617489826583,0.1404477865821136,30
3,0-1-2-1-0-2-0-2-2-1,1,30,0.6062545831000054,0.19404607516466615,30
3,0-1-2-1-0-2-0-2-2-2,1,30,0.6194906764974482,0.2079920216665426,30
3,0-1-2-1-0-2-1-0-0-0,0,30,0.3664649586037602,0.08662420220313115,30
3,0-1-2-1-0-2-1-0-0-1,0,31,0.4824109003821938,0.15425026699312436,30
3,0-1-2-1-0-2-1-0-0-2,0,30,0.4462227897008734,0.12463269213337212,30
3,0-1-2-1-0-2-1-0-1-0,0,28,0.4824109003821938,0.144680024191255,30
3,0-1-2-1-0-2-1-0-1-1,0,29,0.5986015012295582,0.21294776813252736,30
3,0-1-2-1-0-2-1-0-1-2,0,28,0.5577888254019997,0.18172614007711096,30
3,0-1-2-1-0-2-1-0-2-0,1,30,0.4462227897008734,0.11761608788618605,30
3,0-1-2-1-0-2-1-0-2-1,1,31,0.5577888254019997,0.18489310867642658,30
3,0-1-2-1-0-2-1-0-2-2,1,30,0.5395486630101335,0.1731708686911725,30
3,0-1-2-1-0-2-1-1-0-0,0,31,0.5598535130356018,0.16869095738345583,30
3,0-1-2-1-0-2-1-1-0-1,0,32,0.6761355506756311,0.23707053197311032,30
3,0-1-2-1-0-2-1-1-0-2,0,31,0.6331697846354439,0.2054614256436049,30
3,0-1-2-1-0-2-1-1-1-0,0,29,0.6761355506756311,0.22744492439417346,30
3,0-1-2-1-0-2-1-1-1-1,0,28,0.7925038670316957,0.29597642093967425,30
3,0-1-2-1-0-2-1-1-1-2,0,27,0.7471393362527755,0.26372614015961254,30
3,0-1-2-1-0-2-1-1-2-0,1,31,0.6331697846354439,0.19927224993411546,30
3,0-1-2-1-0-2-1-1-2-1,1,30,0.7471393362527755,0.2674280326875472,30
3,0-1-2-1-0-2-1-1-2-2,1,29,0.7180193352799786,0.24817783545450137,30
3,0-1-2-1-0-2-1-2-0-0,0,30,0.507372438608717,0.1358208594573002,30
3,0-1-2-1-0-2-1-2-0-1,0,31,0.6152237888247455,0.20115889517322766,30
3,0-1-2-1-0-2-1-2-0-2,0,30,0.6062545831000054,0.1947646450764308,30
3,0-1-2-1-0-2-1-2-1-0,0,28,0.6152237888247455,0.19183029381437242,30
3,0-1-2-1-0-2-1-2-1-1,0,27,0.7257779266108967,0.2587305682771629,30
3,0-1-2-1-0-2-1-2-1-2,0,26,0.7086663694417065,0.2456569717699815,30
3,0-1-2-1-0-2-1-2-2-0,1,30,0.6062545831000054,0.18607282209692239,30
3,0-1-2-1-0-2-1-2-2-1,1,29,0.7086663694417065,0.2463802252880038,30
3,0-1-2-1-0-2-1-2-2-2,1,28,0.7105224958742579,0.24946764584543354,30
3,0-1-2-1-0-2-2-0-0-0,0,30,0.33805465815032903,0.06241879490966766,30
3,0-1-2-1-0-2-2-0-0-1,0,30,0.4462227897008734,0.1269235499766188,30
3,0-1-2-1-0-2-2-0-0-2,0,30,0.4389636076406782,0.1264973216257452,30
3,0-1-2-1-0-2-2-0-1-0,0,28,0.4462227897008734,0.11756570987801142,30
3,0-1-2-1-0-2-2-0-1-1,0,28,0.5577888254019997,0.18482485712786081,30
3,0-1-2-1-0-2-2-0-1-2,0,28,0.5395486630101335,0.1731753088806065,30
3,0-1-2-1-0-2-2-0-2-0,1,30,0.4389636076406782,0.11717023722688634,30
3,0-1-2-1-0-2-2-0-2-1,1,30,0.5395486630101335,0.17321914189476165,30
3,0-1-2-1-0-2-2-0-2-2,1,30,0.5461473384649249,0.18428071251446318,30
3,0-1-2-1-0-2-2-1-0-0,0,31,0.5203561608340671,0.1411019944244317,30
3,0-1-2-1-0-2-2-1-0-1,0,31,0.6331697846354439,0.2087574189776015,30
3,0-1-2-1-0-2-2-1-0-2,0,31,0.6097773683950303,0.1942767151115571,30
3,0-1-2-1-0-2-2-1-1-0,0,29,0.6331697846354439,0.19920180859813774,30
3,0-1-2-1-0-2-2-1-1-1,0,27,0.7471393362527755,0.26735051484694755,30
3,0-1-2-1-0-2-2-1-1-2,0,27,0.7180193352799786,0.2481482516541564,30
3,0-1-2-1-0-2-2-1-2-0,1,31,0.6097773683950303,0.18618681514252722,30
3,0-1-2-1-0-2-2-1-2-1,1,29,0.7180193352799786,0.24979580125938017,30
3,0-1-2-1-0-2-2-1-2-2,1,29,0.7071535289024482,0.2462199208622725,30
3,0-1-2-1-0-2-2-2-0-0,0,30,0.5099617489826583,0.14063740340822084,30
3,0-1-2-1-0-2-2-2-0-1,0,30,0.6062545831000054,0.19421782513860938,30
3,0-1-2-1-0-2-2-2-0-2,0,30,0.6194906764974482,0.2081844163833214,30
3,0-1-2-1-0-2-2-2-1-0,0,28,0.6062545831000054,0.18608457267352344,30
3,0-1-2-1-0-2-2-2-1-1,0,26,0.7086663694417065,0.24636193424263816,30
3,0-1-2-1-0-2-2-2-1-2,0,26,0.7105224958742579,0.2495032368944459,30
3,0-1-2-1-0-2-2-2-2-0,1,30,0.6194906764974482,0.19863946060213583,30
3,0-1-2-1-0-2-2-2-2-1,1,28,0.7105224958742579,0.24791499494530972,30
3,0-1-2-1-0-2-2-2-2-2,1,28,0.7312018740763038,0.26672937106416733,30
3,0-1-2-1-1-0-0-0-0-0,0,31,0.19749447247055918,0.2140982497998533,30
3,0-1-2-1-1-0-0-0-0-1,0,30,0.31089889556590583,0.279284045234088,30
3,0-1-2-1-1-0-0-0-0-2,0,30,0.2511028166010308,0.23459246735000347,30
3,0-1-2-1-1-0-0-0-1-0,0,31,0.31089889556590583,0.2700141182310013,30
3,0-1-2-1-1-0-0-0-1-1,0,28,0.42601871955982645,0.33644344471477255,30
3,0-1-2-1-1-0-0-0-1-2,0,28,0.3664649586037602,0.29353997046454827,30
3,0-1-2-1-1-0-0-0-2-0,1,33,0.2511028166010308,0.2305861181180173,30
3,0-1-2-1-1-0-0-0-2-1,1,30,0.3664649586037602,0.2989882945366802,30
3,0-1-2-1-1-0-0-0-2-2,1,30,0.33805465815032903,0.2655006085327482,30
3,0-1-2-1-1-0-0-1-0-0,0,32,0.38754874915451265,0.293300032396691,30
3,0-1-2-1-1-0-0-1-0-1,0,31,0.5031378593237977,0.36005948387148634,30
3,0-1-2-1-1-0-0-1-0-2,0,31,0.4437255894951172,0.3177242152518041,30
3,0-1-2-1-1-0-0-1-1-0,0,32,0.5031378593237977,0.3506286782590321,30
3,0-1-2-1-1-0-0-1-1-1,0,29,0.6190970421042719,0.4179514840649549,30
3,0-1-2-1-1-0-0-1-1-2,0,29,0.5598535130356018,0.3767316857093538,30
3,0-1-2-1-1-0-0-1-2-0,1,34,0.4437255894951172,0.3134961005719392,30
3,0-1-2-1-1-0-0-1-2-1,1,31,0.5598535130356018,0.3820474486787907,30
3,0-1-2-1-1-0-0-1-2-2,1,31,0.5203561608340671,0.3483225848546251,30
3,0-1-2-1-1-0-0-2-0-0,0,31,0.3068955333214851,0.24123555576632022,30
3,0-1-2-1-1-0-0-2-0-1,0,30,0.41771848526653665,0.30997469816795337,30
3,0-1-2-1-1-0-0-2-0-2,0,30,0.40439218850919467,0.2807963035775807,30
3,0-1-2-1-1-0-0-2-1-0,0,31,0.41771848526653665,0.3003117640238653,30
3,0-1-2-1-1-0-0-2-1-1,0,28,0.5310107033174372,0.36905545090416353,30
3,0-1-2-1-1-0-0-2-1-2,0,28,0.507372438608717,0.3389714610322436,30
3,0-1-2-1-1-0-0-2-2-0,1,33,0.40439218850919467,0.2745405037591583,30
3,0-1-2-1-1-0-0-2-2-1,1,30,0.507372438608717,0.3425269819868524,30
3,0-1-2-1-1-0-0-2-2-2,1,30,0.5099617489826583,0.32272203059878196,30
3,0-1-2-1-1-0-1-0-0-0,0,30,0.31089889556590583,0.27020059053443535,30
3,0-1-2-1-1-0-1-0-0-1,0,30,0.42601871955982645,0.3366328834783844,30
3,0-1-2-1-1-0-1-0-0-2,0,30,0.3664649586037602,0.2937342934942884,30
3,0-1-2-1-1-0-1-0-1-0,0,28,0.42601871955982645,0.32723669755221135,30
3,0-1-2-1-1-0-1-0-1-1,0,28,0.5417615205146141,0.39436308832244016,30
3,0-1-2-1-1-0-1-0-1-2,0,28,0.4824109003821938,0.3527291557563243,30
3,0-1-2-1-1-0-1-0-2-0,1,30,0.3664649586037602,0.2895569429974716,30
3,0-1-2-1-1-0-1-0-2-1,1,30,0.4824109003821938,0.3580769294413082,30
3,0-1-2-1-1-0-1-0-2-2,1,30,0.4462227897008734,0.3244067653116894,30
3,0-1-2-1-1-0-1-1-0-0,0,31,0.5031378593237977,0.35081853885987646,30
3,0-1-2-1-1-0-1-1-0-1,0,31,0.6190970421042719,0.41814278887544865,30
3,0-1-2-1-1-0-1-1-0-2,0,31,0.5598535130356018,0.3769261546253888,30
3,0-1-2-1-1-0-1-1-1-0,0,29,0.6190970421042719,0.40865039073096415,30
3,0-1-2-1-1-0-1-1-1-1,0,29,0.7352512217896696,0.4763296512058119,30
3,0-1-2-1-1-0-1-1-1-2,0,29,0.6761355506756311,0.4359556694478628,30
3,0-1-2-1-1-0-1-1-2-0,1,31,0.5598535130356018,0.3726010065595605,30
3,0-1-2-1-1-0-1-1-2-1,1,31,0.6761355506756311,0.4412071846833613,30
3,0-1-2-1-1-0-1-1-2-2,1,31,0.6331697846354439,0.40737726865231794,30
3,0-1-2-1-1-0-1-2-0-0,0,30,0.41771848526653665,0.3005064254666168,30
3,0-1-2-1-1-0-1-2-0-1,0,30,0.5310107033174372,0.36925012341773156,30
3,0-1-2-1-1-0-1-2-0-2,0,30,0.507372438608717,0.3391636675162891,30
3,0-1-2-1-1-0-1-2-1-0,0,28,0.5310107033174372,0.3595867177955531,30
3,0-1-2-1-1-0-1-2-1-1,0,28,0.6454732920002247,0.42833304752819007,30
3,0-1-2-1-1-0-1-2-1-2,0,28,0.6152237888247455,0.3976091224778628,30
3,0-1-2-1-1-0-1-2-2-0,1,30,0.507372438608717,0.3331440730324913,30
3,0-1-2-1-1-0-1-2-2-1,1,30,0.6152237888247455,0.40135899185171525,30
3,0-1-2-1-1-0-1-2-2-2,1,30,0.6062545831000054,0.3792596803056922,30
3,0-1-2-1-1-0-2-0-0-0,0,30,0.2511028166010308,0.23066351737461693,30
3,0-1-2-1-1-0-2-0-0-1,0,30,0.3664649586037602,0.29907037045152945,30
3,0-1-2-1-1-0-2-0-0-2,0,30,0.33805465815032903,0.26561823201070084,30
3,0-1-2-1-1-0-2-0-1-0,0,28,0.3664649586037602,0.28944462084454514,30
3,0-1-2-1-1-0-2-0-1-1,0,28,0.4824109003821938,0.35796741033612073,30
3,0-1-2-1-1-0-2-0-1-2,0,28,0.4462227897008734,0.3243271504375843,30
3,0-1-2-1-1-0-2-0-2-0,1,30,0.33805465815032903,0.25989130260942017,30
3,0-1-2-1-1-0-2-0-2-1,1,30,0.4462227897008734,0.32839525339545744,30
3,0-1-2-1-1-0-2-0-2-2,1,30,0.4389636076406782,0.30498512454446497,30
3,0-1-2-1-1-0-2-1-0-0,0,31,0.4437255894951172,0.31357889997129995,30
3,0-1-2-1-1-0-2-1-0-1,0,31,0.5598535130356018,0.38213290921947657,30
3,0-1-2-1-1-0-2-1-0-2,0,31,0.5203561608340671,0.34843552663232186,30
3,0-1-2-1-1-0-2-1-1-0,0,29,0.5598535130356018,0.37249195203721375,30
3,0-1-2-1-1-0-2-1-1-1,0,29,0.6761355506756311,0.44109991864241554,30
3,0-1-2-1-1-0-2-1-1-2,0,29,0.6331697846354439,0.40729395906530175,30
3,0-1-2-1-1-0-2-1-2-0,1,31,0.5203561608340671,0.34291771053729075,30
3,0-1-2-1-1-0-2-1-2-1,1,31,0.6331697846354439,0.41152024864850584,30
3,0-1-2-1-1-0-2-1-2-2,1,31,0.6097773683950303,0.3857372110712051,30
3,0-1-2-1-1-0-2-2-0-0,0,30,0.40439218850919467,0.27466457851757425,30
3,0-1-2-1-1-0-2-2-0-1,0,30,0.507372438608717,0.34264597139043423,30
3,0-1-2-1-1-0-2-2-0-2,0,30,0.5099617489826583,0.3228690495975766,30
3,0-1-2-1-1-0-2-2-1-0,0,28,0.507372438608717,0.3330708029068063,30
3,0-1-2-1-1-0-2-2-1-1,0,28,0.6152237888247455,0.40128149827691223,30
3,0-1-2-1-1-0-2-2-1-2,0,28,0.6062545831000054,0.3792129708897772,30
3,0-1-2-1-1-0-2-2-2-0,1,30,0.5099617489826583,0.3156334252795462,30
3,0-1-2-1-1-0-2-2-2-1,1,30,0.6062545831000054,0.38164461900807284,30
3,0-1-2-1-1-0-2-2-2-2,1,30,0.6194906764974482,0.36953119183910016,30
3,0-1-2-1-1-1-0-0-0-0,0,31,0.31089889556590583,0.2763008681440615,30
3,0-1-2-1-1-1-0-0-0-1,0,30,0.42601871955982645,0.3428271053803195,30
3,0-1-2-1-1-1-0-0-0-2,0,30,0.3664649586037602,0.3000851603342451,30
3,0-1-2-1-1-1-0-0-1-0,0,31,0.42601871955982645,0.333421050272019,30
3,0-1-2-1-1-1-0-0-1-1,0,28,0.5417615205146141,0.4006031718587662,30
3,0-1-2-1-1-1-0-0-1-2,0,28,0.4824109003821938,0.3590836330528368,30
3,0-1-2-1-1-1-0-0-2-0,1,33,0.3664649586037602,0.29589355993980776,30
3,0-1-2-1-1-1-0-0-2-1,1,30,0.4824109003821938,0.36442252716647455,30
3,0-1-2-1-1-1-0-0-2-2,1,30,0.4462227897008734,0.3307370294086246,30
3,0-1-2-1-1-1-0-1-0-0,0,32,0.5031378593237977,0.3570261711389475,30
3,0-1-2-1-1-1-0-1-0-1,0,31,0.6190970421042719,0.42439645013992405,30
3,0-1-2-1-1-1-0-1-0-2,0,31,0.5598535130356018,0.38328165019640226,30
3,0-1-2-1-1-1-0-1-1-0,0,32,0.6190970421042719,0.4148989171383101,30
3,0-1-2-1-1-1-0-1-1-1,0,29,0.7352512217896696,0.4826083521327576,30
3,0-1-2-1-1-1-0-1-1-2,0,29,0.6761355506756311,0.4423129808042527,30
3,0-1-2-1-1-1-0-1-2-0,1,34,0.5598535130356018,0.378947905025695,30
3,0-1-2-1-1-1-0-1-2-1,1,31,0.6761355506756311,0.44755859927260455,30
3,0-1-2-1-1-1-0-1-2-2,1,31,0.6331697846354439,0.41371935090713924,30
3,0-1-2-1-1-1-0-2-0-0,0,31,0.41771848526653665,0.30686810992331015,30
3,0-1-2-1-1-1-0-2-0-1,0,30,0.5310107033174372,0.37561215917175,30
3,0-1-2-1-1-1-0-2-0-2,0,30,0.507372438608717,0.3454466328834567,30
3,0-1-2-1-1-1-0-2-1-0,0,31,0.5310107033174372,0.3659487159203793,30
3,0-1-2-1-1-1-0-2-1-1,0,28,0.6454732920002247,0.4346952610807428,30
3,0-1-2-1-1-1-0-2-1-2,0,28,0.6152237888247455,0.4039137618510269,30
3,0-1-2-1-1-1-0-2-2-0,1,33,0.507372438608717,0.33944788039059315,30
3,0-1-2-1-1-1-0-2-2-1,1,30,0.6152237888247455,0.40768105889001816,30
3,0-1-2-1-1-1-0-2-2-2,1,30,0.6062545831000054,0.3853767674326005,30
3,0-1-2-1-1-1-1-0-0-0,0,30,0.42601871955982645,0.33361039199814946,30
3,0-1-2-1-1-1-1-0-0-1,0,30,0.5417615205146141,0.4007941739275956,30
3,0-1-2-1-1-1-1-0-0-2,0,30,0.4824109003821938,0.3592780792704386,30
3,0-1-2-1-1-1-1-0-1-0,0,28,0.5417615205146141,0.39131733196921936,30
3,0-1-2-1-1-1-1-0-1-1,0,28,0.65779853325227,0.4589056336515977,30
3,0-1-2-1-1-1-1-0-1-2,0,28,0.5986015012295582,0.41830207259929464,30
3,0-1-2-1-1-1-1-0-2-0,1,30,0.4824109003821938,0.35497843531312867,30
3,0-1-2-1-1-1-1-0-2-1,1,30,0.5986015012295582,0.4235708804778281,30
3,0-1-2-1-1-1-1-0-2-2,1,30,0.5577888254019997,0.3897686290929209,30
3,0-1-2-1-1-1-1-1-0-0,0,31,0.6190970421042719,0.4150901714521983,30
3,0-1-2-1-1-1-1-1-0-1,0,31,0.7352512217896696,0.48280050974321237,30
3,0-1-2-1-1-1-1-1-0-2,0,31,0.6761355506756311,0.44250751159136803,30
3,0-1-2-1-1-1-1-1-1-0,0,29,0.7352512217896696,0.47326441723801277,30
3,0-1-2-1-1-1-1-1-1-1,0,27,0.8515206047347085,0.5412030492229764,30
3,0-1-2-1-1-1-1-1-1-2,0,27,0.7925038670316957,0.5015523711921477,30
3,0-1-2-1-1-1-1-1-2-0,1,31,0.6761355506756311,0.43810574647332473,30
3,0-1-2-1-1-1-1-1-2-1,1,29,0.7925038670316957,0.506750088220318,30
3,0-1-2-1-1-1-1-1-2-2,1,29,0.7471393362527755,0.47283690905431625,30
3,0-1-2-1-1-1-1-2-0-0,0,30,0.5310107033174372,0.3661433880639419,30
3,0-1-2-1-1-1-1-2-0-1,0,30,0.6454732920002247,0.43488993965319533,30
3,0-1-2-1-1-1-1-2-0-2,0,30,0.6152237888247455,0.4041067071764392,30
3,0-1-2-1-1-1-1-2-1-0,0,28,0.6454732920002247,0.4252262221945246,30
3,0-1-2-1-1-1-1-2-1-1,0,26,0.7605780327337582,0.4939743607951389,30
3,0-1-2-1-1-1-1-2-1-2,0,26,0.7257779266108967,0.46273222845413514,30
3,0-1-2-1-1-1-1-2-2-0,1,30,0.6152237888247455,0.39827223610014756,30
3,0-1-2-1-1-1-1-2-2-1,1,28,0.7257779266108967,0.466638594720893,30
3,0-1-2-1-1-1-1-2-2-2,1,28,0.7086663694417065,0.4427042740958969,30
3,0-1-2-1-1-1-2-0-0-0,0,30,0.3664649586037602,0.29597547211640984,30
3,0-1-2-1-1-1-2-0-0-1,0,30,0.4824109003821938,0.36450740105003,30
3,0-1-2-1-1-1-2-0-0-2,0,30,0.4462227897008734,0.3308507753792598,30
3,0-1-2-1-1-1-2-0-1-0,0,28,0.4824109003821938,0.35486881228613687,30
3,0-1-2-1-1-1-2-0-1-1,0,28,0.5986015012295582,0.4234632089705202,30
3,0-1-2-1-1-1-2-0-1-2,0,28,0.5577888254019997,0.3896859690239819,30
3,0-1-2-1-1-1-2-0-2-0,1,30,0.4462227897008734,0.32529716075342163,30
3,0-1-2-1-1-1-2-0-2-1,1,30,0.5577888254019997,0.39388441599816293,30
3,0-1-2-1-1-1-2-0-2-2,1,30,0.5395486630101335,0.3685160082836083,30
3,0-1-2-1-1-1-2-1-0-0,0,31,0.5598535130356018,0.37903326642729845,30
3,0-1-2-1-1-1-2-1-0-1,0,31,0.6761355506756311,0.4476458286985466,30
3,0-1-2-1-1-1-2-1-0-2,0,31,0.6331697846354439,0.4138298869300595,30
3,0-1-2-1-1-1-2-1-1-0,0,29,0.6761355506756311,0.4379984114519826,30
3,0-1-2-1-1-1-2-1-1-1,0,27,0.7925038670316957,0.5066440855468883,30
3,0-1-2-1-1-1-2-1-1-2,0,27,0.7471393362527755,0.47275161738350435,30
3,0-1-2-1-1-1-2-1-2-0,1,31,0.6331697846354439,0.40841887631057006,30
3,0-1-2-1-1-1-2-1-2-1,1,29,0.7471393362527755,0.47706296698204376,30
3,0-1-2-1-1-1-2-1-2-2,1,29,0.7180193352799786,0.45002220709350377,30
3,0-1-2-1-1-1-2-2-0-0,0,30,0.507372438608717,0.3395670580185244,30
3,0-1-2-1-1-1-2-2-0-1,0,30,0.6152237888247455,0.4077967079324505,30
3,0-1-2-1-1-1-2-2-0-2,0,30,0.6062545831000054,0.38551646908118853,30
3,0-1-2-1-1-1-2-2-1-0,0,28,0.6152237888247455,0.39819490139720926,30
3,0-1-2-1-1-1-2-2-1-1,0,26,0.7257779266108967,0.46655824684646074,30
3,0-1-2-1-1-1-2-2-1-2,0,26,0.7086663694417065,0.4426498227566175,30
3,0-1-2-1-1-1-2-2-2-0,1,30,0.6062545831000054,0.3786403928903159,30
3,0-1-2-1-1-1-2-2-2-1,1,28,0.7086663694417065,0.4454474607443417,30
3,0-1-2-1-1-1-2-2-2-2,1,28,0.7105224958742579,0.4298962180132842,30
3,0-1-2-1-1-2-0-0-0-0,0,32,0.2511028166010308,0.23326828507726158,30
3,0-1-2-1-1-2-0-0-0-1,0,31,0.3664649586037602,0.30180950734446343,30
3,0-1-2-1-1-2-0-0-0-2,0,31,0.33805465815032903,0.2695114006572255,30
3,0-1-2-1-1-2-0-0-1-0,0,32,0.3664649586037602,0.2921687664260265,30
3,0-1-2-1-1-2-0-0-1-1,0,29,0.4824109003821938,0.3607804374797066,30
3,0-1-2-1-1-2-0-0-1-2,0,29,0.4462227897008734,0.3280966555490921,30
3,0-1-2-1-1-2-0-0-2-0,1,34,0.33805465815032903,0.263635835338999,30
3,0-1-2-1-1-2-0-0-2-1,1,31,0.4462227897008734,0.33202599991834014,30
3,0-1-2-1-1-2-0-0-2-2,1,31,0.4389636076406782,0.3095984593449167,30
3,0-1-2-1-1-2-0-1-0-0,0,33,0.4437255894951172,0.3163388620002984,30
3,0-1-2-1-1-2-0-1-0-1,0,32,0.5598535130356018,0.3849695664324785,30
3,0-1-2-1-1-2-0-1-0-2,0,32,0.5203561608340671,0.3521658425464479,30
3,0-1-2-1-1-2-0-1-1-0,0,33,0.5598535130356018,0.3753195550470751,30
3,0-1-2-1-1-2-0-1-1-1,0,30,0.6761355506756311,0.44398323162122055,30
3,0-1-2-1-1-2-0-1-1-2,0,30,0.6331697846354439,0.410947440059919,30
3,0-1-2-1-1-2-0-1-2-0,1,35,0.5203561608340671,0.3465299918220422,30
3,0-1-2-1-1-2-0-1-2-1,1,32,0.6331697846354439,0.41506246728174767,30
3,0-1-2-1-1-2-0-1-2-2,1,32,0.6097773683950303,0.39007510862590505,30
3,0-1-2-1-1-2-0-2-0-0,0,32,0.40439218850919467,0.2787638684009227,30
3,0-1-2-1-1-2-0-2-0-1,0,31,0.507372438608717,0.3465723344555085,30
3,0-1-2-1-1-2-0-2-0-2,0,31,0.5099617489826583,0.3277010865928359,30
3,0-1-2-1-1-2-0-2-1-0,0,32,0.507372438608717,0.337017489674352,30
3,0-1-2-1-1-2-0-2-1-1,0,29,0.6152237888247455,0.40510360048142896,30
3,0-1-2-1-1-2-0-2-1-2,0,29,0.6062545831000054,0.3838255088200119,30
3,0-1-2-1-1-2-0-2-2-0,1,34,0.5099617489826583,0.32038266606500937,30
3,0-1-2-1-1-2-0-2-2-1,1,31,0.6062545831000054,0.38614850309858495,30
3,0-1-2-1-1-2-0-2-2-2,1,31,0.6194906764974482,0.3747650072188211,30
3,0-1-2-1-1-2-1-0-0-0,0,31,0.3664649586037602,0.29236296628982206,30
3,0-1-2-1-1-2-1-0-0-1,0,31,0.4824109003821938,0.36097480759363665,30
3,0-1-2-1-1-2-1-0-0-2,0,31,0.4462227897008734,0.3282899894887837,30
3,0-1-2-1-1-2-1-0-1-0,0,29,0.4824109003821938,0.35132681783891506,30
3,0-1-2-1-1-2-1-0-1-1,0,29,0.5986015012295582,0.4199789169527667,30
3,0-1-2-1-1-2-1-0-1-2,0,29,0.5577888254019997,0.3870287729870234,30
3,0-1-2-1-1-2-1-0-2-0,1,31,0.4462227897008734,0.3225970113334846,30
3,0-1-2-1-1-2-1-0-2-1,1,31,0.5577888254019997,0.3910985354447603,30
3,0-1-2-1-1-2-1-0-2-2,1,31,0.5395486630101335,0.36673163887859445,30
3,0-1-2-1-1-2-1-1-0-0,0,32,0.5598535130356018,0.37551394979763714,30
3,0-1-2-1-1-2-1-1-0-1,0,32,0.6761355506756311,0.4441777118665987,30
3,0-1-2-1-1-2-1-1-0-2,0,32,0.6331697846354439,0.4111412681996994,30
3,0-1-2-1-1-2-1-1-1-0,0,30,0.6761355506756311,0.43452405330974264,30
3,0-1-2-1-1-2-1-1-1-1,0,28,0.7925038670316957,0.503209018424426,30
3,0-1-2-1-1-2-1-1-1-2,0,28,0.7471393362527755,0.47000009986724844,30
3,0-1-2-1-1-2-1-1-2-0,1,32,0.6331697846354439,0.4056186052496492,30
3,0-1-2-1-1-2-1-1-2-1,1,30,0.7471393362527755,0.4742068021415933,30
3,0-1-2-1-1-2-1-1-2-2,1,30,0.7180193352799786,0.4479708907299969,30
3,0-1-2-1-1-2-1-2-0-0,0,31,0.507372438608717,0.3372099129381945,30
3,0-1-2-1-1-2-1-2-0-1,0,31,0.6152237888247455,0.40529672565508945,30
3,0-1-2-1-1-2-1-2-0-2,0,31,0.6062545831000054,0.3840119061845507,30
3,0-1-2-1-1-2-1-2-1-0,0,29,0.6152237888247455,0.3957119571447834,30
3,0-1-2-1-1-2-1-2-1-1,0,27,0.7257779266108967,0.4639697334555653,30
3,0-1-2-1-1-2-1-2-1-2,0,27,0.7086663694417065,0.4409139335304828,30
3,0-1-2-1-1-2-1-2-2-0,1,31,0.6062545831000054,0.377026856582351,30
3,0-1-2-1-1-2-1-2-2-1,1,29,0.7086663694417065,0.44358391097241273,30
3,0-1-2-1-1-2-1-2-2-2,1,29,0.7105224958742579,0.4289859197976053,30
3,0-1-2-1-1-2-2-0-0-0,0,31,0.33805465815032903,0.2637519968784239,30
3,0-1-2-1-1-2-2-0-0-1,0,31,0.4462227897008734,0.3321383938020511,30
3,0-1-2-1-1-2-2-0-0-2,0,31,0.4389636076406782,0.3097406009510979,30
3,0-1-2-1-1-2-2-0-1-0,0,29,0.4462227897008734,0.32251601188295,30
3,0-1-2-1-1-2-2-0-1-1,0,29,0.5577888254019997,0.3910146094373646,30
3,0-1-2-1-1-2-2-0-1-2,0,29,0.5395486630101335,0.3666786426659384,30
3,0-1-2-1-1-2-2-0-2-0,1,31,0.4389636076406782,0.30275536383749907,30
3,0-1-2-1-1-2-2-0-2-1,1,31,0.5395486630101335,0.3694240546562817,30
3,0-1-2-1-1-2-2-0-2-2,1,31,0.5461473384649249,0.35519006805524417,30
3,0-1-2-1-1-2-2-1-0-0,0,32,0.5203561608340671,0.3466417725392514,30
3,0-1-2-1-1-2-2-1-0-1,0,32,0.6331697846354439,0.41517191718148494,30
3,0-1-2-1-1-2-2-1-0-2,0,32,0.6097773683950303,0.3902087201393864,30
3,0-1-2-1-1-2-2-1-1-0,0,30,0.6331697846354439,0.4055341885337811,30
3,0-1-2-1-1-2-2-1-1-1,0,28,0.7471393362527755,0.47412048100590354,30
3,0-1-2-1-1-2-2-1-1-2,0,28,0.7180193352799786,0.44790939923122486,30
3,0-1-2-1-1-2-2-1-2-0,1,32,0.6097773683950303,0.38363942929880146,30
3,0-1-2-1-1-2-2-1-2-1,1,30,0.7180193352799786,0.45105314443640276,30
3,0-1-2-1-1-2-2-1-2-2,1,30,0.7071535289024482,0.43290482627119703,30
3,0-1-2-1-1-2-2-2-0-0,0,31,0.5099617489826583,0.3205288707845176,30
3,0-1-2-1-1-2-2-2-0-1,0,31,0.6062545831000054,0.3862871426412235,30
3,0-1-2-1-1-2-2-2-0-2,0,31,0.6194906764974482,0.37492570809899733,30
3,0-1-2-1-1-2-2-2-1-0,0,29,0.6062545831000054,0.3769790681701845,30
3,0-1-2-1-1-2-2-2-1-1,0,27,0.7086663694417065,0.4435282037193406,30
3,0-1-2-1-1-2-2-2-1-2,0,27,0.7105224958742579,0.4289595231159437,30
3,0-1-2-1-1-2-2-2-2-0,1,31,0.6194906764974482,0.3669883499765211,30
3,0-1-2-1-1-2-2-2-2-1,1,29,0.7105224958742579,0.4303742250974994,30
3,0-1-2-1-1-2-2-2-2-2,1,29,0.7312018740763038,0.4250129747409453,30
3,0-1-2-1-2-0-0-0-0-0,0,30,0.19749447247055918,0.13994584643982547,30
3,0-1-2-1-2-0-0-0-0-1,0,29,0.31089889556590583,0.19359157959745008,30
3,0-1-2-1-2-0-0-0-0-2,0,29,0.2511028166010308,0.20748268049512075,30
3,0-1-2-1-2-0-0-0-1-0,0,30,0.31089889556590583,0.18544936632750525,30
3,0-1-2-1-2-0-0-0-1-1,0,27,0.42601871955982645,0.24578319169355584,30
3,0-1-2-1-2-0-0-0-1-2,0,27,0.3664649586037602,0.2488337101102161,30
3,0-1-2-1-2-0-0-0-2-0,1,32,0.2511028166010308,0.19793855909934727,30
3,0-1-2-1-2-0-0-0-2-1,1,29,0.3664649586037602,0.24725504641940696,30
3,0-1-2-1-2-0-0-0-2-2,1,29,0.33805465815032903,0.2660243335496365,30
3,0-1-2-1-2-0-0-1-0-0,0,31,0.38754874915451265,0.20610875891792751,30
3,0-1-2-1-2-0-0-1-0-1,0,30,0.5031378593237977,0.2680113539104461,30
3,0-1-2-1-2-0-0-1-0-2,0,30,0.4437255894951172,0.26771859490114286,30
3,0-1-2-1-2-0-0-1-1-0,0,31,0.5031378593237977,0.25910122650283524,30
3,0-1-2-1-2-0-0-1-1-1,0,28,0.6190970421042719,0.323431230696754,30
3,0-1-2-1-2-0-0-1-1-2,0,28,0.5598535130356018,0.31684127915201965,30
3,0-1-2-1-2-0-0-1-2-0,1,33,0.4437255894951172,0.25884097920111204,30
3,0-1-2-1-2-0-0-1-2-1,1,30,0.5598535130356018,0.3168760686487277,30
3,0-1-2-1-2-0-0-1-2-2,1,30,0.5203561608340671,0.32298007393563105,30
3,0-1-2-1-2-0-0-2-0-0,0,30,0.3068955333214851,0.22188339415984837,30
3,0-1-2-1-2-0-0-2-0-1,0,29,0.41771848526653665,0.2699135104855701,30
3,0-1-2-1-2-0-0-2-0-2,0,29,0.40439218850919467,0.2900911390244817,30
3,0-1-2-1-2-0-0-2-1-0,0,30,0.41771848526653665,0.26260591559967605,30
3,0-1-2-1-2-0-0-2-1-1,0,27,0.5310107033174372,0.31734520563451857,30
3,0-1-2-1-2-0-0-2-1-2,0,27,0.507372438608717,0.3285498748909082,30
3,0-1-2-1-2-0-0-2-2-0,1,32,0.40439218850919467,0.28048720360032886,30
3,0-1-2-1-2-0-0-2-2-1,1,29,0.507372438608717,0.32612368661068203,30
3,0-1-2-1-2-0-0-2-2-2,1,29,0.5099617489826583,0.3488821431553644,30
3,0-1-2-1-2-0-1-0-0-0,0,29,0.31089889556590583,0.1856119520464205,30
3,0-1-2-1-2-0-1-0-0-1,0,30,0.42601871955982645,0.24596031845933508,30
3,0-1-2-1-2-0-1-0-0-2,0,29,0.3664649586037602,0.24898178726885417,30
3,0-1-2-1-2-0-1-0-1-0,0,27,0.42601871955982645,0.2372010916943931,30
3,0-1-2-1-2-0-1-0-1-1,0,28,0.5417615205146141,0.3007226122320502,30
3,0-1-2-1-2-0-1-0-1-2,0,27,0.4824109003821938,0.29642371125870276,30
3,0-1-2-1-2-0-1-0-2-0,1,29,0.3664649586037602,0.23989497034443394,30
3,0-1-2-1-2-0-1-0-2-1,1,30,0.4824109003821938,0.296068916566654,30
3,0-1-2-1-2-0-1-0-2-2,1,29,0.4462227897008734,0.3053109571210775,30
3,0-1-2-1-2-0-1-1-0-0,0,30,0.5031378593237977,0.2592801900560345,30
3,0-1-2-1-2-0-1-1-0-1,0,31,0.6190970421042719,0.3236159823565171,30
3,0-1-2-1-2-0-1-1-0-2,0,30,0.5598535130356018,0.3170087591661724,30
3,0-1-2-1-2-0-1-1-1-0,0,28,0.6190970421042719,0.314459497632197,30
3,0-1-2-1-2-0-1-1-1-1,0,29,0.7352512217896696,0.3801459099144634,30
3,0-1-2-1-2-0-1-1-1-2,0,28,0.6761355506756311,0.36907402662601085,30
3,0-1-2-1-2-0-1-1-2-0,1,30,0.5598535130356018,0.30862115251243405,30
3,0-1-2-1-2-0-1-1-2-1,1,31,0.6761355506756311,0.3698792071818096,30
3,0-1-2-1-2-0-1-1-2-2,1,30,0.6331697846354439,0.36964902583830433,30
3,0-1-2-1-2-0-1-2-0-0,0,29,0.41771848526653665,0.2627516265100158,30
3,0-1-2-1-2-0-1-2-0-1,0,30,0.5310107033174372,0.3175079550676902,30
3,0-1-2-1-2-0-1-2-0-2,0,29,0.507372438608717,0.3286867147447771,30
3,0-1-2-1-2-0-1-2-1-0,0,27,0.5310107033174372,0.3094737099669754,30
3,0-1-2-1-2-0-1-2-1-1,0,28,0.6454732920002247,0.3683366823313319,30
3,0-1-2-1-2-0-1-2-1-2,0,27,0.6152237888247455,0.3726030614783512,30
3,0-1-2-1-2-0-1-2-2-0,1,29,0.507372438608717,0.3193465434677572,30
3,0-1-2-1-2-0-1-2-2-1,1,30,0.6152237888247455,0.37123796164814876,30
3,0-1-2-1-2-0-1-2-2-2,1,29,0.6062545831000054,0.38613961740979275,30
3,0-1-2-1-2-0-2-0-0-0,0,29,0.2511028166010308,0.1981307128314606,30
3,0-1-2-1-2-0-2-0-0-1,0,29,0.3664649586037602,0.2474359513122708,30
3,0-1-2-1-2-0-2-0-0-2,0,29,0.33805465815032903,0.2662176250657384,30
3,0-1-2-1-2-0-2-0-1-0,0,27,0.3664649586037602,0.23992785105969736,30
3,0-1-2-1-2-0-2-0-1-1,0,27,0.4824109003821938,0.2960729545928695,30
3,0-1-2-1-2-0-2-0-1-2,0,27,0.4462227897008734,0.305358712482425,30
3,0-1-2-1-2-0-2-0-2-0,1,29,0.33805465815032903,0.25662530318089144,30
3,0-1-2-1-2-0-2-0-2-1,1,29,0.4462227897008734,0.30313007424808713,30
3,0-1-2-1-2-0-2-0-2-2,1,29,0.4389636076406782,0.32495790627979054,30
3,0-1-2-1-2-0-2-1-0-0,0,30,0.4437255894951172,0.25901926522379104,30
3,0-1-2-1-2-0-2-1-0-1,0,30,0.5598535130356018,0.31704282984909743,30
3,0-1-2-1-2-0-2-1-0-2,0,30,0.5203561608340671,0.3231643963512761,30
3,0-1-2-1-2-0-2-1-1-0,0,28,0.5598535130356018,0.308620432961211,30
3,0-1-2-1-2-0-2-1-1-1,0,28,0.6761355506756311,0.3698605114571409,30
3,0-1-2-1-2-0-2-1-1-2,0,28,0.6331697846354439,0.36966653080775125,30
3,0-1-2-1-2-0-2-1-2-0,1,30,0.5203561608340671,0.3140298479303996,30
3,0-1-2-1-2-0-2-1-2-1,1,30,0.6331697846354439,0.36892065087102643,30
3,0-1-2-1-2-0-2-1-2-2,1,30,0.6097773683950303,0.3795840391740982,30
3,0-1-2-1-2-0-2-2-0-0,0,29,0.40439218850919467,0.28068063645595437,30
3,0-1-2-1-2-0-2-2-0-1,0,29,0.507372438608717,0.3263105776702589,30
3,0-1-2-1-2-0-2-2-0-2,0,29,0.5099617489826583,0.34907602291879686,30
3,0-1-2-1-2-0-2-2-1-0,0,27,0.507372438608717,0.3193966386749817,30
3,0-1-2-1-2-0-2-2-1-1,0,27,0.6152237888247455,0.3712630284684655,30
3,0-1-2-1-2-0-2-2-1-2,0,27,0.6062545831000054,0.38619837899533216,30
3,0-1-2-1-2-0-2-2-2-0,1,29,0.5099617489826583,0.3394530660989417,30
3,0-1-2-1-2-0-2-2-2-1,1,29,0.6062545831000054,0.38338998754324777,30
3,0-1-2-1-2-0-2-2-2-2,1,29,0.6194906764974482,0.40795328687483157,30
3,0-1-2-1-2-1-0-0-0-0,0,30,0.31089889556590583,0.19095842325593784,30
3,0-1-2-1-2-1-0-0-0-1,0,29,0.42601871955982645,0.2517632146660855,30
3,0-1-2-1-2-1-0-0-0-2,0,29,0.3664649586037602,0.25385568878349074,30
3,0-1-2-1-2-1-0-0-1-0,0,30,0.42601871955982645,0.2429601006308182,30
3,0-1-2-1-2-1-0-0-1-1,0,27,0.5417615205146141,0.30671527095608747,30
3,0-1-2-1-2-1-0-0-1-2,0,27,0.4824109003821938,0.3017776115952682,30
3,0-1-2-1-2-1-0-0-2-0,1,32,0.3664649586037602,0.24482419086004384,30
3,0-1-2-1-2-1-0-0-2-1,1,29,0.4824109003821938,0.3015311034091563,30
3,0-1-2-1-2-1-0-0-2-2,1,29,0.4462227897008734,0.30990567248461753,30
3,0-1-2-1-2-1-0-1-0-0,0,31,0.5031378593237977,0.265141035458034,30
3,0-1-2-1-2-1-0-1-0-1,0,30,0.6190970421042719,0.32966008417354903,30
3,0-1-2-1-2-1-0-1-0-2,0,30,0.5598535130356018,0.3224989345448722,30
3,0-1-2-1-2-1-0-1-1-0,0,31,0.6190970421042719,0.320484410396158,30
3,0-1-2-1-2-1-0-1-1-1,0,28,0.7352512217896696,0.3862787980371784,30
3,0-1-2-1-2-1-0-1-1-2,0,28,0.6761355506756311,0.3748047177558641,30
3,0-1-2-1-2-1-0-1-2-0,1,33,0.5598535130356018,0.3141600427651092,30
3,0-1-2-1-2-1-0-1-2-1,1,30,0.6761355506756311,0.3756794643442583,30
3,0-1-2-1-2-1-0-1-2-2,1,30,0.6331697846354439,0.374869812950464,30
3,0-1-2-1-2-1-0-2-0-0,0,30,0.41771848526653665,0.26754785447232987,30
3,0-1-2-1-2-1-0-2-0-1,0,29,0.5310107033174372,0.32284617709185787,30
3,0-1-2-1-2-1-0-2-0-2,0,29,0.507372438608717,0.33319041299989255,30
3,0-1-2-1-2-1-0-2-1-0,0,30,0.5310107033174372,0.3147528304676957,30
3,0-1-2-1-2-1-0-2-1-1,0,27,0.6454732920002247,0.3739548020951563,30
3,0-1-2-1-2-1-0-2-1-2,0,27,0.6152237888247455,0.3775789536189466,30
3,0-1-2-1-2-1-0-2-2-0,1,32,0.507372438608717,0.3238851910595781,30
3,0-1-2-1-2-1-0-2-2-1,1,29,0.6152237888247455,0.37631362141708385,30
3,0-1-2-1-2-1-0-2-2-2,1,29,0.6062545831000054,0.3904621159120469,30
3,0-1-2-1-2-1-1-0-0-0,0,29,0.42601871955982645,0.24313679600857852,30
3,0-1-2-1-2-1-1-0-0-1,0,30,0.5417615205146141,0.30689887614454187,30
3,0-1-2-1-2-1-1-0-0-2,0,29,0.4824109003821938,0.301942053659461,30
3,0-1-2-1-2-1-1-0-1-0,0,27,0.5417615205146141,0.29780182384007603,30
3,0-1-2-1-2-1-1-0-1-1,0,28,0.65779853325227,0.36315615784461475,30
3,0-1-2-1-2-1-1-0-1-2,0,27,0.5986015012295582,0.35327319955455444,30
3,0-1-2-1-2-1-1-0-2-0,1,29,0.4824109003821938,0.2934147804775791,30
3,0-1-2-1-2-1-1-0-2-1,1,30,0.5986015012295582,0.3538731086907174,30
3,0-1-2-1-2-1-1-0-2-2,1,29,0.5577888254019997,0.35534600840589575,30
3,0-1-2-1-2-1-1-1-0-0,0,30,0.6190970421042719,0.32066897338339917,30
3,0-1-2-1-2-1-1-1-0-1,0,31,0.7352512217896696,0.386466576385558,30
3,0-1-2-1-2-1-1-1-0-2,0,30,0.6761355506756311,0.37498039344612616,30
3,0-1-2-1-2-1-1-1-1-0,0,28,0.7352512217896696,0.3771538316615554,30
3,0-1-2-1-2-1-1-1-1-1,0,27,0.8515206047347085,0.4437317737123693,30
3,0-1-2-1-2-1-1-1-1-2,0,26,0.7925038670316957,0.4290562233105376,30
3,0-1-2-1-2-1-1-1-2-0,1,30,0.6761355506756311,0.36705356705620984,30
3,0-1-2-1-2-1-1-1-2-1,1,29,0.7925038670316957,0.43048655066954106,30
3,0-1-2-1-2-1-1-1-2-2,1,28,0.7471393362527755,0.42501185413992537,30
3,0-1-2-1-2-1-1-2-0-0,0,29,0.5310107033174372,0.31491499871665524,30
3,0-1-2-1-2-1-1-2-0-1,0,30,0.6454732920002247,0.3741270877731916,30
3,0-1-2-1-2-1-1-2-0-2,0,29,0.6152237888247455,0.3777318681001539,30
3,0-1-2-1-2-1-1-2-1-0,0,27,0.6454732920002247,0.3656020786242949,30
3,0-1-2-1-2-1-1-2-1-1,0,26,0.7605780327337582,0.4273049863690627,30
3,0-1-2-1-2-1-1-2-1-2,0,25,0.7257779266108967,0.42571975841201787,30
3,0-1-2-1-2-1-1-2-2-0,1,29,0.6152237888247455,0.3687738952029697,30
3,0-1-2-1-2-1-1-2-2-1,1,28,0.7257779266108967,0.42527206846719906,30
3,0-1-2-1-2-1-1-2-2-2,1,27,0.7086663694417065,0.43316179845112535,30
3,0-1-2-1-2-1-2-0-0-0,0,29,0.3664649586037602,0.2450056560996853,30
3,0-1-2-1-2-1-2-0-0-1,0,29,0.4824109003821938,0.30170064508859423,30
3,0-1-2-1-2-1-2-0-0-2,0,29,0.4462227897008734,0.31009221950097693,30
3,0-1-2-1-2-1-2-0-1-0,0,27,0.4824109003821938,0.2934198858606694,30
3,0-1-2-1-2-1-2-0-1-1,0,27,0.5986015012295582,0.3538584282407955,30
3,0-1-2-1-2-1-2-0-1-2,0,27,0.5577888254019997,0.355369058218289,30
3,0-1-2-1-2-1-2-0-2-0,1,29,0.4462227897008734,0.3008445947025369,30
3,0-1-2-1-2-1-2-0-2-1,1,29,0.5577888254019997,0.35435223003959065,30
3,0-1-2-1-2-1-2-0-2-2,1,29,0.5395486630101335,0.36709935076006306,30
3,0-1-2-1-2-1-2-1-0-0,0,30,0.5598535130356018,0.3143272826454022,30
3,0-1-2-1-2-1-2-1-0-1,0,30,0.6761355506756311,0.375837137478755,30
3,0-1-2-1-2-1-2-1-0-2,0,30,0.6331697846354439,0.3750456725159218,30
3,0-1-2-1-2-1-2-1-1-0,0,28,0.6761355506756311,0.3670355514796417,30
3,0-1-2-1-2-1-2-1-1-1,0,26,0.7925038670316957,0.4304556416583108,30
3,0-1-2-1-2-1-2-1-1-2,0,26,0.7471393362527755,0.4250120433045431,30
3,0-1-2-1-2-1-2-1-2-0,1,30,0.6331697846354439,0.3663391025056902,30
3,0-1-2-1-2-1-2-1-2-1,1,28,0.7471393362527755,0.42511031081816547,30
3,0-1-2-1-2-1-2-1-2-2,1,28,0.7180193352799786,0.4291701340667514,30
3,0-1-2-1-2-1-2-2-0-0,0,29,0.507372438608717,0.32407243972184957,30
3,0-1-2-1-2-1-2-2-0-1,0,29,0.6152237888247455,0.3764925719012013,30
3,0-1-2-1-2-1-2-2-0-2,0,29,0.6062545831000054,0.3906517180666457,30
3,0-1-2-1-2-1-2-2-1-0,0,27,0.6152237888247455,0.3687999496386332,30
3,0-1-2-1-2-1-2-2-1-1,0,25,0.7257779266108967,0.42527892430202685,30
3,0-1-2-1-2-1-2-2-1-2,0,25,0.7086663694417065,0.433199430448459,30
3,0-1-2-1-2-1-2-2-2-0,1,29,0.6062545831000054,0.38124617029583313,30
3,0-1-2-1-2-1-2-2-2-1,1,27,0.7086663694417065,0.4314335150646151,30
3,0-1-2-1-2-1-2-2-2-2,1,27,0.7105224958742579,0.4483966002312138,30
3,0-1-2-1-2-2-0-0-0-0,0,31,0.2511028166010308,0.2044130668143609,30
3,0-1-2-1-2-2-0-0-0-1,0,30,0.3664649586037602,0.25335929070273794,30
3,0-1-2-1-2-2-0-0-0-2,0,30,0.33805465815032903,0.2725356155541224,30
3,0-1-2-1-2-2-0-0-1-0,0,31,0.3664649586037602,0.24590701737705875,30
3,0-1-2-1-2-2-0-0-1-1,0,28,0.4824109003821938,0.30166461441266934,30
3,0-1-2-1-2-2-0-0-1-2,0,28,0.4462227897008734,0.3114863497852735,30
3,0-1-2-1-2-2-0-0-2-0,1,33,0.33805465815032903,0.26293991457678745,30
3,0-1-2-1-2-2-0-0-2-1,1,30,0.4462227897008734,0.30920244504992356,30
3,0-1-2-1-2-2-0-0-2-2,1,30,0.4389636076406782,0.33129051998386794,30
3,0-1-2-1-2-2-0-1-0-0,0,32,0.4437255894951172,0.26485848448482674,30
3,0-1-2-1-2-2-0-1-0-1,0,31,0.5598535130356018,0.32250992336901313,30
3,0-1-2-1-2-2-0-1-0-2,0,31,0.5203561608340671,0.3291947439557381,30
3,0-1-2-1-2-2-0-1-1-0,0,32,0.5598535130356018,0.314136234222509,30
3,0-1-2-1-2-2-0-1-1-1,0,29,0.6761355506756311,0.3750590055070107,30
3,0-1-2-1-2-2-0-1-1-2,0,29,0.6331697846354439,0.3754507442291791,30
3,0-1-2-1-2-2-0-1-2-0,1,34,0.5203561608340671,0.3200401730491513,30
3,0-1-2-1-2-2-0-1-2-1,1,31,0.6331697846354439,0.3746343167403099,30
3,0-1-2-1-2-2-0-1-2-2,1,31,0.6097773683950303,0.38570704569963044,30
3,0-1-2-1-2-2-0-2-0-0,0,31,0.40439218850919467,0.2870030857970401,30
3,0-1-2-1-2-2-0-2-0-1,0,30,0.507372438608717,0.3324232277405385,30
3,0-1-2-1-2-2-0-2-0-2,0,30,0.5099617489826583,0.35541262876406154,30
3,0-1-2-1-2-2-0-2-1-0,0,31,0.507372438608717,0.3255446656549412,30
3,0-1-2-1-2-2-0-2-1-1,0,28,0.6152237888247455,0.37714560916617285,30
3,0-1-2-1-2-2-0-2-1-2,0,28,0.6062545831000054,0.39241460193347233,30
3,0-1-2-1-2-2-0-2-2-0,1,33,0.5099617489826583,0.34578818023074503,30
3,0-1-2-1-2-2-0-2-2-1,1,30,0.6062545831000054,0.38957210079517457,30
3,0-1-2-1-2-2-0-2-2-2,1,30,0.6194906764974482,0.41429685143356926,30
3,0-1-2-1-2-2-1-0-0-0,0,30,0.3664649586037602,0.2460556265730896,30
3,0-1-2-1-2-2-1-0-0-1,0,31,0.4824109003821938,0.3018301201472046,30
3,0-1-2-1-2-2-1-0-0-2,0,30,0.4462227897008734,0.31162516282982805,30
3,0-1-2-1-2-2-1-0-1-0,0,28,0.4824109003821938,0.29365773325781763,30
3,0-1-2-1-2-2-1-0-1-1,0,29,0.5986015012295582,0.35343735577106333,30
3,0-1-2-1-2-2-1-0-1-2,0,28,0.5577888254019997,0.3561800950205126,30
3,0-1-2-1-2-2-1-0-2-0,1,30,0.4462227897008734,0.30232273313956926,30
3,0-1-2-1-2-2-1-0-2-1,1,31,0.5577888254019997,0.35499240848085767,30
3,0-1-2-1-2-2-1-0-2-2,1,30,0.5395486630101335,0.3689050769587505,30
3,0-1-2-1-2-2-1-1-0-0,0,31,0.5598535130356018,0.3143041933119952,30
3,0-1-2-1-2-2-1-1-0-1,0,32,0.6761355506756311,0.3752353682160701,30
3,0-1-2-1-2-2-1-1-0-2,0,31,0.6331697846354439,0.3756091045986743,30
3,0-1-2-1-2-2-1-1-1-0,0,29,0.6761355506756311,0.36650322836834476,30
3,0-1-2-1-2-2-1-1-1-1,0,28,0.7925038670316957,0.4294928662081433,30
3,0-1-2-1-2-2-1-1-1-2,0,27,0.7471393362527755,0.42506730640522516,30
3,0-1-2-1-2-2-1-1-2-0,1,31,0.6331697846354439,0.3668320982503346,30
3,0-1-2-1-2-2-1-1-2-1,1,30,0.7471393362527755,0.42502090416795907,30
3,0-1-2-1-2-2-1-1-2-2,1,29,0.7180193352799786,0.43009988598368437,30
3,0-1-2-1-2-2-1-2-0-0,0,30,0.507372438608717,0.32568183947510376,30
3,0-1-2-1-2-2-1-2-0-1,0,31,0.6152237888247455,0.37729950093680253,30
3,0-1-2-1-2-2-1-2-0-2,0,30,0.6062545831000054,0.3925454583500792,30
3,0-1-2-1-2-2-1-2-1-0,0,28,0.6152237888247455,0.369706846388144,30
3,0-1-2-1-2-2-1-2-1-1,0,27,0.7257779266108967,0.42555194183796297,30
3,0-1-2-1-2-2-1-2-1-2,0,26,0.7086663694417065,0.43447549254234574,30
3,0-1-2-1-2-2-1-2-2-0,1,30,0.6062545831000054,0.3831061493968243,30
3,0-1-2-1-2-2-1-2-2-1,1,29,0.7086663694417065,0.432572652389394,30
3,0-1-2-1-2-2-1-2-2-2,1,28,0.7105224958742579,0.4504649243898683,30
3,0-1-2-1-2-2-2-0-0-0,0,30,0.33805465815032903,0.26313317288018934,30
3,0-1-2-1-2-2-2-0-0-1,0,30,0.4462227897008734,0.30938843845620145,30
3,0-1-2-1-2-2-2-0-0-2,0,30,0.4389636076406782,0.33148431077483265,30
3,0-1-2-1-2-2-2-0-1-0,0,28,0.4462227897008734,0.30236996013548023,30
3,0-1-2-1-2-2-2-0-1-1,0,28,0.5577888254019997,0.35501377728931083,30
3,0-1-2-1-2-2-2-0-1-2,0,28,0.5395486630101335,0.3689619214207108,30
3,0-1-2-1-2-2-2-0-2-0,1,30,0.4389636076406782,0.32186596136622875,30
3,0-1-2-1-2-2-2-0-2-1,1,30,0.5395486630101335,0.3662545034710679,30
3,0-1-2-1-2-2-2-0-2-2,1,30,0.5461473384649249,0.39034027309335917,30
3,0-1-2-1-2-2-2-1-0-0,0,31,0.5203561608340671,0.3202242985973787,30
3,0-1-2-1-2-2-2-1-0-1,0,31,0.6331697846354439,0.374809479815412,30
3,0-1-2-1-2-2-2-1-0-2,0,31,0.6097773683950303,0.38589452680172354,30
3,0-1-2-1-2-2-2-1-1-0,0,29,0.6331697846354439,0.366848913139443,30
3,0-1-2-1-2-2-2-1-1-1,0,27,0.7471393362527755,0.4250196700288453,30
3,0-1-2-1-2-2-2-1-1-2,0,27,0.7180193352799786,0.4301297879956633,30
3,0-1-2-1-2-2-2-1-2-0,1,31,0.6097773683950303,0.3765969073119558,30
3,0-1-2-1-2-2-2-1-2-1,1,29,0.7180193352799786,0.4287496943328439,30
3,0-1-2-1-2-2-2-1-2-2,1,29,0.7071535289024482,0.4430815558029854,30
3,0-1-2-1-2-2-2-2-0-0,0,30,0.5099617489826583,0.34598204532699073,30
3,0-1-2-1-2-2-2-2-0-1,0,30,0.6062545831000054,0.3897613598761321,30
3,0-1-2-1-2-2-2-2-0-2,0,30,0.6194906764974482,0.41449096838829136,30
3,0-1-2-1-2-2-2-2-1-0,0,28,0.6062545831000054,0.3831645868024859,30
3,0-1-2-1-2-2-2-2-1-1,0,26,0.7086663694417065,0.4326089373046805,30
3,0-1-2-1-2-2-2-2-1-2,0,26,0.7105224958742579,0.4505294805144232,30
3,0-1-2-1-2-2-2-2-2-0,1,30,0.6194906764974482,0.4048557812875223,30
3,0-1-2-1-2-2-2-2-2-1,1,28,0.7105224958742579,0.447415992843388,30
3,0-1-2-1-2-2-2-2-2-2,1,28,0.7312018740763038,0.47342627823270117,30
3,0-1-2-2-0-0-0-0-0-0,0,28,0.339564476714757,0.4935451444284714,30
3,0-1-2-2-0-0-0-0-0-1,0,28,0.34617047164246956,0.4572481618458566,30
3,0-1-2-2-0-0-0-0-0-2,0,27,0.4387216506079745,0.5259741889031698,30
3,0-1-2-2-0-0-0-0-1-0,0,28,0.34617047164246956,0.4619047123509619,30
3,0-1-2-2-0-0-0-0-1-1,0,26,0.3892861756746461,0.43240037616431387,30
3,0-1-2-2-0-0-0-0-1-2,0,25,0.4589079788744122,0.5004802954579852,30
3,0-1-2-2-0-0-0-0-2-0,1,30,0.4387216506079745,0.5209897396689546,30
3,0-1-2-2-0-0-0-0-2-1,1,28,0.4589079788744122,0.4908990790468848,30
3,0-1-2-2-0-0-0-0-2-2,1,27,0.5448202539566817,0.5591219873482646,30
3,0-1-2-2-0-0-0-1-0-0,0,30,0.37142138037488115,0.45053244194600306,30
3,0-1-2-2-0-0-0-1-0-1,0,29,0.4333398427287941,0.4241756225141515,30
3,0-1-2-2-0-0-0-1-0-2,0,29,0.48762311534443936,0.4917008458735127,30
3,0-1-2-2-0-0-0-1-1-0,0,30,0.4333398427287941,0.4273109318587625,30
3,0-1-2-2-0-0-0-1-1-1,0,27,0.5145801845548159,0.40946936401636275,30
3,0-1-2-2-0-0-0-1-1-2,0,27,0.5488130509441804,0.4748130138477292,30
3,0-1-2-2-0-0-0-1-2-0,1,32,0.48762311534443936,0.48553679496591046,30
3,0-1-2-2-0-0-0-1-2-1,1,29,0.5488130509441804,0.46556845017834764,30
3,0-1-2-2-0-0-0-1-2-2,1,29,0.6039689834589764,0.531658978994232,30
3,0-1-2-2-0-0-0-2-0-0,0,28,0.5089449812353085,0.5337273794347129,30
3,0-1-2-2-0-0-0-2-0-1,0,28,0.5349810870191833,0.5060456404952154,30
3,0-1-2-2-0-0-0-2-0-2,0,27,0.6176546467859352,0.5739192965292403,30
3,0-1-2-2-0-0-0-2-1-0,0,28,0.5349810870191833,0.5094674356913167,30
3,0-1-2-2-0-0-0-2-1-1,0,26,0.5835788743224553,0.48877335527662896,30
3,0-1-2-2-0-0-0-2-1-2,0,25,0.6498206806586615,0.5551018252956105,30
3,0-1-2-2-0-0-0-2-2-0,1,30,0.6176546467859352,0.5679387399594445,30
3,0-1-2-2-0-0-0-2-2-1,1,28,0.6498206806586615,0.5457418914642241,30
3,0-1-2-2-0-0-0-2-2-2,1,27,0.7287999046456625,0.6125340037986585,30
3,0-1-2-2-0-0-1-0-0-0,0,27,0.34617047164246956,0.4618093720990189,30
3,0-1-2-2-0-0-1-0-0-1,0,30,0.3892861756746461,0.43232949221611316,30
3,0-1-2-2-0-0-1-0-0-2,0,27,0.4589079788744122,0.5004056802648684,30
3,0-1-2-2-0-0-1-0-1-0,0,25,0.3892861756746461,0.4359391970041343,30
3,0-1-2-2-0-0-1-0-1-1,0,28,0.4587300156401709,0.41449840441005664,30
3,0-1-2-2-0-0-1-0-1-2,0,25,0.505861788417181,0.48087779862843094,30
3,0-1-2-2-0-0-1-0-2-0,1,27,0.4589079788744122,0.4945850404343039,30
3,0-1-2-2-0-0-1-0-2-1,1,30,0.505861788417181,0.4715058652328885,30
3,0-1-2-2-0-0-1-0-2-2,1,27,0.57318307743307,0.5384026012165795,30
3,0-1-2-2-0-0-1-1-0-0,0,29,0.4333398427287941,0.42724583960698725,30
3,0-1-2-2-0-0-1-1-0-1,0,31,0.5145801845548159,0.40943412987900396,30
3,0-1-2-2-0-0-1-1-0-2,0,29,0.5488130509441804,0.47476853194773544,30
3,0-1-2-2-0-0-1-1-1-0,0,27,0.5145801845548159,0.4112907637239986,30
3,0-1-2-2-0-0-1-1-1-1,0,29,0.607438789443298,0.40296704786556536,30
3,0-1-2-2-0-0-1-1-1-2,0,27,0.6259352975337956,0.46485349179850105,30
3,0-1-2-2-0-0-1-1-2-0,1,29,0.5488130509441804,0.46776967868057356,30
3,0-1-2-2-0-0-1-1-2-1,1,31,0.6259352975337956,0.4560354115498984,30
3,0-1-2-2-0-0-1-1-2-2,1,29,0.6646712571043837,0.5194224425761528,30
3,0-1-2-2-0-0-1-2-0-0,0,27,0.5349810870191833,0.5093969198482223,30
3,0-1-2-2-0-0-1-2-0-1,0,30,0.5835788743224553,0.4887272433737258,30
3,0-1-2-2-0-0-1-2-0-2,0,27,0.6498206806586615,0.5550491655706342,30
3,0-1-2-2-0-0-1-2-1-0,0,25,0.5835788743224553,0.4911041722949533,30
3,0-1-2-2-0-0-1-2-1-1,0,28,0.649695013976804,0.4782023155557251,30
3,0-1-2-2-0-0-1-2-1-2,0,25,0.7001545121405219,0.54207027896904,30
3,0-1-2-2-0-0-1-2-2-0,1,27,0.6498206806586615,0.5483408479685234,30
3,0-1-2-2-0-0-1-2-2-1,1,30,0.7001545121405219,0.5330190494362513,30
3,0-1-2-2-0-0-1-2-2-2,1,27,0.7651854939155367,0.5978269732064302,30
3,0-1-2-2-0-0-2-0-0-0,0,27,0.4387216506079745,0.5210888542314038,30
3,0-1-2-2-0-0-2-0-0-1,0,28,0.4589079788744122,0.49101789866166823,30
3,0-1-2-2-0-0-2-0-0-2,0,27,0.5448202539566817,0.5592382797756982,30
3,0-1-2-2-0-0-2-0-1-0,0,25,0.4589079788744122,0.4947784499337142,30
3,0-1-2-2-0-0-2-0-1-1,0,26,0.505861788417181,0.47169454884835527,30
3,0-1-2-2-0-0-2-0-1-2,0,25,0.57318307743307,0.5385927024453213,30
3,0-1-2-2-0-0-2-0-2-0,1,27,0.5448202539566817,0.5535187683165015,30
3,0-1-2-2-0-0-2-0-2-1,1,28,0.57318307743307,0.5291602165004475,30
3,0-1-2-2-0-0-2-0-2-2,1,27,0.6544931635046153,0.5964242923736616,30
3,0-1-2-2-0-0-2-1-0-0,0,29,0.48762311534443936,0.48565984545167606,30
3,0-1-2-2-0-0-2-1-0-1,0,29,0.5488130509441804,0.46571114851699047,30
3,0-1-2-2-0-0-2-1-0-2,0,29,0.6039689834589764,0.5317965285989591,30
3,0-1-2-2-0-0-2-1-1-0,0,27,0.5488130509441804,0.4679568393942211,30
3,0-1-2-2-0-0-2-1-1-1,0,27,0.6259352975337956,0.4562127157338105,30
3,0-1-2-2-0-0-2-1-1-2,0,27,0.6646712571043837,0.5196038788614332,30
3,0-1-2-2-0-0-2-1-2-0,1,29,0.6039689834589764,0.5250123018816808,30
3,0-1-2-2-0-0-2-1-2-1,1,29,0.6646712571043837,0.5106092738505933,30
3,0-1-2-2-0-0-2-1-2-2,1,29,0.7203891537817187,0.5750695867157121,30
3,0-1-2-2-0-0-2-2-0-0,0,27,0.6176546467859352,0.5680582185125079,30
3,0-1-2-2-0-0-2-2-0-1,0,28,0.6498206806586615,0.5458784894140819,30
3,0-1-2-2-0-0-2-2-0-2,0,27,0.7287999046456625,0.6126666342709014,30
3,0-1-2-2-0-0-2-2-1-0,0,25,0.6498206806586615,0.5485300893321637,30
3,0-1-2-2-0-0-2-2-1-1,0,26,0.7001545121405219,0.5332011764621948,30
3,0-1-2-2-0-0-2-2-1-2,0,25,0.7651854939155367,0.5980117466055682,30
3,0-1-2-2-0-0-2-2-2-0,1,27,0.7287999046456625,0.6061233950534288,30
3,0-1-2-2-0-0-2-2-2-1,1,28,0.7651854939155367,0.5888474171317654,30
3,0-1-2-2-0-0-2-2-2-2,1,27,0.8414161329986567,0.6543553203366244,30
3,0-1-2-2-0-1-0-0-0-0,0,28,0.34617047164246956,0.4587281641196381,30
3,0-1-2-2-0-1-0-0-0-1,0,28,0.3892861756746461,0.4300550401639288,30
3,0-1-2-2-0-1-0-0-0-2,0,27,0.4589079788744122,0.49800294668371764,30
3,0-1-2-2-0-1-0-0-1-0,0,28,0.3892861756746461,0.43354186165848757,30
3,0-1-2-2-0-1-0-0-1-1,0,26,0.4587300156401709,0.41303680818621147,30
3,0-1-2-2-0-1-0-0-1-2,0,25,0.505861788417181,0.47916226604946655,30
3,0-1-2-2-0-1-0-0-2-0,1,30,0.4589079788744122,0.49209141384837496,30
3,0-1-2-2-0-1-0-0-2-1,1,28,0.505861788417181,0.4698215551072323,30
3,0-1-2-2-0-1-0-0-2-2,1,27,0.57318307743307,0.536520657593821,30
3,0-1-2-2-0-1-0-1-0-0,0,30,0.4333398427287941,0.4251621677876771,30
3,0-1-2-2-0-1-0-1-0-1,0,29,0.5145801845548159,0.40833207503046726,30
3,0-1-2-2-0-1-0-1-0-2,0,29,0.5488130509441804,0.473356607697074,30
3,0-1-2-2-0-1-0-1-1-0,0,30,0.5145801845548159,0.41004375828528544,30
3,0-1-2-2-0-1-0-1-1-1,0,27,0.607438789443298,0.4027817627227096,30
3,0-1-2-2-0-1-0-1-1-2,0,27,0.6259352975337956,0.46422194895065766,30
3,0-1-2-2-0-1-0-1-2-0,1,32,0.5488130509441804,0.4662706281905087,30
3,0-1-2-2-0-1-0-1-2-1,1,29,0.6259352975337956,0.45545915112137375,30
3,0-1-2-2-0-1-0-1-2-2,1,29,0.6646712571043837,0.5184948967330899,30
3,0-1-2-2-0-1-0-2-0-0,0,28,0.5349810870191833,0.5071281582382472,30
3,0-1-2-2-0-1-0-2-0-1,0,28,0.5835788743224553,0.48726069067329264,30
3,0-1-2-2-0-1-0-2-0-2,0,27,0.6498206806586615,0.5533631545324952,30
3,0-1-2-2-0-1-0-2-1-0,0,28,0.5835788743224553,0.4895191363985537,30
3,0-1-2-2-0-1-0-2-1-1,0,26,0.649695013976804,0.4774914101742612,30
3,0-1-2-2-0-1-0-2-1-2,0,25,0.7001545121405219,0.5410391130617858,30
3,0-1-2-2-0-1-0-2-2-0,1,30,0.6498206806586615,0.5465778969569726,30
3,0-1-2-2-0-1-0-2-2-1,1,28,0.7001545121405219,0.532028132983083,30
3,0-1-2-2-0-1-0-2-2-2,1,27,0.7651854939155367,0.5965771194493346,30
3,0-1-2-2-0-1-1-0-0-0,0,27,0.3892861756746461,0.4334697688193984,30
3,0-1-2-2-0-1-1-0-0-1,0,30,0.4587300156401709,0.4129935486820899,30
3,0-1-2-2-0-1-1-0-0-2,0,27,0.505861788417181,0.47911100770997095,30
3,0-1-2-2-0-1-1-0-1-0,0,25,0.4587300156401709,0.41524569998627486,30
3,0-1-2-2-0-1-1-0-1-1,0,28,0.5445204288827832,0.4040070200161078,30
3,0-1-2-2-0-1-1-0-1-2,0,25,0.5730406045214232,0.4670576341650708,30
3,0-1-2-2-0-1-1-0-2-0,1,27,0.505861788417181,0.47235732059381624,30
3,0-1-2-2-0-1-1-0-2-1,1,30,0.5730406045214232,0.4580956168067022,30
3,0-1-2-2-0-1-1-0-2-2,1,27,0.6224374192908751,0.522396215184999,30
3,0-1-2-2-0-1-1-1-0-0,0,29,0.5145801845548159,0.4100070980943714,30
3,0-1-2-2-0-1-1-1-0-1,0,31,0.607438789443298,0.4027776766746091,30
3,0-1-2-2-0-1-1-1-0-2,0,29,0.6259352975337956,0.46420398587233325,30
3,0-1-2-2-0-1-1-1-1-0,0,27,0.607438789443298,0.4030939951197331,30
3,0-1-2-2-0-1-1-1-1-1,0,27,0.7073547688733205,0.4058741865821688,30
3,0-1-2-2-0-1-1-1-1-2,0,25,0.7138445195239655,0.46252223077365895,30
3,0-1-2-2-0-1-1-1-2-0,1,29,0.6259352975337956,0.4563487888605926,30
3,0-1-2-2-0-1-1-1-2-1,1,29,0.7138445195239655,0.4543575447600918,30
3,0-1-2-2-0-1-1-1-2-2,1,27,0.738902562321036,0.5135745196162335,30
3,0-1-2-2-0-1-1-2-0-0,0,27,0.5835788743224553,0.4894718588692577,30
3,0-1-2-2-0-1-1-2-0-1,0,30,0.649695013976804,0.4774709773180798,30
3,0-1-2-2-0-1-1-2-0-2,0,27,0.7001545121405219,0.5410087091908902,30
3,0-1-2-2-0-1-1-2-1-0,0,25,0.649695013976804,0.47857982643464064,30
3,0-1-2-2-0-1-1-2-1-1,0,26,0.7285757952065065,0.47493108333619083,30
3,0-1-2-2-0-1-1-2-1-2,0,23,0.765078776514809,0.5349849512948359,30
3,0-1-2-2-0-1-1-2-2-0,1,27,0.7001545121405219,0.5335298454634233,30
3,0-1-2-2-0-1-1-2-2-1,1,28,0.765078776514809,0.5264147173119694,30
3,0-1-2-2-0-1-1-2-2-2,1,25,0.8167301566182181,0.5881214746021541,30
3,0-1-2-2-0-1-2-0-0-0,0,27,0.4589079788744122,0.4922093311274686,30
3,0-1-2-2-0-1-2-0-0-1,0,28,0.505861788417181,0.46995930200625236,30
3,0-1-2-2-0-1-2-0-0-2,0,27,0.57318307743307,0.5366537559329109,30
3,0-1-2-2-0-1-2-0-1-0,0,25,0.505861788417181,0.47254630430698663,30
3,0-1-2-2-0-1-2-0-1-1,0,26,0.5730406045214232,0.45827587728350516,30
3,0-1-2-2-0-1-2-0-1-2,0,25,0.6224374192908751,0.5225799105097727,30
3,0-1-2-2-0-1-2-0-2-0,1,27,0.57318307743307,0.5300928129098567,30
3,0-1-2-2-0-1-2-0-2-1,1,28,0.6224374192908751,0.5134711630054787,30
3,0-1-2-2-0-1-2-0-2-2,1,27,0.6882302790347936,0.5786628279915307,30
3,0-1-2-2-0-1-2-1-0-0,0,29,0.5488130509441804,0.4664124632054059,30
3,0-1-2-2-0-1-2-1-0-1,0,29,0.6259352975337956,0.4556190418469507,30
3,0-1-2-2-0-1-2-1-0-2,0,29,0.6646712571043837,0.5186482591552363,30
3,0-1-2-2-0-1-2-1-1-0,0,27,0.6259352975337956,0.4565266338732564,30
3,0-1-2-2-0-1-2-1-1-1,0,25,0.7138445195239655,0.45452144392577015,30
3,0-1-2-2-0-1-2-1-1-2,0,25,0.738902562321036,0.5137455823394786,30
3,0-1-2-2-0-1-2-1-2-0,1,29,0.6646712571043837,0.5110694172532768,30
3,0-1-2-2-0-1-2-1-2-1,1,27,0.738902562321036,0.5052747764910336,30
3,0-1-2-2-0-1-2-1-2-2,1,27,0.7807430849507424,0.566367751761652,30
3,0-1-2-2-0-1-2-2-0-0,0,27,0.6498206806586615,0.5467137327857923,30
3,0-1-2-2-0-1-2-2-0-1,0,28,0.7001545121405219,0.5321802592104495,30
3,0-1-2-2-0-1-2-2-0-2,0,27,0.7651854939155367,0.5967240059621116,30
3,0-1-2-2-0-1-2-2-1-0,0,25,0.7001545121405219,0.5337123649029983,30
3,0-1-2-2-0-1-2-2-1-1,0,24,0.765078776514809,0.5265869930216651,30
3,0-1-2-2-0-1-2-2-1-2,0,23,0.8167301566182181,0.5882984337659821,30
3,0-1-2-2-0-1-2-2-2-0,1,27,0.7651854939155367,0.5894660870681027,30
3,0-1-2-2-0-1-2-2-2-1,1,26,0.8167301566182181,0.579528010993746,30
3,0-1-2-2-0-1-2-2-2-2,1,25,0.8808691916110243,0.6424787557350023,30
3,0-1-2-2-0-2-0-0-0-0,0,29,0.4387216506079745,0.5243574572437154,30
3,0-1-2-2-0-2-0-0-0-1,0,29,0.4589079788744122,0.4949274526991347,30
3,0-1-2-2-0-2-0-0-0-2,0,28,0.5448202539566817,0.5630626233926848,30
3,0-1-2-2-0-2-0-0-1-0,0,29,0.4589079788744122,0.49859685964265127,30
3,0-1-2-2-0-2-0-0-1-1,0,27,0.505861788417181,0.47615787193555287,30
3,0-1-2-2-0-2-0-0-1-2,0,26,0.57318307743307,0.5429089503650973,30
3,0-1-2-2-0-2-0-0-2-0,1,31,0.5448202539566817,0.557272021340681,30
3,0-1-2-2-0-2-0-0-2-1,1,29,0.57318307743307,0.533495146447977,30
3,0-1-2-2-0-2-0-0-2-2,1,28,0.6544931635046153,0.6006379364945302,30
3,0-1-2-2-0-2-0-1-0-0,0,31,0.48762311534443936,0.4897067989891712,30
3,0-1-2-2-0-2-0-1-0-1,0,30,0.5488130509441804,0.4703951477336104,30
3,0-1-2-2-0-2-0-1-0-2,0,30,0.6039689834589764,0.5363112218240922,30
3,0-1-2-2-0-2-0-1-1-0,0,31,0.5488130509441804,0.4725535228857261,30
3,0-1-2-2-0-2-0-1-1-1,0,28,0.6259352975337956,0.46140083237824414,30
3,0-1-2-2-0-2-0-1-1-2,0,28,0.6646712571043837,0.5245820571809536,30
3,0-1-2-2-0-2-0-1-2-0,1,33,0.6039689834589764,0.529468705918291,30
3,0-1-2-2-0-2-0-1-2-1,1,30,0.6646712571043837,0.5156146638994619,30
3,0-1-2-2-0-2-0-1-2-2,1,30,0.7203891537817187,0.5798957995343139,30
3,0-1-2-2-0-2-0-2-0-0,0,29,0.6176546467859352,0.5719855921619491,30
3,0-1-2-2-0-2-0-2-0-1,0,29,0.6498206806586615,0.550361845418528,30
3,0-1-2-2-0-2-0-2-0-2,0,28,0.7287999046456625,0.6170192039981888,30
3,0-1-2-2-0-2-0-2-1-0,0,29,0.6498206806586615,0.5529363452403994,30
3,0-1-2-2-0-2-0-2-1-1,0,27,0.7001545121405219,0.5381396614559862,30
3,0-1-2-2-0-2-0-2-1-2,0,26,0.7651854939155367,0.6027821392474844,30
3,0-1-2-2-0-2-0-2-2-0,1,31,0.7287999046456625,0.6104218852400038,30
3,0-1-2-2-0-2-0-2-2-1,1,29,0.7651854939155367,0.5936396602972658,30
3,0-1-2-2-0-2-0-2-2-2,1,28,0.8414161329986567,0.6590031172416293,30
3,0-1-2-2-0-2-1-0-0-0,0,28,0.4589079788744122,0.4985213558251683,30
3,0-1-2-2-0-2-1-0-0-1,0,31,0.505861788417181,0.47610692542829247,30
3,0-1-2-2-0-2-1-0-0-2,0,28,0.57318307743307,0.5428519392872707,30
3,0-1-2-2-0-2-1-0-1-0,0,26,0.505861788417181,0.4787249328322039,30
3,0-1-2-2-0-2-1-0-1-1,0,29,0.5730406045214232,0.46417332283828744,30
3,0-1-2-2-0-2-1-0-1-2,0,26,0.6224374192908751,0.528587525520273,30
3,0-1-2-2-0-2-1-0-2-0,1,28,0.57318307743307,0.5363094925761667,30
3,0-1-2-2-0-2-1-0-2-1,1,31,0.6224374192908751,0.519465743914441,30
3,0-1-2-2-0-2-1-0-2-2,1,28,0.6882302790347936,0.5847372125100413,30
3,0-1-2-2-0-2-1-1-0-0,0,30,0.5488130509441804,0.4725081881501856,30
3,0-1-2-2-0-2-1-1-0-1,0,32,0.6259352975337956,0.4613834150280374,30
3,0-1-2-2-0-2-1-1-0-2,0,30,0.6646712571043837,0.5245539785633415,30
3,0-1-2-2-0-2-1-1-1-0,0,28,0.6259352975337956,0.4623461955153047,30
3,0-1-2-2-0-2-1-1-1-1,0,28,0.7138445195239655,0.45989098968555653,30
3,0-1-2-2-0-2-1-1-1-2,0,26,0.738902562321036,0.5193451820431151,30
3,0-1-2-2-0-2-1-1-2-0,1,30,0.6646712571043837,0.5170022400832012,30
3,0-1-2-2-0-2-1-1-2-1,1,30,0.738902562321036,0.5108468548315351,30
3,0-1-2-2-0-2-1-1-2-2,1,28,0.7807430849507424,0.5721094780732343,30
3,0-1-2-2-0-2-1-2-0-0,0,28,0.6498206806586615,0.5528829321932136,30
3,0-1-2-2-0-2-1-2-0-1,0,31,0.7001545121405219,0.5381096558519053,30
3,0-1-2-2-0-2-1-2-0-2,0,28,0.7651854939155367,0.6027442476305332,30
3,0-1-2-2-0-2-1-2-1-0,0,26,0.7001545121405219,0.5396819012905057,30
3,0-1-2-2-0-2-1-2-1-1,0,27,0.765078776514809,0.5322255815756575,30
3,0-1-2-2-0-2-1-2-1-2,0,24,0.8167301566182181,0.5940876795288116,30
3,0-1-2-2-0-2-1-2-2-0,1,28,0.7651854939155367,0.5955080720369608,30
3,0-1-2-2-0-2-1-2-2-1,1,29,0.8167301566182181,0.5852989440601519,30
3,0-1-2-2-0-2-1-2-2-2,1,26,0.8808691916110243,0.6483640993260125,30
3,0-1-2-2-0-2-2-0-0-0,0,28,0.5448202539566817,0.5573876144448953,30
3,0-1-2-2-0-2-2-0-0-1,0,29,0.57318307743307,0.53362843260471,30
3,0-1-2-2-0-2-2-0-0-2,0,28,0.6544931635046153,0.6007674669871754,30
3,0-1-2-2-0-2-2-0-1-0,0,26,0.57318307743307,0.5364997716928662,30
3,0-1-2-2-0-2-2-0-1-1,0,27,0.6224374192908751,0.5196493110421753,30
3,0-1-2-2-0-2-2-0-1-2,0,26,0.6882302790347936,0.5849231801923855,30
3,0-1-2-2-0-2-2-0-2-0,1,28,0.6544931635046153,0.5943805592056489,30
3,0-1-2-2-0-2-2-0-2-1,1,29,0.6882302790347936,0.5756988149679214,30
3,0-1-2-2-0-2-2-0-2-2,1,28,0.7662070624646796,0.6416025996734716,30
3,0-1-2-2-0-2-2-1-0-0,0,30,0.6039689834589764,0.5296056821529934,30
3,0-1-2-2-0-2-2-1-0-1,0,30,0.6646712571043837,0.5157682963146062,30
3,0-1-2-2-0-2-2-1-0-2,0,30,0.7203891537817187,0.5800439448919589,30
3,0-1-2-2-0-2-2-1-1-0,0,28,0.6646712571043837,0.5171839405818157,30
3,0-1-2-2-0-2-2-1-1-1,0,26,0.738902562321036,0.5110176468604487,30
3,0-1-2-2-0-2-2-1-1-2,0,26,0.7807430849507424,0.5722853771319726,30
3,0-1-2-2-0-2-2-1-2-0,1,30,0.7203891537817187,0.5727237324944042,30
3,0-1-2-2-0-2-2-1-2-1,1,28,0.7807430849507424,0.5635687675192056,30
3,0-1-2-2-0-2-2-1-2-2,1,28,0.8368526168542646,0.6261839372675826,30
3,0-1-2-2-0-2-2-2-0-0,0,28,0.7287999046456625,0.6105539837364208,30
3,0-1-2-2-0-2-2-2-0-1,0,29,0.7651854939155367,0.5937867640723181,30
3,0-1-2-2-0-2-2-2-0-2,0,28,0.8414161329986567,0.6591457875743231,30
3,0-1-2-2-0-2-2-2-1-0,0,26,0.7651854939155367,0.5956930569637988,30
3,0-1-2-2-0-2-2-2-1-1,0,25,0.8167301566182181,0.5854757230991376,30
3,0-1-2-2-0-2-2-2-1-2,0,24,0.8808691916110243,0.6485443280005596,30
3,0-1-2-2-0-2-2-2-2-0,1,28,0.8414161329986567,0.6520962053397746,30
3,0-1-2-2-0-2-2-2-2-1,1,27,0.8808691916110243,0.6396081145481625,30
3,0-1-2-2-0-2-2-2-2-2,1,26,0.9549830816684233,0.7035989719517901,30
3,0-1-2-2-1-0-0-0-0-0,0,28,0.339564476714757,0.41014124596420176,30
3,0-1-2-2-1-0-0-0-0-1,0,28,0.34617047164246956,0.4027930346504517,30
3,0-1-2-2-1-0-0-0-0-2,0,27,0.4387216506079745,0.46426989676714286,30
3,0-1-2-2-1-0-0-0-1-0,0,29,0.34617047164246956,0.40312636632519266,30
3,0-1-2-2-1-0-0-0-1-1,0,27,0.3892861756746461,0.40578603283125314,30
3,0-1-2-2-1-0-0-0-1-2,0,26,0.4589079788744122,0.462497662346438,30
3,0-1-2-2-1-0-0-0-2-0,1,30,0.4387216506079745,0.45642335263838435,30
3,0-1-2-2-1-0-0-0-2-1,1,28,0.4589079788744122,0.45432498170558006,30
3,0-1-2-2-1-0-0-0-2-2,1,27,0.5448202539566817,0.5135932459926725,30
3,0-1-2-2-1-0-0-1-0-0,0,30,0.37142138037488115,0.4027285053695561,30
3,0-1-2-2-1-0-0-1-0-1,0,29,0.4333398427287941,0.4094789881373574,30
3,0-1-2-2-1-0-0-1-0-2,0,29,0.48762311534443936,0.4639495093474881,30
3,0-1-2-2-1-0-0-1-1-0,0,31,0.4333398427287941,0.40783731089707,30
3,0-1-2-2-1-0-0-1-1-1,0,28,0.5145801845548159,0.42419230891315335,30
3,0-1-2-2-1-0-0-1-1-2,0,28,0.5488130509441804,0.4727078330137891,30
3,0-1-2-2-1-0-0-1-2-0,1,32,0.48762311534443936,0.455213887088616,30
3,0-1-2-2-1-0-0-1-2-1,1,29,0.5488130509441804,0.465580283875279,30
3,0-1-2-2-1-0-0-1-2-2,1,29,0.6039689834589764,0.5180768584654472,30
3,0-1-2-2-1-0-0-2-0-0,0,28,0.5089449812353085,0.47621929347728414,30
3,0-1-2-2-1-0-0-2-0-1,0,28,0.5349810870191833,0.47596155872646745,30
3,0-1-2-2-1-0-0-2-0-2,0,27,0.6176546467859352,0.534389292978494,30
3,0-1-2-2-1-0-0-2-1-0,0,29,0.5349810870191833,0.47539755976868964,30
3,0-1-2-2-1-0-0-2-1-1,0,27,0.5835788743224553,0.483613978118779,30
3,0-1-2-2-1-0-0-2-1-2,0,26,0.6498206806586615,0.5374499659041169,30
3,0-1-2-2-1-0-0-2-2-0,1,30,0.6176546467859352,0.5260582175098778,30
3,0-1-2-2-1-0-0-2-2-1,1,28,0.6498206806586615,0.5296738271438899,30
3,0-1-2-2-1-0-0-2-2-2,1,27,0.7287999046456625,0.5862161711111714,30
3,0-1-2-2-1-0-1-0-0-0,0,27,0.34617047164246956,0.4031173671684024,30
3,0-1-2-2-1-0-1-0-0-1,0,30,0.3892861756746461,0.40581007946266545,30
3,0-1-2-2-1-0-1-0-0-2,0,27,0.4589079788744122,0.462504289704776,30
3,0-1-2-2-1-0-1-0-1-0,0,26,0.3892861756746461,0.4047277738446983,30
3,0-1-2-2-1-0-1-0-1-1,0,28,0.4587300156401709,0.41726230346691623,30
3,0-1-2-2-1-0-1-0-1-2,0,26,0.505861788417181,0.46826669991585,30
3,0-1-2-2-1-0-1-0-2-0,1,27,0.4589079788744122,0.4539967111300336,30
3,0-1-2-2-1-0-1-0-2-1,1,30,0.505861788417181,0.4608185626077341,30
3,0-1-2-2-1-0-1-0-2-2,1,27,0.57318307743307,0.5154072856411164,30
3,0-1-2-2-1-0-1-1-0-0,0,29,0.4333398427287941,0.4078681879664003,30
3,0-1-2-2-1-0-1-1-0-1,0,31,0.5145801845548159,0.4242535482499239,30
3,0-1-2-2-1-0-1-1-0-2,0,29,0.5488130509441804,0.4727486306918321,30
3,0-1-2-2-1-0-1-1-1-0,0,28,0.5145801845548159,0.42131154209274485,30
3,0-1-2-2-1-0-1-1-1-1,0,29,0.607438789443298,0.44638893360022236,30
3,0-1-2-2-1-0-1-1-1-2,0,28,0.6259352975337956,0.48857010716255944,30
3,0-1-2-2-1-0-1-1-2-0,1,29,0.5488130509441804,0.46356106342922393,30
3,0-1-2-2-1-0-1-1-2-1,1,31,0.6259352975337956,0.4822717066359475,30
3,0-1-2-2-1-0-1-1-2-2,1,29,0.6646712571043837,0.5292907695078026,30
3,0-1-2-2-1-0-1-2-0-0,0,27,0.5349810870191833,0.47540698919427044,30
3,0-1-2-2-1-0-1-2-0-1,0,30,0.5835788743224553,0.4836509247783406,30
3,0-1-2-2-1-0-1-2-0-2,0,27,0.6498206806586615,0.5374707594132366,30
3,0-1-2-2-1-0-1-2-1-0,0,26,0.5835788743224553,0.4819084595146649,30
3,0-1-2-2-1-0-1-2-1-1,0,28,0.649695013976804,0.4982642121490382,30
3,0-1-2-2-1-0-1-2-1-2,0,26,0.7001545121405219,0.5469563970258857,30
3,0-1-2-2-1-0-1-2-2-0,1,27,0.6498206806586615,0.5286465784585528,30
3,0-1-2-2-1-0-1-2-2-1,1,30,0.7001545121405219,0.5398482579636417,30
3,0-1-2-2-1-0-1-2-2-2,1,27,0.7651854939155367,0.5919926239894687,30
3,0-1-2-2-1-0-2-0-0-0,0,27,0.4387216506079745,0.4565807352565569,30
3,0-1-2-2-1-0-2-0-0-1,0,28,0.4589079788744122,0.4544978171660446,30
3,0-1-2-2-1-0-2-0-0-2,0,27,0.5448202539566817,0.5137591702046611,30
3,0-1-2-2-1-0-2-0-1-0,0,26,0.4589079788744122,0.45416292253376567,30
3,0-1-2-2-1-0-2-0-1-1,0,27,0.505861788417181,0.4609677952940029,30
3,0-1-2-2-1-0-2-0-1-2,0,26,0.57318307743307,0.5155666808596495,30
3,0-1-2-2-1-0-2-0-2-0,1,27,0.5448202539566817,0.5055475611878949,30
3,0-1-2-2-1-0-2-0-2-1,1,28,0.57318307743307,0.5076841140616577,30
3,0-1-2-2-1-0-2-0-2-2,1,27,0.6544931635046153,0.5649654006021196,30
3,0-1-2-2-1-0-2-1-0-0,0,29,0.48762311534443936,0.45538949815140395,30
3,0-1-2-2-1-0-2-1-0-1,0,29,0.5488130509441804,0.4657663562289725,30
3,0-1-2-2-1-0-2-1-0-2,0,29,0.6039689834589764,0.5182569970314189,30
3,0-1-2-2-1-0-2-1-1-0,0,28,0.5488130509441804,0.46370635639448793,30
3,0-1-2-2-1-0-2-1-1-1,0,28,0.6259352975337956,0.4823974902727001,30
3,0-1-2-2-1-0-2-1-1-2,0,28,0.6646712571043837,0.5294306658594203,30
3,0-1-2-2-1-0-2-1-2-0,1,29,0.6039689834589764,0.5093279519236436,30
3,0-1-2-2-1-0-2-1-2-1,1,29,0.6646712571043837,0.5225286511046267,30
3,0-1-2-2-1-0-2-1-2-2,1,29,0.7203891537817187,0.5733678859586498,30
3,0-1-2-2-1-0-2-2-0-0,0,27,0.6176546467859352,0.5262255992370908,30
3,0-1-2-2-1-0-2-2-0-1,0,28,0.6498206806586615,0.5298526984711782,30
3,0-1-2-2-1-0-2-2-0-2,0,27,0.7287999046456625,0.5863892086501462,30
3,0-1-2-2-1-0-2-2-1-0,0,26,0.6498206806586615,0.5288046638012605,30
3,0-1-2-2-1-0-2-2-1-1,0,27,0.7001545121405219,0.5399906696742449,30
3,0-1-2-2-1-0-2-2-1-2,0,26,0.7651854939155367,0.5921451006578828,30
3,0-1-2-2-1-0-2-2-2-0,1,27,0.7287999046456625,0.5778163615242449,30
3,0-1-2-2-1-0-2-2-2-1,1,28,0.7651854939155367,0.5846065116607335,30
3,0-1-2-2-1-0-2-2-2-2,1,27,0.8414161329986567,0.6394808210310512,30
3,0-1-2-2-1-1-0-0-0-0,0,28,0.34617047164246956,0.40287494336959534,30
3,0-1-2-2-1-1-0-0-0-1,0,28,0.3892861756746461,0.40664646095624346,30
3,0-1-2-2-1-1-0-0-0-2,0,27,0.4589079788744122,0.4627659062029373,30
3,0-1-2-2-1-1-0-0-1-0,0,29,0.3892861756746461,0.40541473719041043,30
3,0-1-2-2-1-1-0-0-1-1,0,27,0.4587300156401709,0.4189740844454151,30
3,0-1-2-2-1-1-0-0-1-2,0,26,0.505861788417181,0.46932685638710403,30
3,0-1-2-2-1-1-0-0-2-0,1,30,0.4589079788744122,0.4541955382464301,30
3,0-1-2-2-1-1-0-0-2-1,1,28,0.505861788417181,0.4619623753320264,30
3,0-1-2-2-1-1-0-0-2-2,1,27,0.57318307743307,0.516006493180325,30
3,0-1-2-2-1-1-0-1-0-0,0,30,0.4333398427287941,0.40892700582820246,30
3,0-1-2-2-1-1-0-1-0-1,0,29,0.5145801845548159,0.42629898648219555,30
3,0-1-2-2-1-1-0-1-0-2,0,29,0.5488130509441804,0.47412399520364146,30
3,0-1-2-2-1-1-0-1-1-0,0,31,0.5145801845548159,0.42322592402735076,30
3,0-1-2-2-1-1-0-1-1-1,0,28,0.607438789443298,0.44917119524904375,30
3,0-1-2-2-1-1-0-1-1-2,0,28,0.6259352975337956,0.49066788619932045,30
3,0-1-2-2-1-1-0-1-2-0,1,32,0.5488130509441804,0.46489747453827285,30
3,0-1-2-2-1-1-0-1-2-1,1,29,0.6259352975337956,0.4844602322775866,30
3,0-1-2-2-1-1-0-1-2-2,1,29,0.6646712571043837,0.5308737878788415,30
3,0-1-2-2-1-1-0-2-0-0,0,28,0.5349810870191833,0.4757588971172353,30
3,0-1-2-2-1-1-0-2-0-1,0,28,0.5835788743224553,0.4848998403617636,30
3,0-1-2-2-1-1-0-2-0-2,0,27,0.6498206806586615,0.5381886265074027,30
3,0-1-2-2-1-1-0-2-1-0,0,29,0.5835788743224553,0.4830345909879112,30
3,0-1-2-2-1-1-0-2-1-1,0,27,0.649695013976804,0.5002287408576557,30
3,0-1-2-2-1-1-0-2-1-2,0,26,0.7001545121405219,0.5483478919926982,30
3,0-1-2-2-1-1-0-2-2-0,1,30,0.6498206806586615,0.5293183283159474,30
3,0-1-2-2-1-1-0-2-2-1,1,28,0.7001545121405219,0.5413148295900505,30
3,0-1-2-2-1-1-0-2-2-2,1,27,0.7651854939155367,0.5929615605580406,30
3,0-1-2-2-1-1-1-0-0-0,0,27,0.3892861756746461,0.4054373137995208,30
3,0-1-2-2-1-1-1-0-0-1,0,30,0.4587300156401709,0.41902787662995916,30
3,0-1-2-2-1-1-1-0-0-2,0,27,0.505861788417181,0.4693606185537633,30
3,0-1-2-2-1-1-1-0-1-0,0,26,0.4587300156401709,0.41645916748236095,30
3,0-1-2-2-1-1-1-0-1-1,0,28,0.5445204288827832,0.43905379424925106,30
3,0-1-2-2-1-1-1-0-1-2,0,26,0.5730406045214232,0.48313635555044093,30
3,0-1-2-2-1-1-1-0-2-0,1,27,0.505861788417181,0.4602909397331088,30
3,0-1-2-2-1-1-1-0-2-1,1,30,0.5730406045214232,0.4765870541870501,30
3,0-1-2-2-1-1-1-0-2-2,1,27,0.6224374192908751,0.5252739990910553,30
3,0-1-2-2-1-1-1-1-0-0,0,29,0.5145801845548159,0.4232858740468629,30
3,0-1-2-2-1-1-1-1-0-1,0,31,0.607438789443298,0.44925747929956966,30
3,0-1-2-2-1-1-1-1-0-2,0,29,0.6259352975337956,0.49073323586169465,30
3,0-1-2-2-1-1-1-1-1-0,0,28,0.607438789443298,0.44505702046346596,30
3,0-1-2-2-1-1-1-1-1-1,0,27,0.7073547688733205,0.47839539409919685,30
3,0-1-2-2-1-1-1-1-1-2,0,26,0.7138445195239655,0.5136014545557201,30
3,0-1-2-2-1-1-1-1-2-0,1,29,0.6259352975337956,0.48122994889716664,30
3,0-1-2-2-1-1-1-1-2-1,1,29,0.7138445195239655,0.5082382711886393,30
3,0-1-2-2-1-1-1-1-2-2,1,27,0.738902562321036,0.5489585516409813,30
3,0-1-2-2-1-1-1-2-0-0,0,27,0.5835788743224553,0.483070329698653,30
3,0-1-2-2-1-1-1-2-0-1,0,30,0.649695013976804,0.5002900080859893,30
3,0-1-2-2-1-1-1-2-0-2,0,27,0.7001545121405219,0.5483915789199456,30
3,0-1-2-2-1-1-1-2-1-0,0,26,0.649695013976804,0.49733164484359027,30
3,0-1-2-2-1-1-1-2-1-1,0,26,0.7285757952065065,0.5219166253443803,30
3,0-1-2-2-1-1-1-2-1-2,0,24,0.765078776514809,0.5646039943218939,30
3,0-1-2-2-1-1-1-2-2-0,1,27,0.7001545121405219,0.5391579311775482,30
3,0-1-2-2-1-1-1-2-2-1,1,28,0.765078776514809,0.5582893054263428,30
3,0-1-2-2-1-1-1-2-2-2,1,25,0.8167301566182181,0.6051385834991195,30
3,0-1-2-2-1-1-2-0-0-0,0,27,0.4589079788744122,0.45436775726112516,30
3,0-1-2-2-1-1-2-0-0-1,0,28,0.505861788417181,0.46214618242620686,30
3,0-1-2-2-1-1-2-0-0-2,0,27,0.57318307743307,0.5161840219787261,30
3,0-1-2-2-1-1-2-0-1-0,0,26,0.505861788417181,0.46044100033134244,30
3,0-1-2-2-1-1-2-0-1-1,0,27,0.5730406045214232,0.47671794592951994,30
3,0-1-2-2-1-1-2-0-1-2,0,26,0.6224374192908751,0.5254182386823065,30
3,0-1-2-2-1-1-2-0-2-0,1,27,0.57318307743307,0.5073867946935845,30
3,0-1-2-2-1-1-2-0-2-1,1,28,0.6224374192908751,0.5182980991363005,30
3,0-1-2-2-1-1-2-0-2-2,1,27,0.6882302790347936,0.5705806649629659,30
3,0-1-2-2-1-1-2-1-0-0,0,29,0.5488130509441804,0.4650831697257058,30
3,0-1-2-2-1-1-2-1-0-1,0,29,0.6259352975337956,0.48465224173799826,30
3,0-1-2-2-1-1-2-1-0-2,0,29,0.6646712571043837,0.5310616190737302,30
3,0-1-2-2-1-1-2-1-1-0,0,28,0.6259352975337956,0.48135663311811056,30
3,0-1-2-2-1-1-2-1-1-1,0,26,0.7138445195239655,0.5083450589893463,30
3,0-1-2-2-1-1-2-1-1-2,0,26,0.738902562321036,0.5490817988097637,30
3,0-1-2-2-1-1-2-1-2-0,1,29,0.6646712571043837,0.5217438587291374,30
3,0-1-2-2-1-1-2-1-2-1,1,27,0.738902562321036,0.5430143827076667,30
3,0-1-2-2-1-1-2-1-2-2,1,27,0.7807430849507424,0.5882735696129765,30
3,0-1-2-2-1-1-2-2-0-0,0,27,0.6498206806586615,0.5294967485034632,30
3,0-1-2-2-1-1-2-2-0-1,0,28,0.7001545121405219,0.5415016570166933,30
3,0-1-2-2-1-1-2-2-0-2,0,27,0.7651854939155367,0.5931434042036668,30
3,0-1-2-2-1-1-2-2-1-0,0,26,0.7001545121405219,0.5393010860288507,30
3,0-1-2-2-1-1-2-2-1-1,0,25,0.765078776514809,0.5584155704853725,30
3,0-1-2-2-1-1-2-2-1-2,0,24,0.8167301566182181,0.6052771908082555,30
3,0-1-2-2-1-1-2-2-2-0,1,27,0.7651854939155367,0.5841267882949179,30
3,0-1-2-2-1-1-2-2-2-1,1,26,0.8167301566182181,0.5984345141501126,30
3,0-1-2-2-1-1-2-2-2-2,1,25,0.8808691916110243,0.6486766884749534,30
3,0-1-2-2-1-2-0-0-0-0,0,29,0.4387216506079745,0.4617397586437721,30
3,0-1-2-2-1-2-0-0-0-1,0,29,0.4589079788744122,0.4601558001154896,30
3,0-1-2-2-1-2-0-0-0-2,0,28,0.5448202539566817,0.5191926783062772,30
3,0-1-2-2-1-2-0-0-1-0,0,30,0.4589079788744122,0.4597581560703509,30
3,0-1-2-2-1-2-0-0-1-1,0,28,0.505861788417181,0.4669500699574292,30
3,0-1-2-2-1-2-0-0-1-2,0,27,0.57318307743307,0.521342037067707,30
3,0-1-2-2-1-2-0-0-2-0,1,31,0.5448202539566817,0.5109480437927454,30
3,0-1-2-2-1-2-0-0-2-1,1,29,0.57318307743307,0.5134882512476906,30
3,0-1-2-2-1-2-0-0-2-2,1,28,0.6544931635046153,0.5705702288435589,30
3,0-1-2-2-1-2-0-1-0-0,0,31,0.48762311534443936,0.46113701484564795,30
3,0-1-2-2-1-2-0-1-0-1,0,30,0.5488130509441804,0.4718511499352505,30
3,0-1-2-2-1-2-0-1-0-2,0,30,0.6039689834589764,0.5241497703315958,30
3,0-1-2-2-1-2-0-1-1-0,0,32,0.5488130509441804,0.46975238302602235,30
3,0-1-2-2-1-2-0-1-1-1,0,29,0.6259352975337956,0.4886599151614659,30
3,0-1-2-2-1-2-0-1-1-2,0,29,0.6646712571043837,0.5355515490434106,30
3,0-1-2-2-1-2-0-1-2-0,1,33,0.6039689834589764,0.5152034976322611,30
3,0-1-2-2-1-2-0-1-2-1,1,30,0.6646712571043837,0.5286712875249032,30
3,0-1-2-2-1-2-0-1-2-2,1,30,0.7203891537817187,0.5793490565651642,30
3,0-1-2-2-1-2-0-2-0-0,0,29,0.6176546467859352,0.5317059782020324,30
3,0-1-2-2-1-2-0-2-0-1,0,29,0.6498206806586615,0.5357044014256094,30
3,0-1-2-2-1-2-0-2-0-2,0,28,0.7287999046456625,0.5920515900807649,30
3,0-1-2-2-1-2-0-2-1-0,0,30,0.6498206806586615,0.5346103285432446,30
3,0-1-2-2-1-2-0-2-1-1,0,28,0.7001545121405219,0.5460780273263405,30
3,0-1-2-2-1-2-0-2-1-2,0,27,0.7651854939155367,0.5980673594945294,30
3,0-1-2-2-1-2-0-2-2-0,1,31,0.7287999046456625,0.5834565481131183,30
3,0-1-2-2-1-2-0-2-2-1,1,29,0.7651854939155367,0.590552306771658,30
3,0-1-2-2-1-2-0-2-2-2,1,28,0.8414161329986567,0.6452599721739904,30
3,0-1-2-2-1-2-1-0-0-0,0,28,0.4589079788744122,0.45976416504684825,30
3,0-1-2-2-1-2-1-0-0-1,0,31,0.505861788417181,0.46698465166170205,30
3,0-1-2-2-1-2-1-0-0-2,0,28,0.57318307743307,0.521360173809902,30
3,0-1-2-2-1-2-1-0-1-0,0,27,0.505861788417181,0.46536327578037445,30
3,0-1-2-2-1-2-1-0-1-1,0,29,0.5730406045214232,0.48101934053002277,30
3,0-1-2-2-1-2-1-0-1-2,0,27,0.6224374192908751,0.5301498343536167,30
3,0-1-2-2-1-2-1-0-2-0,1,28,0.57318307743307,0.5125917995988206,30
3,0-1-2-2-1-2-1-0-2-1,1,31,0.6224374192908751,0.5229765343575118,30
3,0-1-2-2-1-2-1-0-2-2,1,28,0.6882302790347936,0.575594255081081,30
3,0-1-2-2-1-2-1-1-0-0,0,30,0.5488130509441804,0.4697927935331208,30
3,0-1-2-2-1-2-1-1-0-1,0,32,0.6259352975337956,0.4887261522048668,30
3,0-1-2-2-1-2-1-1-0-2,0,30,0.6646712571043837,0.5355994912366813,30
3,0-1-2-2-1-2-1-1-1-0,0,29,0.6259352975337956,0.4855215313212587,30
3,0-1-2-2-1-2-1-1-1-1,0,28,0.7138445195239655,0.5118634490392749,30
3,0-1-2-2-1-2-1-1-1-2,0,27,0.738902562321036,0.5531321981047018,30
3,0-1-2-2-1-2-1-1-2-0,1,30,0.6646712571043837,0.5263036511168443,30
3,0-1-2-2-1-2-1-1-2-1,1,30,0.738902562321036,0.5469972954398429,30
3,0-1-2-2-1-2-1-1-2-2,1,28,0.7807430849507424,0.5926905848997271,30
3,0-1-2-2-1-2-1-2-0-0,0,28,0.6498206806586615,0.5346306667482117,30
3,0-1-2-2-1-2-1-2-0-1,0,31,0.7001545121405219,0.5461224496735928,30
3,0-1-2-2-1-2-1-2-0-2,0,28,0.7651854939155367,0.5980967302773428,30
3,0-1-2-2-1-2-1-2-1-0,0,27,0.7001545121405219,0.5439970951944398,30
3,0-1-2-2-1-2-1-2-1-1,0,27,0.765078776514809,0.5625634807578237,30
3,0-1-2-2-1-2-1-2-1-2,0,25,0.8167301566182181,0.6098238381426724,30
3,0-1-2-2-1-2-1-2-2-0,1,28,0.7651854939155367,0.589103736976299,30
3,0-1-2-2-1-2-1-2-2-1,1,29,0.8167301566182181,0.6029307739496712,30
3,0-1-2-2-1-2-1-2-2-2,1,26,0.8808691916110243,0.653496757415653,30
3,0-1-2-2-1-2-2-0-0-0,0,28,0.5448202539566817,0.5111136431684825,30
3,0-1-2-2-1-2-2-0-0-1,0,29,0.57318307743307,0.5136660615418402,30
3,0-1-2-2-1-2-2-0-0-2,0,28,0.6544931635046153,0.5707419824108383,30
3,0-1-2-2-1-2-2-0-1-0,0,27,0.57318307743307,0.5127514801590208,30
3,0-1-2-2-1-2-2-0-1-1,0,28,0.6224374192908751,0.5231202510367331,30
3,0-1-2-2-1-2-2-0-1-2,0,27,0.6882302790347936,0.5757480870179441,30
3,0-1-2-2-1-2-2-0-2-0,1,28,0.6544931635046153,0.5622342826608837,30
3,0-1-2-2-1-2-2-0-2-1,1,29,0.6882302790347936,0.568142218280252,30
3,0-1-2-2-1-2-2-0-2-2,1,28,0.7662070624646796,0.6234915339802254,30
3,0-1-2-2-1-2-2-1-0-0,0,30,0.6039689834589764,0.5153834667549456,30
3,0-1-2-2-1-2-2-1-0-1,0,30,0.6646712571043837,0.5288593290452935,30
3,0-1-2-2-1-2-2-1-0-2,0,30,0.7203891537817187,0.5795322034547463,30
3,0-1-2-2-1-2-2-1-1-0,0,29,0.6646712571043837,0.5264437667156151,30
3,0-1-2-2-1-2-2-1-1-1,0,27,0.738902562321036,0.5471198787470058,30
3,0-1-2-2-1-2-2-1-1-2,0,27,0.7807430849507424,0.5928262996837718,30
3,0-1-2-2-1-2-2-1-2-0,1,30,0.7203891537817187,0.5704501283540229,30
3,0-1-2-2-1-2-2-1-2-1,1,28,0.7807430849507424,0.5861296325039999,30
3,0-1-2-2-1-2-2-1-2-2,1,28,0.8368526168542646,0.635433596899322,30
3,0-1-2-2-1-2-2-2-0-0,0,28,0.7287999046456625,0.5836293673406194,30
3,0-1-2-2-1-2-2-2-0-1,0,29,0.7651854939155367,0.5907343800328799,30
3,0-1-2-2-1-2-2-2-0-2,0,28,0.8414161329986567,0.6454369823946036,30
3,0-1-2-2-1-2-2-2-1-0,0,27,0.7651854939155367,0.5892564478758422,30
3,0-1-2-2-1-2-2-2-1-1,0,26,0.8167301566182181,0.6030688856061103,30
3,0-1-2-2-1-2-2-2-1-2,0,25,0.8808691916110243,0.6536446635824055,30
3,0-1-2-2-1-2-2-2-2-0,1,28,0.8414161329986567,0.6366627587080325,30
3,0-1-2-2-1-2-2-2-2-1,1,27,0.8808691916110243,0.6463326254355433,30
3,0-1-2-2-1-2-2-2-2-2,1,26,0.9549830816684233,0.6995928660574547,30
3,0-1-2-2-2-0-0-0-0-0,0,29,0.339564476714757,0.6100723185126933,30
3,0-1-2-2-2-0-0-0-0-1,0,29,0.34617047164246956,0.5932503378318685,30
3,0-1-2-2-2-0-0-0-0-2,0,28,0.4387216506079745,0.6586255285199913,30
3,0-1-2-2-2-0-0-0-1-0,0,29,0.34617047164246956,0.5951641147278185,30
3,0-1-2-2-2-0-0-0-1-1,0,27,0.3892861756746461,0.584895805314453,30
3,0-1-2-2-2-0-0-0-1-2,0,26,0.4589079788744122,0.6479831799582405,30
3,0-1-2-2-2-0-0-0-2-0,1,30,0.4387216506079745,0.6515808506618644,30
3,0-1-2-2-2-0-0-0-2-1,1,28,0.4589079788744122,0.6390444894666352,30
3,0-1-2-2-2-0-0-0-2-2,1,27,0.5448202539566817,0.703051924145397,30
3,0-1-2-2-2-0-0-1-0-0,0,31,0.37142138037488115,0.5906536830850811,30
3,0-1-2-2-2-0-0-1-0-1,0,30,0.4333398427287941,0.5831688507037133,30
3,0-1-2-2-2-0-0-1-0-2,0,30,0.48762311534443936,0.6451351247050722,30
3,0-1-2-2-2-0-0-1-1-0,0,31,0.4333398427287941,0.5837378354392813,30
3,0-1-2-2-2-0-0-1-1-1,0,28,0.5145801845548159,0.583171540547871,30
3,0-1-2-2-2-0-0-1-1-2,0,28,0.5488130509441804,0.6419812624647667,30
3,0-1-2-2-2-0-0-1-2-0,1,32,0.48762311534443936,0.6373100840597871,30
3,0-1-2-2-2-0-0-1-2-1,1,29,0.5488130509441804,0.633593563240404,30
3,0-1-2-2-2-0-0-1-2-2,1,29,0.6039689834589764,0.6939861303535334,30
3,0-1-2-2-2-0-0-2-0-0,0,29,0.5089449812353085,0.6693639335398939,30
3,0-1-2-2-2-0-0-2-0-1,0,29,0.5349810870191833,0.658432994183649,30
3,0-1-2-2-2-0-0-2-0-2,0,28,0.6176546467859352,0.7218752205843678,30
3,0-1-2-2-2-0-0-2-1-0,0,29,0.5349810870191833,0.6595476964836051,30
3,0-1-2-2-2-0-0-2-1-1,0,27,0.5835788743224553,0.6546862961258597,30
3,0-1-2-2-2-0-0-2-1-2,0,26,0.6498206806586615,0.7156266118254831,30
3,0-1-2-2-2-0-0-2-2-0,1,30,0.6176546467859352,0.7143272668706243,30
3,0-1-2-2-2-0-0-2-2-1,1,28,0.6498206806586615,0.7069737629832966,30
3,0-1-2-2-2-0-0-2-2-2,1,27,0.7287999046456625,0.7690541286912824,30
3,0-1-2-2-2-0-1-0-0-0,0,28,0.34617047164246956,0.5951240728924484,30
3,0-1-2-2-2-0-1-0-0-1,0,31,0.3892861756746461,0.5848779474532507,30
3,0-1-2-2-2-0-1-0-0-2,0,28,0.4589079788744122,0.6479567315942555,30
3,0-1-2-2-2-0-1-0-1-0,0,26,0.3892861756746461,0.5858418604055247,30
3,0-1-2-2-2-0-1-0-1-1,0,29,0.4587300156401709,0.5824476687024842,30
3,0-1-2-2-2-0-1-0-1-2,0,26,0.505861788417181,0.6426106708823631,30
3,0-1-2-2-2-0-1-0-2-0,1,27,0.4589079788744122,0.6403475619391311,30
3,0-1-2-2-2-0-1-0-2-1,1,30,0.505861788417181,0.6340481656851326,30
3,0-1-2-2-2-0-1-0-2-2,1,27,0.57318307743307,0.6955899036473464,30
3,0-1-2-2-2-0-1-1-0-0,0,30,0.4333398427287941,0.5837247992921802,30
3,0-1-2-2-2-0-1-1-0-1,0,32,0.5145801845548159,0.583181445312411,30
3,0-1-2-2-2-0-1-1-0-2,0,30,0.5488130509441804,0.6419798345543126,30
3,0-1-2-2-2-0-1-1-1-0,0,28,0.5145801845548159,0.5827681032049346,30
3,0-1-2-2-2-0-1-1-1-1,0,30,0.607438789443298,0.5891601387174586,30
3,0-1-2-2-2-0-1-1-1-2,0,28,0.6259352975337956,0.6442706370967286,30
3,0-1-2-2-2-0-1-1-2-0,1,29,0.5488130509441804,0.6336639314514634,30
3,0-1-2-2-2-0-1-1-2-1,1,31,0.6259352975337956,0.6363634652592511,30
3,0-1-2-2-2-0-1-1-2-2,1,29,0.6646712571043837,0.6935838051603661,30
3,0-1-2-2-2-0-1-2-0-0,0,28,0.5349810870191833,0.6595238613330704,30
3,0-1-2-2-2-0-1-2-0-1,0,31,0.5835788743224553,0.6546827305895483,30
3,0-1-2-2-2-0-1-2-0-2,0,28,0.6498206806586615,0.7156139972896299,30
3,0-1-2-2-2-0-1-2-1-0,0,26,0.5835788743224553,0.6549295730867013,30
3,0-1-2-2-2-0-1-2-1-1,0,29,0.649695013976804,0.6562739899314568,30
3,0-1-2-2-2-0-1-2-1-2,0,26,0.7001545121405219,0.7142317132408423,30
3,0-1-2-2-2-0-1-2-2-0,1,27,0.6498206806586615,0.7075945584514112,30
3,0-1-2-2-2-0-1-2-2-1,1,30,0.7001545121405219,0.7059676609171359,30
3,0-1-2-2-2-0-1-2-2-2,1,27,0.7651854939155367,0.7654716054118065,30
3,0-1-2-2-2-0-2-0-0-0,0,28,0.4387216506079745,0.651722104683336,30
3,0-1-2-2-2-0-2-0-0-1,0,29,0.4589079788744122,0.6391989847727226,30
3,0-1-2-2-2-0-2-0-0-2,0,28,0.5448202539566817,0.7032018746380873,30
3,0-1-2-2-2-0-2-0-1-0,0,26,0.4589079788744122,0.6405284991229349,30
3,0-1-2-2-2-0-2-0-1-1,0,27,0.505861788417181,0.6342203471056436,30
3,0-1-2-2-2-0-2-0-1-2,0,26,0.57318307743307,0.6957660943137306,30
3,0-1-2-2-2-0-2-0-2-0,1,27,0.5448202539566817,0.6957851726572492,30
3,0-1-2-2-2-0-2-0-2-1,1,28,0.57318307743307,0.687032147673994,30
3,0-1-2-2-2-0-2-0-2-2,1,27,0.6544931635046153,0.7496620781017553,30
3,0-1-2-2-2-0-2-1-0-0,0,30,0.48762311534443936,0.6374672235357959,30
3,0-1-2-2-2-0-2-1-0-1,0,30,0.5488130509441804,0.6337621849329476,30
3,0-1-2-2-2-0-2-1-0-2,0,30,0.6039689834589764,0.694149723494544,30
3,0-1-2-2-2-0-2-1-1-0,0,28,0.5488130509441804,0.6338339806884054,30
3,0-1-2-2-2-0-2-1-1-1,0,28,0.6259352975337956,0.6365222785860514,30
3,0-1-2-2-2-0-2-1-1-2,0,28,0.6646712571043837,0.6937488145335358,30
3,0-1-2-2-2-0-2-1-2-0,1,29,0.6039689834589764,0.6860486605247273,30
3,0-1-2-2-2-0-2-1-2-1,1,29,0.6646712571043837,0.6855766446011567,30
3,0-1-2-2-2-0-2-1-2-2,1,29,0.7203891537817187,0.7444912304691101,30
3,0-1-2-2-2-0-2-2-0-0,0,28,0.6176546467859352,0.7144788192014546,30
3,0-1-2-2-2-0-2-2-0-1,0,29,0.6498206806586615,0.7071363562090269,30
3,0-1-2-2-2-0-2-2-0-2,0,28,0.7287999046456625,0.7692123006141368,30
3,0-1-2-2-2-0-2-2-1-0,0,26,0.6498206806586615,0.7077697636321029,30
3,0-1-2-2-2-0-2-2-1-1,0,27,0.7001545121405219,0.7061337915646291,30
3,0-1-2-2-2-0-2-2-1-2,0,26,0.7651854939155367,0.7656423079262874,30
3,0-1-2-2-2-0-2-2-2-0,1,27,0.7287999046456625,0.7613811695736749,30
3,0-1-2-2-2-0-2-2-2-1,1,28,0.7651854939155367,0.7571827082103186,30
3,0-1-2-2-2-0-2-2-2-2,1,27,0.8414161329986567,0.8179449344561569,30
3,0-1-2-2-2-1-0-0-0-0,0,29,0.34617047164246956,0.5938491243373799,30
3,0-1-2-2-2-1-0-0-0-1,0,29,0.3892861756746461,0.5843297434580726,30
3,0-1-2-2-2-1-0-0-0-2,0,28,0.4589079788744122,0.6471240252260174,30
3,0-1-2-2-2-1-0-0-1-0,0,29,0.3892861756746461,0.5851894869793861,30
3,0-1-2-2-2-1-0-0-1-1,0,27,0.4587300156401709,0.5825429189143255,30
3,0-1-2-2-2-1-0-0-1-2,0,26,0.505861788417181,0.6423565849790194,30
3,0-1-2-2-2-1-0-0-2-0,1,30,0.4589079788744122,0.639456867494105,30
3,0-1-2-2-2-1-0-0-2-1,1,28,0.505861788417181,0.6338391570778331,30
3,0-1-2-2-2-1-0-0-2-2,1,27,0.57318307743307,0.6950847840561214,30
3,0-1-2-2-2-1-0-1-0-0,0,31,0.4333398427287941,0.5833343729862202,30
3,0-1-2-2-2-1-0-1-0-1,0,30,0.5145801845548159,0.5835407979633267,30
3,0-1-2-2-2-1-0-1-0-2,0,30,0.5488130509441804,0.6419656650002005,30
3,0-1-2-2-2-1-0-1-1-0,0,31,0.5145801845548159,0.5830222478081107,30
3,0-1-2-2-2-1-0-1-1-1,0,28,0.607438789443298,0.5901532544281974,30
3,0-1-2-2-2-1-0-1-1-2,0,28,0.6259352975337956,0.6448398179528043,30
3,0-1-2-2-2-1-0-1-2-0,1,32,0.5488130509441804,0.6336010514392022,30
3,0-1-2-2-2-1-0-1-2-1,1,29,0.6259352975337956,0.6369879823133028,30
3,0-1-2-2-2-1-0-1-2-2,1,29,0.6646712571043837,0.6938416727246259,30
3,0-1-2-2-2-1-0-2-0-0,0,29,0.5349810870191833,0.6587761065316781,30
3,0-1-2-2-2-1-0-2-0-1,0,29,0.5835788743224553,0.6545980659412411,30
3,0-1-2-2-2-1-0-2-0-2,0,28,0.6498206806586615,0.7152307918793993,30
3,0-1-2-2-2-1-0-2-1-0,0,29,0.5835788743224553,0.6547510294001047,30
3,0-1-2-2-2-1-0-2-1-1,0,27,0.649695013976804,0.6567622324631607,30
3,0-1-2-2-2-1-0-2-1-2,0,26,0.7001545121405219,0.7143742455199187,30
3,0-1-2-2-2-1-0-2-2-0,1,30,0.6498206806586615,0.7071635305805924,30
3,0-1-2-2-2-1-0-2-2-1,1,28,0.7001545121405219,0.7061554031701844,30
3,0-1-2-2-2-1-0-2-2-2,1,27,0.7651854939155367,0.7653590243742641,30
3,0-1-2-2-2-1-1-0-0-0,0,28,0.3892861756746461,0.5851706043122089,30
3,0-1-2-2-2-1-1-0-0-1,0,31,0.4587300156401709,0.5825469290310249,30
3,0-1-2-2-2-1-1-0-0-2,0,28,0.505861788417181,0.6423498023499308,30
3,0-1-2-2-2-1-1-0-1-0,0,26,0.4587300156401709,0.5824264099172144,30
3,0-1-2-2-2-1-1-0-1-1,0,29,0.5445204288827832,0.5867553676226052,30
3,0-1-2-2-2-1-1-0-1-2,0,26,0.5730406045214232,0.6430176361836393,30
3,0-1-2-2-2-1-1-0-2-0,1,27,0.505861788417181,0.634173403630051,30
3,0-1-2-2-2-1-1-0-2-1,1,30,0.5730406045214232,0.6349604076557424,30
3,0-1-2-2-2-1-1-0-2-2,1,27,0.6224374192908751,0.6931735629639408,30
3,0-1-2-2-2-1-1-1-0-0,0,30,0.5145801845548159,0.5830311175470405,30
3,0-1-2-2-2-1-1-1-0-1,0,32,0.607438789443298,0.5901846981813901,30
3,0-1-2-2-2-1-1-1-0-2,0,30,0.6259352975337956,0.6448582163852012,30
3,0-1-2-2-2-1-1-1-1-0,0,28,0.607438789443298,0.5886995569755099,30
3,0-1-2-2-2-1-1-1-1-1,0,28,0.7073547688733205,0.6025652764763253,30
3,0-1-2-2-2-1-1-1-1-2,0,26,0.7138445195239655,0.6531052967483684,30
3,0-1-2-2-2-1-1-1-2-0,1,29,0.6259352975337956,0.6360814040021092,30
3,0-1-2-2-2-1-1-1-2-1,1,29,0.7138445195239655,0.6457977791095776,30
3,0-1-2-2-2-1-1-1-2-2,1,27,0.738902562321036,0.6990289248816303,30
3,0-1-2-2-2-1-1-2-0-0,0,28,0.5835788743224553,0.6547465403000771,30
3,0-1-2-2-2-1-1-2-0-1,0,31,0.649695013976804,0.6567781384841881,30
3,0-1-2-2-2-1-1-2-0-2,0,28,0.7001545121405219,0.7143795000066457,30
3,0-1-2-2-2-1-1-2-1-0,0,26,0.649695013976804,0.6560578614889051,30
3,0-1-2-2-2-1-1-2-1-1,0,27,0.7285757952065065,0.6642299743836856,30
3,0-1-2-2-2-1-1-2-1-2,0,24,0.765078776514809,0.7184145604471563,30
3,0-1-2-2-2-1-1-2-2-0,1,27,0.7001545121405219,0.7058968049882358,30
3,0-1-2-2-2-1-1-2-2-1,1,28,0.765078776514809,0.7106457032127156,30
3,0-1-2-2-2-1-1-2-2-2,1,25,0.8167301566182181,0.7668509551274912,30
3,0-1-2-2-2-1-2-0-0-0,0,28,0.4589079788744122,0.6396107903020375,30
3,0-1-2-2-2-1-2-0-0-1,0,29,0.505861788417181,0.6340050004248623,30
3,0-1-2-2-2-1-2-0-0-2,0,28,0.57318307743307,0.6952456446308062,30
3,0-1-2-2-2-1-2-0-1-0,0,26,0.505861788417181,0.6343460278721927,30
3,0-1-2-2-2-1-2-0-1-1,0,27,0.5730406045214232,0.6351222800868215,30
3,0-1-2-2-2-1-2-0-1-2,0,26,0.6224374192908751,0.693341150827497,30
3,0-1-2-2-2-1-2-0-2-0,1,27,0.57318307743307,0.687281746886175,30
3,0-1-2-2-2-1-2-0-2-1,1,28,0.6224374192908751,0.6850394894764141,30
3,0-1-2-2-2-1-2-0-2-2,1,27,0.6882302790347936,0.7448125891811592,30
3,0-1-2-2-2-1-2-1-0-0,0,30,0.5488130509441804,0.6337691938906397,30
3,0-1-2-2-2-1-2-1-0-1,0,30,0.6259352975337956,0.6371657352562751,30
3,0-1-2-2-2-1-2-1-0-2,0,30,0.6646712571043837,0.6940145079287409,30
3,0-1-2-2-2-1-2-1-1-0,0,28,0.6259352975337956,0.6362407631300389,30
3,0-1-2-2-2-1-2-1-1-1,0,26,0.7138445195239655,0.6459443798197287,30
3,0-1-2-2-2-1-2-1-1-2,0,26,0.738902562321036,0.6991835093917302,30
3,0-1-2-2-2-1-2-1-2-0,1,29,0.6646712571043837,0.6854492150593233,30
3,0-1-2-2-2-1-2-1-2-1,1,27,0.738902562321036,0.6915344781943858,30
3,0-1-2-2-2-1-2-1-2-2,1,27,0.7807430849507424,0.7469661455573103,30
3,0-1-2-2-2-1-2-2-0-0,0,28,0.6498206806586615,0.7073256525658054,30
3,0-1-2-2-2-1-2-2-0-1,0,29,0.7001545121405219,0.7063272322755565,30
3,0-1-2-2-2-1-2-2-0-2,0,28,0.7651854939155367,0.7655263076158102,30
3,0-1-2-2-2-1-2-2-1-0,0,26,0.7001545121405219,0.7060633806908624,30
3,0-1-2-2-2-1-2-2-1-1,0,25,0.765078776514809,0.7108017500833382,30
3,0-1-2-2-2-1-2-2-1-2,0,24,0.8167301566182181,0.7670130191027557,30
3,0-1-2-2-2-1-2-2-2-0,1,27,0.7651854939155367,0.7572382800986945,30
3,0-1-2-2-2-1-2-2-2-1,1,26,0.8167301566182181,0.7589867707473532,30
3,0-1-2-2-2-1-2-2-2-2,1,25,0.8808691916110243,0.8168572775054429,30
3,0-1-2-2-2-2-0-0-0-0,0,30,0.4387216506079745,0.656353431148159,30
3,0-1-2-2-2-2-0-0-0-1,0,30,0.4589079788744122,0.6442599821871599,30
3,0-1-2-2-2-2-0-0-0-2,0,29,0.5448202539566817,0.7081143387010863,30
3,0-1-2-2-2-2-0-0-1-0,0,30,0.4589079788744122,0.6455314461740579,30
3,0-1-2-2-2-2-0-0-1-1,0,28,0.505861788417181,0.6396147247835453,30
3,0-1-2-2-2-2-0-0-1-2,0,27,0.57318307743307,0.7009989038079495,30
3,0-1-2-2-2-2-0-0-2-0,1,31,0.5448202539566817,0.7006618737054103,30
3,0-1-2-2-2-2-0-0-2-1,1,29,0.57318307743307,0.6922865623269567,30
3,0-1-2-2-2-2-0-0-2-2,1,28,0.6544931635046153,0.7547702971441134,30
3,0-1-2-2-2-2-0-1-0-0,0,32,0.48762311534443936,0.6426139591221911,30
3,0-1-2-2-2-2-0-1-0-1,0,31,0.5488130509441804,0.6392810055785179,30
3,0-1-2-2-2-2-0-1-0-2,0,31,0.6039689834589764,0.6995048200951052,30
3,0-1-2-2-2-2-0-1-1-0,0,32,0.5488130509441804,0.6393040899410686,30
3,0-1-2-2-2-2-0-1-1-1,0,29,0.6259352975337956,0.6423101066795408,30
3,0-1-2-2-2-2-0-1-1-2,0,29,0.6646712571043837,0.6993758198130865,30
3,0-1-2-2-2-2-0-1-2-0,1,33,0.6039689834589764,0.691377562487855,30
3,0-1-2-2-2-2-0-1-2-1,1,30,0.6646712571043837,0.6912256958423149,30
3,0-1-2-2-2-2-0-1-2-2,1,30,0.7203891537817187,0.7499881844947675,30
3,0-1-2-2-2-2-0-2-0-0,0,30,0.6176546467859352,0.7194430741851247,30
3,0-1-2-2-2-2-0-2-0-1,0,30,0.6498206806586615,0.7124588674753468,30
3,0-1-2-2-2-2-0-2-0-2,0,29,0.7287999046456625,0.7743906202001699,30
3,0-1-2-2-2-2-0-2-1-0,0,30,0.6498206806586615,0.7130444286165399,30
3,0-1-2-2-2-2-0-2-1-1,0,28,0.7001545121405219,0.7117279734034067,30
3,0-1-2-2-2-2-0-2-1-2,0,27,0.7651854939155367,0.7710884371383153,30
3,0-1-2-2-2-2-0-2-2-0,1,31,0.7287999046456625,0.7665321710237797,30
3,0-1-2-2-2-2-0-2-2-1,1,29,0.7651854939155367,0.7626489330694699,30
3,0-1-2-2-2-2-0-2-2-2,1,28,0.8414161329986567,0.823273414466914,30
3,0-1-2-2-2-2-1-0-0-0,0,29,0.4589079788744122,0.6455044287824089,30
3,0-1-2-2-2-2-1-0-0-1,0,32,0.505861788417181,0.6396083859709789,30
3,0-1-2-2-2-2-1-0-0-2,0,29,0.57318307743307,0.7009835722406401,30
3,0-1-2-2-2-2-1-0-1-0,0,27,0.505861788417181,0.6399944707732472,30
3,0-1-2-2-2-2-1-0-1-1,0,30,0.5730406045214232,0.6404224328828173,30
3,0-1-2-2-2-2-1-0-1-2,0,27,0.6224374192908751,0.6988257641502166,30
3,0-1-2-2-2-2-1-0-2-0,1,28,0.57318307743307,0.6930412463004109,30
3,0-1-2-2-2-2-1-0-2-1,1,31,0.6224374192908751,0.6905009876506941,30
3,0-1-2-2-2-2-1-0-2-2,1,28,0.6882302790347936,0.7504220280213614,30
3,0-1-2-2-2-2-1-1-0-0,0,31,0.5488130509441804,0.6393021829327047,30
3,0-1-2-2-2-2-1-1-0-1,0,33,0.6259352975337956,0.6423290484604939,30
3,0-1-2-2-2-2-1-1-0-2,0,31,0.6646712571043837,0.699383646405561,30
3,0-1-2-2-2-2-1-1-1-0,0,29,0.6259352975337956,0.6414594559925182,30
3,0-1-2-2-2-2-1-1-1-1,0,29,0.7138445195239655,0.6507492675127501,30
3,0-1-2-2-2-2-1-1-1-2,0,27,0.738902562321036,0.7042463791071244,30
3,0-1-2-2-2-2-1-1-2-0,1,30,0.6646712571043837,0.6908404167150181,30
3,0-1-2-2-2-2-1-1-2-1,1,30,0.738902562321036,0.6965646644834079,30
3,0-1-2-2-2-2-1-1-2-2,1,28,0.7807430849507424,0.7522072421989292,30
3,0-1-2-2-2-2-1-2-0-0,0,29,0.6498206806586615,0.7130313442014498,30
3,0-1-2-2-2-2-1-2-0-1,0,32,0.7001545121405219,0.7117336723971234,30
3,0-1-2-2-2-2-1-2-0-2,0,29,0.7651854939155367,0.7710850175915861,30
3,0-1-2-2-2-2-1-2-1-0,0,27,0.7001545121405219,0.7115150396336586,30
3,0-1-2-2-2-2-1-2-1-1,0,28,0.765078776514809,0.71591188307471,30
3,0-1-2-2-2-2-1-2-1-2,0,25,0.8167301566182181,0.7723176698817901,30
3,0-1-2-2-2-2-1-2-2-0,1,28,0.7651854939155367,0.7628170795457586,30
3,0-1-2-2-2-2-1-2-2-1,1,29,0.8167301566182181,0.7642666710665528,30
3,0-1-2-2-2-2-1-2-2-2,1,26,0.8808691916110243,0.8222976063930454,30
3,0-1-2-2-2-2-2-0-0-0,0,29,0.5448202539566817,0.7008114724029458,30
3,0-1-2-2-2-2-2-0-0-1,0,30,0.57318307743307,0.6924476361421509,30
3,0-1-2-2-2-2-2-0-0-2,0,29,0.6544931635046153,0.7549269048752725,30
3,0-1-2-2-2-2-2-0-1-0,0,27,0.57318307743307,0.6932176484212602,30
3,0-1-2-2-2-2-2-0-1-1,0,28,0.6224374192908751,0.6906683481400395,30
3,0-1-2-2-2-2-2-0-1-2,0,27,0.6882302790347936,0.7505938615402717,30
3,0-1-2-2-2-2-2-0-2-0,1,28,0.6544931635046153,0.7471746035291985,30
3,0-1-2-2-2-2-2-0-2-1,1,29,0.6882302790347936,0.742077773654853,30
3,0-1-2-2-2-2-2-0-2-2,1,28,0.7662070624646796,0.8032265247764856,30
3,0-1-2-2-2-2-2-1-0-0,0,31,0.6039689834589764,0.6915408979614739,30
3,0-1-2-2-2-2-2-1-0-1,0,31,0.6646712571043837,0.691398747516637,30
3,0-1-2-2-2-2-2-1-0-2,0,31,0.7203891537817187,0.7501566024436552,30
3,0-1-2-2-2-2-2-1-1-0,0,29,0.6646712571043837,0.6910056434802468,30
3,0-1-2-2-2-2-2-1-1-1,0,27,0.738902562321036,0.6967189274939244,30
3,0-1-2-2-2-2-2-1-1-2,0,27,0.7807430849507424,0.7523678880735521,30
3,0-1-2-2-2-2-2-1-2-0,1,30,0.7203891537817187,0.7418119577287274,30
3,0-1-2-2-2-2-2-1-2-1,1,28,0.7807430849507424,0.7444131381093438,30
3,0-1-2-2-2-2-2-1-2-2,1,28,0.8368526168542646,0.801820519417092,30
3,0-1-2-2-2-2-2-2-0-0,0,29,0.7287999046456625,0.7666900742220731,30
3,0-1-2-2-2-2-2-2-0-1,0,30,0.7651854939155367,0.7628164141137685,30
3,0-1-2-2-2-2-2-2-0-2,0,29,0.8414161329986567,0.823436692970727,30
3,0-1-2-2-2-2-2-2-1-0,0,27,0.7651854939155367,0.7629879795319849,30
3,0-1-2-2-2-2-2-2-1-1,0,26,0.8167301566182181,0.764428491576264,30
3,0-1-2-2-2-2-2-2-1-2,0,25,0.8808691916110243,0.8224642845598102,30
3,0-1-2-2-2-2-2-2-2-0,1,28,0.8414161329986567,0.8153482910726859,30
3,0-1-2-2-2-2-2-2-2-1,1,27,0.8808691916110243,0.8142054854471015,30
3,0-1-2-2-2-2-2-2-2-2,1,26,0.9549830816684233,0.8735858305098532,30
